<?xml version="1.0" encoding="UTF-8"?>
<alto xmlns:xsi="http://www.w3.org/2001/XMLSchema-instance" xsi:noNamespaceSchemaLocation="http://www.bl.uk/schemas/alto/alto-1-4.xsd" xmlns:xlink="http://www.w3.org/1999/xlink">
	<Description>
		<MeasurementUnit>mm10</MeasurementUnit>
		<sourceImageInformation>
			<fileName>//head1/IN/2008-15/A0011390163/004867.jp2</fileName>
		</sourceImageInformation>
		<OCRProcessing ID="OCRPROCESSING_1">
			<preProcessingStep>
				<processingSoftware>
					<softwareCreator>CCS Content Conversion Specialists GmbH, Germany</softwareCreator>
					<softwareName>CCS docWORKS</softwareName>
					<softwareVersion>6.1-0.67</softwareVersion>
				</processingSoftware>
			</preProcessingStep>
			<ocrProcessingStep>
				<processingSoftware>
					<softwareCreator>ABBYY (BIT Software), Russia</softwareCreator>
					<softwareName>Finereader</softwareName>
				</processingSoftware>
			</ocrProcessingStep>
		</OCRProcessing>
	</Description>
	<Styles>
		<TextStyle ID="TXT_0" FONTSIZE="10" FONTFAMILY="Courier New"/>
		<TextStyle ID="TXT_1" FONTSIZE="9" FONTFAMILY="Courier New"/>
		<ParagraphStyle ID="PAR_RIGHT" ALIGN="Right"/>
		<ParagraphStyle ID="PAR_LEFT" ALIGN="Left"/>
	</Styles>
	<Layout>
		<Page ID="P105" PHYSICAL_IMG_NR="105" HEIGHT="1595" WIDTH="960" PRINTED_IMG_NR="67" POSITION="Right" ACCURACY="78.69">
			<TopMargin ID="P105_TM00001" HPOS="0" VPOS="0" WIDTH="960" HEIGHT="80">
				<TextBlock ID="P105_TB00001" HPOS="811" VPOS="54" WIDTH="33" HEIGHT="24" STYLEREFS="TXT_0 PAR_RIGHT">
					<TextLine ID="P105_TL00001" HPOS="813" VPOS="54" WIDTH="31" HEIGHT="24">
						<String ID="P105_ST00001" HPOS="813" VPOS="54" WIDTH="31" HEIGHT="24" CONTENT="67" WC="0.43" CC="47"/>
					</TextLine>
				</TextBlock>
				<TextBlock ID="P105_TB00002" HPOS="391" VPOS="60" WIDTH="101" HEIGHT="17" STYLEREFS="TXT_1 PAR_LEFT">
					<TextLine ID="P105_TL00002" HPOS="392" VPOS="60" WIDTH="100" HEIGHT="17">
						<String ID="P105_ST00002" HPOS="392" VPOS="60" WIDTH="100" HEIGHT="17" CONTENT="CHINA" WC="0.54" CC="73308"/>
					</TextLine>
				</TextBlock>
			</TopMargin>
			<LeftMargin ID="P105_LM00001" HPOS="0" VPOS="80" WIDTH="34" HEIGHT="1372"/>
			<RightMargin ID="P105_RM00001" HPOS="850" VPOS="80" WIDTH="110" HEIGHT="1372"/>
			<BottomMargin ID="P105_BM00001" HPOS="0" VPOS="1452" WIDTH="960" HEIGHT="143"/>
			<PrintSpace ID="P105_PS00001" HPOS="34" VPOS="80" WIDTH="816" HEIGHT="1372">
				<TextBlock ID="P105_TB00003" HPOS="37" VPOS="119" WIDTH="811" HEIGHT="683" STYLEREFS="TXT_1 PAR_LEFT">
					<TextLine ID="P105_TL00003" HPOS="37" VPOS="120" WIDTH="809" HEIGHT="38">
						<String ID="P105_ST00003" HPOS="37" VPOS="120" WIDTH="54" HEIGHT="26" CONTENT="and" WC="0.51" CC="940"/>
						<SP ID="P105_SP00001" HPOS="91" VPOS="146" WIDTH="19"/>
						<String ID="P105_ST00004" HPOS="110" VPOS="120" WIDTH="121" HEIGHT="35" CONTENT="superior" WC="1.00" CC="00000000"/>
						<SP ID="P105_SP00002" HPOS="231" VPOS="155" WIDTH="14"/>
						<String ID="P105_ST00005" HPOS="245" VPOS="125" WIDTH="28" HEIGHT="23" CONTENT="to" WC="0.68" CC="06"/>
						<SP ID="P105_SP00003" HPOS="273" VPOS="155" WIDTH="21"/>
						<String ID="P105_ST00006" HPOS="294" VPOS="121" WIDTH="46" HEIGHT="27" CONTENT="the" WC="0.81" CC="050"/>
						<SP ID="P105_SP00004" HPOS="340" VPOS="155" WIDTH="23"/>
						<String ID="P105_ST00007" HPOS="363" VPOS="121" WIDTH="126" HEIGHT="37" CONTENT="ordinary" WC="0.88" CC="01021300"/>
						<SP ID="P105_SP00005" HPOS="489" VPOS="158" WIDTH="13"/>
						<String ID="P105_ST00008" HPOS="502" VPOS="122" WIDTH="134" HEIGHT="27" CONTENT="influence" WC="0.87" CC="360000100"/>
						<SP ID="P105_SP00006" HPOS="636" VPOS="158" WIDTH="24"/>
						<String ID="P105_ST00009" HPOS="660" VPOS="122" WIDTH="30" HEIGHT="27" CONTENT="of" WC="1.00" CC="00"/>
						<SP ID="P105_SP00007" HPOS="690" VPOS="158" WIDTH="15"/>
						<String ID="P105_ST00010" HPOS="705" VPOS="122" WIDTH="71" HEIGHT="27" CONTENT="wind" WC="0.75" CC="9000"/>
						<SP ID="P105_SP00008" HPOS="776" VPOS="158" WIDTH="17"/>
						<String ID="P105_ST00011" HPOS="793" VPOS="124" WIDTH="53" HEIGHT="25" CONTENT="and" WC="0.79" CC="060"/>
					</TextLine>
					<TextLine ID="P105_TL00004" HPOS="39" VPOS="165" WIDTH="808" HEIGHT="39">
						<String ID="P105_ST00012" HPOS="39" VPOS="165" WIDTH="65" HEIGHT="33" CONTENT="tide," WC="0.95" CC="00002"/>
						<SP ID="P105_SP00009" HPOS="104" VPOS="198" WIDTH="20"/>
						<String ID="P105_ST00013" HPOS="124" VPOS="167" WIDTH="100" HEIGHT="26" CONTENT="extend" WC="0.94" CC="003000"/>
						<SP ID="P105_SP00010" HPOS="224" VPOS="198" WIDTH="15"/>
						<String ID="P105_ST00014" HPOS="239" VPOS="167" WIDTH="27" HEIGHT="26" CONTENT="in" WC="0.72" CC="05"/>
						<SP ID="P105_SP00011" HPOS="266" VPOS="198" WIDTH="23"/>
						<String ID="P105_ST00015" HPOS="289" VPOS="177" WIDTH="73" HEIGHT="17" CONTENT="some" WC="0.95" CC="1000"/>
						<SP ID="P105_SP00012" HPOS="362" VPOS="198" WIDTH="22"/>
						<String ID="P105_ST00016" HPOS="384" VPOS="169" WIDTH="91" HEIGHT="35" CONTENT="places" WC="0.80" CC="060005"/>
						<SP ID="P105_SP00013" HPOS="475" VPOS="204" WIDTH="23"/>
						<String ID="P105_ST00017" HPOS="498" VPOS="178" WIDTH="15" HEIGHT="17" CONTENT="a" WC="1.00" CC="0"/>
						<SP ID="P105_SP00014" HPOS="513" VPOS="204" WIDTH="13"/>
						<String ID="P105_ST00018" HPOS="526" VPOS="169" WIDTH="184" HEIGHT="27" CONTENT="considerable" WC="0.89" CC="003410000010"/>
						<SP ID="P105_SP00015" HPOS="710" VPOS="204" WIDTH="14"/>
						<String ID="P105_ST00019" HPOS="724" VPOS="170" WIDTH="123" HEIGHT="27" CONTENT="distance" WC="0.82" CC="04200700"/>
					</TextLine>
					<TextLine ID="P105_TL00005" HPOS="39" VPOS="213" WIDTH="809" HEIGHT="38">
						<String ID="P105_ST00020" HPOS="39" VPOS="213" WIDTH="68" HEIGHT="27" CONTENT="from" WC="0.93" CC="0200"/>
						<SP ID="P105_SP00016" HPOS="107" VPOS="240" WIDTH="18"/>
						<String ID="P105_ST00021" HPOS="125" VPOS="214" WIDTH="47" HEIGHT="27" CONTENT="the" WC="0.85" CC="040"/>
						<SP ID="P105_SP00017" HPOS="172" VPOS="241" WIDTH="23"/>
						<String ID="P105_ST00022" HPOS="195" VPOS="214" WIDTH="79" HEIGHT="28" CONTENT="shore" WC="0.95" CC="02000"/>
						<SP ID="P105_SP00018" HPOS="274" VPOS="242" WIDTH="21"/>
						<String ID="P105_ST00023" HPOS="295" VPOS="215" WIDTH="123" HEIGHT="36" CONTENT="opposite" WC="0.97" CC="00000200"/>
						<SP ID="P105_SP00019" HPOS="418" VPOS="251" WIDTH="23"/>
						<String ID="P105_ST00024" HPOS="441" VPOS="220" WIDTH="29" HEIGHT="23" CONTENT="to" WC="0.76" CC="40"/>
						<SP ID="P105_SP00020" HPOS="470" VPOS="251" WIDTH="24"/>
						<String ID="P105_ST00025" HPOS="494" VPOS="215" WIDTH="118" HEIGHT="28" CONTENT="Canton." WC="0.80" CC="0270040"/>
						<SP ID="P105_SP00021" HPOS="612" VPOS="251" WIDTH="40"/>
						<String ID="P105_ST00026" HPOS="652" VPOS="216" WIDTH="128" HEIGHT="27" CONTENT="Between" WC="0.70" CC="6008005"/>
						<SP ID="P105_SP00022" HPOS="780" VPOS="251" WIDTH="23"/>
						<String ID="P105_ST00027" HPOS="803" VPOS="216" WIDTH="45" HEIGHT="28" CONTENT="the" WC="0.68" CC="270"/>
					</TextLine>
					<TextLine ID="P105_TL00006" HPOS="39" VPOS="260" WIDTH="809" HEIGHT="36">
						<String ID="P105_ST00028" HPOS="39" VPOS="260" WIDTH="121" HEIGHT="36" CONTENT="villages," WC="0.66" CC="004109373"/>
						<SP ID="P105_SP00023" HPOS="160" VPOS="296" WIDTH="25"/>
						<String ID="P105_ST00029" HPOS="185" VPOS="270" WIDTH="30" HEIGHT="17" CONTENT="as" WC="0.80" CC="03"/>
						<SP ID="P105_SP00024" HPOS="215" VPOS="296" WIDTH="25"/>
						<String ID="P105_ST00030" HPOS="240" VPOS="262" WIDTH="50" HEIGHT="26" CONTENT="has" WC="0.59" CC="740"/>
						<SP ID="P105_SP00025" HPOS="290" VPOS="296" WIDTH="26"/>
						<String ID="P105_ST00031" HPOS="316" VPOS="263" WIDTH="68" HEIGHT="26" CONTENT="been" WC="0.81" CC="2004"/>
						<SP ID="P105_SP00026" HPOS="384" VPOS="296" WIDTH="25"/>
						<String ID="P105_ST00032" HPOS="409" VPOS="263" WIDTH="98" HEIGHT="32" CONTENT="stated," WC="0.95" CC="0000003"/>
						<SP ID="P105_SP00027" HPOS="507" VPOS="296" WIDTH="33"/>
						<String ID="P105_ST00033" HPOS="540" VPOS="263" WIDTH="47" HEIGHT="27" CONTENT="the" WC="0.82" CC="050"/>
						<SP ID="P105_SP00028" HPOS="587" VPOS="296" WIDTH="31"/>
						<String ID="P105_ST00034" HPOS="618" VPOS="264" WIDTH="78" HEIGHT="26" CONTENT="boats" WC="0.91" CC="00004"/>
						<SP ID="P105_SP00029" HPOS="696" VPOS="296" WIDTH="32"/>
						<String ID="P105_ST00035" HPOS="728" VPOS="273" WIDTH="43" HEIGHT="17" CONTENT="are" WC="0.60" CC="650"/>
						<SP ID="P105_SP00030" HPOS="771" VPOS="296" WIDTH="26"/>
						<String ID="P105_ST00036" HPOS="797" VPOS="264" WIDTH="51" HEIGHT="27" CONTENT="less" WC="0.77" CC="2006"/>
					</TextLine>
					<TextLine ID="P105_TL00007" HPOS="39" VPOS="309" WIDTH="809" HEIGHT="36">
						<String ID="P105_ST00037" HPOS="39" VPOS="316" WIDTH="162" HEIGHT="26" CONTENT="numerous;" WC="0.72" CC="203030347"/>
						<SP ID="P105_SP00031" HPOS="201" VPOS="342" WIDTH="26"/>
						<String ID="P105_ST00038" HPOS="227" VPOS="309" WIDTH="60" HEIGHT="31" CONTENT="but," WC="0.83" CC="2003"/>
						<SP ID="P105_SP00032" HPOS="287" VPOS="342" WIDTH="22"/>
						<String ID="P105_ST00039" HPOS="309" VPOS="318" WIDTH="30" HEIGHT="17" CONTENT="as" WC="1.00" CC="00"/>
						<SP ID="P105_SP00033" HPOS="339" VPOS="342" WIDTH="23"/>
						<String ID="P105_ST00040" HPOS="362" VPOS="309" WIDTH="90" HEIGHT="35" CONTENT="might" WC="0.66" CC="50055"/>
						<SP ID="P105_SP00034" HPOS="452" VPOS="344" WIDTH="26"/>
						<String ID="P105_ST00041" HPOS="478" VPOS="309" WIDTH="32" HEIGHT="27" CONTENT="be" WC="1.00" CC="00"/>
						<SP ID="P105_SP00035" HPOS="510" VPOS="344" WIDTH="25"/>
						<String ID="P105_ST00042" HPOS="535" VPOS="310" WIDTH="145" HEIGHT="35" CONTENT="supposed," WC="0.86" CC="020406000"/>
						<SP ID="P105_SP00036" HPOS="680" VPOS="345" WIDTH="27"/>
						<String ID="P105_ST00043" HPOS="707" VPOS="309" WIDTH="75" HEIGHT="27" CONTENT="there" WC="0.88" CC="00050"/>
						<SP ID="P105_SP00037" HPOS="782" VPOS="345" WIDTH="23"/>
						<String ID="P105_ST00044" HPOS="805" VPOS="319" WIDTH="43" HEIGHT="17" CONTENT="are" WC="1.00" CC="000"/>
					</TextLine>
					<TextLine ID="P105_TL00008" HPOS="38" VPOS="354" WIDTH="810" HEIGHT="38">
						<String ID="P105_ST00045" HPOS="38" VPOS="354" WIDTH="129" HEIGHT="27" CONTENT="numbers" WC="0.81" CC="0050015"/>
						<SP ID="P105_SP00038" HPOS="167" VPOS="381" WIDTH="23"/>
						<String ID="P105_ST00046" HPOS="190" VPOS="356" WIDTH="157" HEIGHT="35" CONTENT="constantly" WC="0.70" CC="0060275330"/>
						<SP ID="P105_SP00039" HPOS="347" VPOS="391" WIDTH="15"/>
						<String ID="P105_ST00047" HPOS="362" VPOS="356" WIDTH="120" HEIGHT="36" CONTENT="passing," WC="0.75" CC="01524600"/>
						<SP ID="P105_SP00040" HPOS="482" VPOS="392" WIDTH="23"/>
						<String ID="P105_ST00048" HPOS="505" VPOS="357" WIDTH="106" HEIGHT="26" CONTENT="besides" WC="0.92" CC="0004001"/>
						<SP ID="P105_SP00041" HPOS="611" VPOS="392" WIDTH="20"/>
						<String ID="P105_ST00049" HPOS="631" VPOS="366" WIDTH="81" HEIGHT="26" CONTENT="many" WC="0.59" CC="0429"/>
						<SP ID="P105_SP00042" HPOS="712" VPOS="392" WIDTH="14"/>
						<String ID="P105_ST00050" HPOS="726" VPOS="358" WIDTH="122" HEIGHT="34" CONTENT="engaged" WC="0.98" CC="0100000"/>
					</TextLine>
					<TextLine ID="P105_TL00009" HPOS="38" VPOS="401" WIDTH="810" HEIGHT="38">
						<String ID="P105_ST00051" HPOS="38" VPOS="401" WIDTH="28" HEIGHT="26" CONTENT="in" WC="0.68" CC="23"/>
						<SP ID="P105_SP00043" HPOS="66" VPOS="427" WIDTH="14"/>
						<String ID="P105_ST00052" HPOS="80" VPOS="401" WIDTH="112" HEIGHT="35" CONTENT="fishing," WC="0.81" CC="56000003"/>
						<SP ID="P105_SP00044" HPOS="192" VPOS="436" WIDTH="21"/>
						<String ID="P105_ST00053" HPOS="213" VPOS="411" WIDTH="28" HEIGHT="17" CONTENT="or" WC="0.63" CC="33"/>
						<SP ID="P105_SP00045" HPOS="241" VPOS="436" WIDTH="14"/>
						<String ID="P105_ST00054" HPOS="255" VPOS="402" WIDTH="134" HEIGHT="27" CONTENT="whatever" WC="0.93" CC="02000300"/>
						<SP ID="P105_SP00046" HPOS="389" VPOS="436" WIDTH="17"/>
						<String ID="P105_ST00055" HPOS="406" VPOS="403" WIDTH="186" HEIGHT="35" CONTENT="employment" WC="0.76" CC="0800080024"/>
						<SP ID="P105_SP00047" HPOS="592" VPOS="438" WIDTH="20"/>
						<String ID="P105_ST00056" HPOS="612" VPOS="413" WIDTH="62" HEIGHT="26" CONTENT="may" WC="0.52" CC="607"/>
						<SP ID="P105_SP00048" HPOS="674" VPOS="439" WIDTH="13"/>
						<String ID="P105_ST00057" HPOS="687" VPOS="403" WIDTH="67" HEIGHT="27" CONTENT="offer" WC="0.96" CC="00001"/>
						<SP ID="P105_SP00049" HPOS="754" VPOS="439" WIDTH="13"/>
						<String ID="P105_ST00058" HPOS="767" VPOS="403" WIDTH="81" HEIGHT="36" CONTENT="along" WC="0.54" CC="05069"/>
					</TextLine>
					<TextLine ID="P105_TL00010" HPOS="39" VPOS="448" WIDTH="809" HEIGHT="28">
						<String ID="P105_ST00059" HPOS="39" VPOS="448" WIDTH="47" HEIGHT="26" CONTENT="the" WC="0.66" CC="360"/>
						<SP ID="P105_SP00050" HPOS="86" VPOS="474" WIDTH="22"/>
						<String ID="P105_ST00060" HPOS="108" VPOS="448" WIDTH="90" HEIGHT="27" CONTENT="shore." WC="0.83" CC="370000"/>
						<SP ID="P105_SP00051" HPOS="198" VPOS="475" WIDTH="32"/>
						<String ID="P105_ST00061" HPOS="230" VPOS="449" WIDTH="82" HEIGHT="26" CONTENT="Their" WC="0.75" CC="06050"/>
						<SP ID="P105_SP00052" HPOS="312" VPOS="475" WIDTH="16"/>
						<String ID="P105_ST00062" HPOS="328" VPOS="450" WIDTH="100" HEIGHT="25" CONTENT="vessels" WC="0.78" CC="0046040"/>
						<SP ID="P105_SP00053" HPOS="428" VPOS="475" WIDTH="21"/>
						<String ID="P105_ST00063" HPOS="449" VPOS="450" WIDTH="30" HEIGHT="26" CONTENT="of" WC="1.00" CC="00"/>
						<SP ID="P105_SP00054" HPOS="479" VPOS="476" WIDTH="16"/>
						<String ID="P105_ST00064" HPOS="495" VPOS="459" WIDTH="54" HEIGHT="17" CONTENT="war" WC="0.90" CC="011"/>
						<SP ID="P105_SP00055" HPOS="549" VPOS="476" WIDTH="20"/>
						<String ID="P105_ST00065" HPOS="569" VPOS="450" WIDTH="118" HEIGHT="26" CONTENT="indicate" WC="0.74" CC="46000404"/>
						<SP ID="P105_SP00056" HPOS="687" VPOS="476" WIDTH="22"/>
						<String ID="P105_ST00066" HPOS="709" VPOS="450" WIDTH="86" HEIGHT="26" CONTENT="either" WC="0.78" CC="030603"/>
						<SP ID="P105_SP00057" HPOS="795" VPOS="476" WIDTH="19"/>
						<String ID="P105_ST00067" HPOS="814" VPOS="459" WIDTH="34" HEIGHT="17" CONTENT="an" WC="1.00" CC="00"/>
					</TextLine>
					<TextLine ID="P105_TL00011" HPOS="40" VPOS="496" WIDTH="808" HEIGHT="35">
						<String ID="P105_ST00068" HPOS="40" VPOS="496" WIDTH="131" HEIGHT="27" CONTENT="amicable" WC="0.81" CC="02204050"/>
						<SP ID="P105_SP00058" HPOS="171" VPOS="523" WIDTH="20"/>
						<String ID="P105_ST00069" HPOS="191" VPOS="496" WIDTH="172" HEIGHT="34" CONTENT="disposition," WC="0.67" CC="417701150064"/>
						<SP ID="P105_SP00059" HPOS="363" VPOS="530" WIDTH="24"/>
						<String ID="P105_ST00070" HPOS="387" VPOS="506" WIDTH="16" HEIGHT="16" CONTENT="a" WC="0.34" CC="6"/>
						<SP ID="P105_SP00060" HPOS="403" VPOS="530" WIDTH="21"/>
						<String ID="P105_ST00071" HPOS="424" VPOS="496" WIDTH="116" HEIGHT="33" CONTENT="friendly" WC="0.69" CC="04104048"/>
						<SP ID="P105_SP00061" HPOS="540" VPOS="530" WIDTH="20"/>
						<String ID="P105_ST00072" HPOS="560" VPOS="496" WIDTH="235" HEIGHT="35" CONTENT="neighbourhood," WC="0.85" CC="50006011040000"/>
						<SP ID="P105_SP00062" HPOS="795" VPOS="531" WIDTH="26"/>
						<String ID="P105_ST00073" HPOS="821" VPOS="505" WIDTH="27" HEIGHT="18" CONTENT="or" WC="0.39" CC="29"/>
					</TextLine>
					<TextLine ID="P105_TL00012" HPOS="40" VPOS="541" WIDTH="808" HEIGHT="37">
						<String ID="P105_ST00074" HPOS="40" VPOS="552" WIDTH="15" HEIGHT="16" CONTENT="a" WC="1.00" CC="0"/>
						<SP ID="P105_SP00063" HPOS="55" VPOS="568" WIDTH="14"/>
						<String ID="P105_ST00075" HPOS="69" VPOS="546" WIDTH="77" HEIGHT="32" CONTENT="great" WC="0.62" CC="90080"/>
						<SP ID="P105_SP00064" HPOS="146" VPOS="578" WIDTH="12"/>
						<String ID="P105_ST00076" HPOS="158" VPOS="542" WIDTH="150" HEIGHT="35" CONTENT="deficiency" WC="0.81" CC="0066020200"/>
						<SP ID="P105_SP00065" HPOS="308" VPOS="578" WIDTH="11"/>
						<String ID="P105_ST00077" HPOS="319" VPOS="542" WIDTH="32" HEIGHT="26" CONTENT="of" WC="0.84" CC="02"/>
						<SP ID="P105_SP00066" HPOS="351" VPOS="578" WIDTH="9"/>
						<String ID="P105_ST00078" HPOS="360" VPOS="541" WIDTH="62" HEIGHT="27" CONTENT="skill" WC="0.83" CC="00070"/>
						<SP ID="P105_SP00067" HPOS="422" VPOS="578" WIDTH="14"/>
						<String ID="P105_ST00079" HPOS="436" VPOS="541" WIDTH="28" HEIGHT="27" CONTENT="in" WC="1.00" CC="00"/>
						<SP ID="P105_SP00068" HPOS="464" VPOS="578" WIDTH="14"/>
						<String ID="P105_ST00080" HPOS="478" VPOS="542" WIDTH="77" HEIGHT="26" CONTENT="naval" WC="0.68" CC="35050"/>
						<SP ID="P105_SP00069" HPOS="555" VPOS="578" WIDTH="15"/>
						<String ID="P105_ST00081" HPOS="570" VPOS="542" WIDTH="189" HEIGHT="26" CONTENT="architecture." WC="0.87" CC="0500500040000"/>
						<SP ID="P105_SP00070" HPOS="759" VPOS="578" WIDTH="32"/>
						<String ID="P105_ST00082" HPOS="791" VPOS="541" WIDTH="57" HEIGHT="27" CONTENT="The" WC="1.00" CC="000"/>
					</TextLine>
					<TextLine ID="P105_TL00013" HPOS="40" VPOS="588" WIDTH="808" HEIGHT="36">
						<String ID="P105_ST00083" HPOS="40" VPOS="589" WIDTH="125" HEIGHT="35" CONTENT="strength" WC="0.79" CC="50006005"/>
						<SP ID="P105_SP00071" HPOS="165" VPOS="624" WIDTH="26"/>
						<String ID="P105_ST00084" HPOS="191" VPOS="588" WIDTH="33" HEIGHT="27" CONTENT="of" WC="0.83" CC="30"/>
						<SP ID="P105_SP00072" HPOS="224" VPOS="624" WIDTH="23"/>
						<String ID="P105_ST00085" HPOS="247" VPOS="588" WIDTH="71" HEIGHT="27" CONTENT="their" WC="0.71" CC="02333"/>
						<SP ID="P105_SP00073" HPOS="318" VPOS="624" WIDTH="27"/>
						<String ID="P105_ST00086" HPOS="345" VPOS="588" WIDTH="136" HEIGHT="27" CONTENT="materials" WC="0.73" CC="006074040"/>
						<SP ID="P105_SP00074" HPOS="481" VPOS="624" WIDTH="26"/>
						<String ID="P105_ST00087" HPOS="507" VPOS="589" WIDTH="89" HEIGHT="26" CONTENT="would" WC="0.94" CC="00020"/>
						<SP ID="P105_SP00075" HPOS="596" VPOS="624" WIDTH="27"/>
						<String ID="P105_ST00088" HPOS="623" VPOS="588" WIDTH="60" HEIGHT="36" CONTENT="give" WC="0.92" CC="0300"/>
						<SP ID="P105_SP00076" HPOS="683" VPOS="624" WIDTH="30"/>
						<String ID="P105_ST00089" HPOS="713" VPOS="589" WIDTH="74" HEIGHT="26" CONTENT="them" WC="0.72" CC="0045"/>
						<SP ID="P105_SP00077" HPOS="787" VPOS="624" WIDTH="27"/>
						<String ID="P105_ST00090" HPOS="814" VPOS="598" WIDTH="34" HEIGHT="16" CONTENT="an" WC="1.00" CC="00"/>
					</TextLine>
					<TextLine ID="P105_TL00014" HPOS="41" VPOS="635" WIDTH="807" HEIGHT="36">
						<String ID="P105_ST00091" HPOS="41" VPOS="635" WIDTH="154" HEIGHT="36" CONTENT="advantage" WC="0.69" CC="308064040"/>
						<SP ID="P105_SP00078" HPOS="195" VPOS="671" WIDTH="12"/>
						<String ID="P105_ST00092" HPOS="207" VPOS="635" WIDTH="29" HEIGHT="26" CONTENT="in" WC="1.00" CC="00"/>
						<SP ID="P105_SP00079" HPOS="236" VPOS="671" WIDTH="13"/>
						<String ID="P105_ST00093" HPOS="249" VPOS="635" WIDTH="137" HEIGHT="27" CONTENT="defensive" WC="0.96" CC="000020100"/>
						<SP ID="P105_SP00080" HPOS="386" VPOS="671" WIDTH="15"/>
						<String ID="P105_ST00094" HPOS="401" VPOS="635" WIDTH="110" HEIGHT="26" CONTENT="warfare" WC="0.71" CC="9030070"/>
						<String ID="P105_ST00095" HPOS="521" VPOS="645" WIDTH="6" HEIGHT="22" CONTENT=";" WC="1.00" CC="0"/>
						<SP ID="P105_SP00081" HPOS="527" VPOS="671" WIDTH="28"/>
						<String ID="P105_ST00096" HPOS="555" VPOS="635" WIDTH="50" HEIGHT="26" CONTENT="but" WC="0.82" CC="050"/>
						<SP ID="P105_SP00082" HPOS="605" VPOS="671" WIDTH="24"/>
						<String ID="P105_ST00097" HPOS="629" VPOS="635" WIDTH="65" HEIGHT="35" CONTENT="they" WC="0.85" CC="1300"/>
						<SP ID="P105_SP00083" HPOS="694" VPOS="671" WIDTH="21"/>
						<String ID="P105_ST00098" HPOS="715" VPOS="643" WIDTH="43" HEIGHT="18" CONTENT="are" WC="1.00" CC="000"/>
						<SP ID="P105_SP00084" HPOS="758" VPOS="671" WIDTH="20"/>
						<String ID="P105_ST00099" HPOS="778" VPOS="635" WIDTH="70" HEIGHT="26" CONTENT="built" WC="0.75" CC="00416"/>
					</TextLine>
					<TextLine ID="P105_TL00015" HPOS="39" VPOS="681" WIDTH="809" HEIGHT="36">
						<String ID="P105_ST00100" HPOS="39" VPOS="691" WIDTH="35" HEIGHT="17" CONTENT="on" WC="0.91" CC="01"/>
						<SP ID="P105_SP00085" HPOS="74" VPOS="708" WIDTH="21"/>
						<String ID="P105_ST00101" HPOS="95" VPOS="691" WIDTH="35" HEIGHT="16" CONTENT="an" WC="1.00" CC="00"/>
						<SP ID="P105_SP00086" HPOS="130" VPOS="708" WIDTH="21"/>
						<String ID="P105_ST00102" HPOS="151" VPOS="681" WIDTH="161" HEIGHT="36" CONTENT="antiquated" WC="0.85" CC="9400000000"/>
						<SP ID="P105_SP00087" HPOS="312" VPOS="717" WIDTH="21"/>
						<String ID="P105_ST00103" HPOS="333" VPOS="682" WIDTH="53" HEIGHT="25" CONTENT="and" WC="0.90" CC="110"/>
						<SP ID="P105_SP00088" HPOS="386" VPOS="717" WIDTH="20"/>
						<String ID="P105_ST00104" HPOS="406" VPOS="682" WIDTH="107" HEIGHT="35" CONTENT="clumsy" WC="0.66" CC="003357"/>
						<SP ID="P105_SP00089" HPOS="513" VPOS="717" WIDTH="14"/>
						<String ID="P105_ST00105" HPOS="527" VPOS="681" WIDTH="74" HEIGHT="36" CONTENT="plan," WC="0.76" CC="02062"/>
						<SP ID="P105_SP00090" HPOS="601" VPOS="717" WIDTH="23"/>
						<String ID="P105_ST00106" HPOS="624" VPOS="681" WIDTH="53" HEIGHT="26" CONTENT="and" WC="0.97" CC="000"/>
						<SP ID="P105_SP00091" HPOS="677" VPOS="717" WIDTH="21"/>
						<String ID="P105_ST00107" HPOS="698" VPOS="681" WIDTH="150" HEIGHT="26" CONTENT="calculated" WC="0.85" CC="0010552000"/>
					</TextLine>
					<TextLine ID="P105_TL00016" HPOS="39" VPOS="728" WIDTH="809" HEIGHT="32">
						<String ID="P105_ST00108" HPOS="39" VPOS="728" WIDTH="106" HEIGHT="28" CONTENT="neither" WC="0.87" CC="0010700"/>
						<SP ID="P105_SP00092" HPOS="145" VPOS="756" WIDTH="21"/>
						<String ID="P105_ST00109" HPOS="166" VPOS="733" WIDTH="29" HEIGHT="22" CONTENT="to" WC="1.00" CC="00"/>
						<SP ID="P105_SP00093" HPOS="195" VPOS="756" WIDTH="23"/>
						<String ID="P105_ST00110" HPOS="218" VPOS="728" WIDTH="118" HEIGHT="27" CONTENT="contend" WC="0.90" CC="0010050"/>
						<SP ID="P105_SP00094" HPOS="336" VPOS="756" WIDTH="22"/>
						<String ID="P105_ST00111" HPOS="358" VPOS="728" WIDTH="64" HEIGHT="27" CONTENT="with" WC="0.69" CC="9300"/>
						<SP ID="P105_SP00095" HPOS="422" VPOS="756" WIDTH="22"/>
						<String ID="P105_ST00112" HPOS="444" VPOS="738" WIDTH="16" HEIGHT="17" CONTENT="a" WC="0.16" CC="8"/>
						<SP ID="P105_SP00096" HPOS="460" VPOS="756" WIDTH="22"/>
						<String ID="P105_ST00113" HPOS="482" VPOS="728" WIDTH="170" HEIGHT="27" CONTENT="tumultuous" WC="0.87" CC="0101005103"/>
						<SP ID="P105_SP00097" HPOS="652" VPOS="756" WIDTH="20"/>
						<String ID="P105_ST00114" HPOS="672" VPOS="737" WIDTH="55" HEIGHT="23" CONTENT="sea," WC="0.63" CC="6034"/>
						<SP ID="P105_SP00098" HPOS="727" VPOS="760" WIDTH="24"/>
						<String ID="P105_ST00115" HPOS="751" VPOS="737" WIDTH="49" HEIGHT="18" CONTENT="nor" WC="0.63" CC="604"/>
						<SP ID="P105_SP00099" HPOS="800" VPOS="760" WIDTH="20"/>
						<String ID="P105_ST00116" HPOS="820" VPOS="733" WIDTH="28" HEIGHT="22" CONTENT="to" WC="0.85" CC="20"/>
					</TextLine>
					<TextLine ID="P105_TL00017" HPOS="41" VPOS="774" WIDTH="345" HEIGHT="28">
						<String ID="P105_ST00117" HPOS="41" VPOS="776" WIDTH="126" HEIGHT="26" CONTENT="confront" WC="0.84" CC="00200054"/>
						<SP ID="P105_SP00100" HPOS="167" VPOS="802" WIDTH="13"/>
						<String ID="P105_ST00118" HPOS="180" VPOS="785" WIDTH="16" HEIGHT="16" CONTENT="a" WC="1.00" CC="0"/>
						<SP ID="P105_SP00101" HPOS="196" VPOS="802" WIDTH="13"/>
						<String ID="P105_ST00119" HPOS="209" VPOS="775" WIDTH="110" HEIGHT="26" CONTENT="modern" WC="0.75" CC="500062"/>
						<SP ID="P105_SP00102" HPOS="319" VPOS="802" WIDTH="15"/>
						<String ID="P105_ST00120" HPOS="334" VPOS="774" WIDTH="52" HEIGHT="27" CONTENT="foe." WC="1.00" CC="0000"/>
					</TextLine>
				</TextBlock>
				<TextBlock ID="P105_TB00004" HPOS="35" VPOS="821" WIDTH="815" HEIGHT="506" STYLEREFS="TXT_1 PAR_LEFT">
					<TextLine ID="P105_TL00018" HPOS="76" VPOS="821" WIDTH="773" HEIGHT="35">
						<String ID="P105_ST00121" HPOS="76" VPOS="822" WIDTH="115" HEIGHT="28" CONTENT="Besides" WC="0.80" CC="4040004"/>
						<SP ID="P105_SP00103" HPOS="191" VPOS="850" WIDTH="27"/>
						<String ID="P105_ST00122" HPOS="218" VPOS="822" WIDTH="87" HEIGHT="32" CONTENT="these," WC="0.86" CC="000304"/>
						<SP ID="P105_SP00104" HPOS="305" VPOS="854" WIDTH="33"/>
						<String ID="P105_ST00123" HPOS="338" VPOS="831" WIDTH="16" HEIGHT="17" CONTENT="a" WC="0.85" CC="1"/>
						<SP ID="P105_SP00105" HPOS="354" VPOS="854" WIDTH="30"/>
						<String ID="P105_ST00124" HPOS="384" VPOS="822" WIDTH="113" HEIGHT="26" CONTENT="number" WC="0.67" CC="637002"/>
						<SP ID="P105_SP00106" HPOS="497" VPOS="854" WIDTH="27"/>
						<String ID="P105_ST00125" HPOS="524" VPOS="822" WIDTH="31" HEIGHT="26" CONTENT="of" WC="1.00" CC="00"/>
						<SP ID="P105_SP00107" HPOS="555" VPOS="854" WIDTH="28"/>
						<String ID="P105_ST00126" HPOS="583" VPOS="821" WIDTH="108" HEIGHT="35" CONTENT="galliots" WC="0.70" CC="06646000"/>
						<SP ID="P105_SP00108" HPOS="691" VPOS="856" WIDTH="33"/>
						<String ID="P105_ST00127" HPOS="724" VPOS="830" WIDTH="43" HEIGHT="18" CONTENT="are" WC="0.76" CC="070"/>
						<SP ID="P105_SP00109" HPOS="767" VPOS="856" WIDTH="27"/>
						<String ID="P105_ST00128" HPOS="794" VPOS="830" WIDTH="55" HEIGHT="18" CONTENT="em" SUBS_TYPE="HypPart1" SUBS_CONTENT="employed" WC="0.85" CC="040"/>
						<HYP CONTENT="-"/>
					</TextLine>
					<TextLine ID="P105_TL00019" HPOS="38" VPOS="867" WIDTH="810" HEIGHT="38">
						<String ID="P105_ST00129" HPOS="38" VPOS="869" WIDTH="98" HEIGHT="36" CONTENT="ployed" SUBS_TYPE="HypPart2" SUBS_CONTENT="employed" WC="0.67" CC="060840"/>
						<SP ID="P105_SP00110" HPOS="136" VPOS="905" WIDTH="27"/>
						<String ID="P105_ST00130" HPOS="163" VPOS="869" WIDTH="37" HEIGHT="36" CONTENT="by" WC="1.00" CC="00"/>
						<SP ID="P105_SP00111" HPOS="200" VPOS="905" WIDTH="19"/>
						<String ID="P105_ST00131" HPOS="219" VPOS="872" WIDTH="186" HEIGHT="32" CONTENT="government," WC="0.74" CC="03900350303"/>
						<SP ID="P105_SP00112" HPOS="405" VPOS="905" WIDTH="28"/>
						<String ID="P105_ST00132" HPOS="433" VPOS="872" WIDTH="29" HEIGHT="22" CONTENT="to" WC="1.00" CC="00"/>
						<SP ID="P105_SP00113" HPOS="462" VPOS="905" WIDTH="27"/>
						<String ID="P105_ST00133" HPOS="489" VPOS="867" WIDTH="98" HEIGHT="27" CONTENT="defend" WC="0.91" CC="000050"/>
						<SP ID="P105_SP00114" HPOS="587" VPOS="905" WIDTH="25"/>
						<String ID="P105_ST00134" HPOS="612" VPOS="867" WIDTH="45" HEIGHT="27" CONTENT="the" WC="0.69" CC="540"/>
						<SP ID="P105_SP00115" HPOS="657" VPOS="905" WIDTH="24"/>
						<String ID="P105_ST00135" HPOS="681" VPOS="868" WIDTH="85" HEIGHT="32" CONTENT="trade," WC="0.52" CC="068903"/>
						<SP ID="P105_SP00116" HPOS="766" VPOS="905" WIDTH="29"/>
						<String ID="P105_ST00136" HPOS="795" VPOS="868" WIDTH="53" HEIGHT="26" CONTENT="and" WC="0.74" CC="600"/>
					</TextLine>
					<TextLine ID="P105_TL00020" HPOS="37" VPOS="914" WIDTH="811" HEIGHT="39">
						<String ID="P105_ST00137" HPOS="37" VPOS="920" WIDTH="113" HEIGHT="33" CONTENT="prevent" WC="0.91" CC="0600000"/>
						<SP ID="P105_SP00117" HPOS="150" VPOS="953" WIDTH="19"/>
						<String ID="P105_ST00138" HPOS="169" VPOS="920" WIDTH="47" HEIGHT="22" CONTENT="the" WC="0.72" CC="080"/>
						<SP ID="P105_SP00118" HPOS="216" VPOS="953" WIDTH="13"/>
						<String ID="P105_ST00139" HPOS="229" VPOS="915" WIDTH="190" HEIGHT="36" CONTENT="depredations" WC="0.91" CC="002000000044"/>
						<SP ID="P105_SP00119" HPOS="419" VPOS="953" WIDTH="20"/>
						<String ID="P105_ST00140" HPOS="439" VPOS="914" WIDTH="31" HEIGHT="27" CONTENT="of" WC="0.89" CC="20"/>
						<SP ID="P105_SP00120" HPOS="470" VPOS="953" WIDTH="17"/>
						<String ID="P105_ST00141" HPOS="487" VPOS="914" WIDTH="46" HEIGHT="26" CONTENT="the" WC="0.70" CC="260"/>
						<SP ID="P105_SP00121" HPOS="533" VPOS="953" WIDTH="14"/>
						<String ID="P105_ST00142" HPOS="547" VPOS="914" WIDTH="129" HEIGHT="31" CONTENT="ladrones," WC="0.79" CC="620000351"/>
						<SP ID="P105_SP00122" HPOS="676" VPOS="953" WIDTH="21"/>
						<String ID="P105_ST00143" HPOS="697" VPOS="923" WIDTH="29" HEIGHT="17" CONTENT="or" WC="0.81" CC="12"/>
						<SP ID="P105_SP00123" HPOS="726" VPOS="953" WIDTH="14"/>
						<String ID="P105_ST00144" HPOS="740" VPOS="914" WIDTH="108" HEIGHT="35" CONTENT="pirates," WC="0.80" CC="41003040"/>
					</TextLine>
					<TextLine ID="P105_TL00021" HPOS="38" VPOS="960" WIDTH="809" HEIGHT="39">
						<String ID="P105_ST00145" HPOS="38" VPOS="964" WIDTH="36" HEIGHT="35" CONTENT="by" WC="1.00" CC="00"/>
						<SP ID="P105_SP00124" HPOS="74" VPOS="999" WIDTH="14"/>
						<String ID="P105_ST00146" HPOS="88" VPOS="963" WIDTH="91" HEIGHT="26" CONTENT="whom" WC="0.73" CC="0406"/>
						<SP ID="P105_SP00125" HPOS="179" VPOS="999" WIDTH="13"/>
						<String ID="P105_ST00147" HPOS="192" VPOS="961" WIDTH="47" HEIGHT="27" CONTENT="the" WC="0.76" CC="070"/>
						<SP ID="P105_SP00126" HPOS="239" VPOS="999" WIDTH="13"/>
						<String ID="P105_ST00148" HPOS="252" VPOS="962" WIDTH="82" HEIGHT="26" CONTENT="rivers" WC="0.67" CC="519002"/>
						<SP ID="P105_SP00127" HPOS="334" VPOS="999" WIDTH="22"/>
						<String ID="P105_ST00149" HPOS="356" VPOS="961" WIDTH="54" HEIGHT="27" CONTENT="and" WC="0.42" CC="349"/>
						<SP ID="P105_SP00128" HPOS="410" VPOS="999" WIDTH="22"/>
						<String ID="P105_ST00150" HPOS="432" VPOS="965" WIDTH="91" HEIGHT="23" CONTENT="coasts" WC="0.76" CC="020342"/>
						<SP ID="P105_SP00129" HPOS="523" VPOS="999" WIDTH="15"/>
						<String ID="P105_ST00151" HPOS="538" VPOS="969" WIDTH="67" HEIGHT="18" CONTENT="were" WC="0.86" CC="0050"/>
						<SP ID="P105_SP00130" HPOS="605" VPOS="999" WIDTH="22"/>
						<String ID="P105_ST00152" HPOS="627" VPOS="960" WIDTH="126" HEIGHT="36" CONTENT="formerly" WC="0.68" CC="00450067"/>
						<SP ID="P105_SP00131" HPOS="753" VPOS="999" WIDTH="13"/>
						<String ID="P105_ST00153" HPOS="766" VPOS="960" WIDTH="81" HEIGHT="28" CONTENT="much" WC="0.82" CC="0007"/>
					</TextLine>
					<TextLine ID="P105_TL00022" HPOS="37" VPOS="1007" WIDTH="811" HEIGHT="36">
						<String ID="P105_ST00154" HPOS="37" VPOS="1010" WIDTH="128" HEIGHT="26" CONTENT="infested." WC="0.83" CC="442000030"/>
						<SP ID="P105_SP00132" HPOS="165" VPOS="1036" WIDTH="20"/>
						<String ID="P105_ST00155" HPOS="185" VPOS="1009" WIDTH="89" HEIGHT="27" CONTENT="These" WC="0.91" CC="00004"/>
						<SP ID="P105_SP00133" HPOS="274" VPOS="1036" WIDTH="14"/>
						<String ID="P105_ST00156" HPOS="288" VPOS="1017" WIDTH="43" HEIGHT="18" CONTENT="are" WC="0.69" CC="440"/>
						<SP ID="P105_SP00134" HPOS="331" VPOS="1036" WIDTH="14"/>
						<String ID="P105_ST00157" HPOS="345" VPOS="1009" WIDTH="60" HEIGHT="25" CONTENT="well" WC="0.94" CC="0001"/>
						<SP ID="P105_SP00135" HPOS="405" VPOS="1036" WIDTH="13"/>
						<String ID="P105_ST00158" HPOS="418" VPOS="1007" WIDTH="79" HEIGHT="32" CONTENT="built," WC="0.87" CC="004003"/>
						<SP ID="P105_SP00136" HPOS="497" VPOS="1039" WIDTH="14"/>
						<String ID="P105_ST00159" HPOS="511" VPOS="1007" WIDTH="55" HEIGHT="26" CONTENT="and" WC="0.84" CC="040"/>
						<SP ID="P105_SP00137" HPOS="566" VPOS="1039" WIDTH="14"/>
						<String ID="P105_ST00160" HPOS="580" VPOS="1007" WIDTH="137" HEIGHT="36" CONTENT="generally" WC="0.87" CC="004000006"/>
						<SP ID="P105_SP00138" HPOS="717" VPOS="1043" WIDTH="15"/>
						<String ID="P105_ST00161" HPOS="732" VPOS="1008" WIDTH="116" HEIGHT="26" CONTENT="manned" WC="0.67" CC="905400"/>
					</TextLine>
					<TextLine ID="P105_TL00023" HPOS="37" VPOS="1054" WIDTH="809" HEIGHT="39">
						<String ID="P105_ST00162" HPOS="37" VPOS="1057" WIDTH="37" HEIGHT="36" CONTENT="by" WC="0.29" CC="49"/>
						<SP ID="P105_SP00139" HPOS="74" VPOS="1093" WIDTH="20"/>
						<String ID="P105_ST00163" HPOS="94" VPOS="1065" WIDTH="30" HEIGHT="18" CONTENT="as" WC="1.00" CC="00"/>
						<SP ID="P105_SP00140" HPOS="124" VPOS="1093" WIDTH="20"/>
						<String ID="P105_ST00164" HPOS="144" VPOS="1065" WIDTH="84" HEIGHT="27" CONTENT="many" WC="0.72" CC="9010"/>
						<SP ID="P105_SP00141" HPOS="228" VPOS="1093" WIDTH="24"/>
						<String ID="P105_ST00165" HPOS="252" VPOS="1065" WIDTH="98" HEIGHT="17" CONTENT="rowers" WC="0.86" CC="000008"/>
						<SP ID="P105_SP00142" HPOS="350" VPOS="1093" WIDTH="23"/>
						<String ID="P105_ST00166" HPOS="373" VPOS="1065" WIDTH="30" HEIGHT="17" CONTENT="as" WC="0.35" CC="92"/>
						<SP ID="P105_SP00143" HPOS="403" VPOS="1093" WIDTH="24"/>
						<String ID="P105_ST00167" HPOS="427" VPOS="1064" WIDTH="51" HEIGHT="17" CONTENT="can" WC="0.73" CC="008"/>
						<SP ID="P105_SP00144" HPOS="478" VPOS="1093" WIDTH="22"/>
						<String ID="P105_ST00168" HPOS="500" VPOS="1063" WIDTH="107" HEIGHT="27" CONTENT="occupy" WC="0.94" CC="000300"/>
						<SP ID="P105_SP00145" HPOS="607" VPOS="1093" WIDTH="20"/>
						<String ID="P105_ST00169" HPOS="627" VPOS="1054" WIDTH="46" HEIGHT="27" CONTENT="the" WC="0.99" CC="000"/>
						<SP ID="P105_SP00146" HPOS="673" VPOS="1093" WIDTH="27"/>
						<String ID="P105_ST00170" HPOS="700" VPOS="1059" WIDTH="73" HEIGHT="22" CONTENT="seats" WC="0.97" CC="00000"/>
						<SP ID="P105_SP00147" HPOS="773" VPOS="1093" WIDTH="20"/>
						<String ID="P105_ST00171" HPOS="793" VPOS="1055" WIDTH="53" HEIGHT="26" CONTENT="and" WC="0.81" CC="041"/>
					</TextLine>
					<TextLine ID="P105_TL00024" HPOS="37" VPOS="1100" WIDTH="813" HEIGHT="40">
						<String ID="P105_ST00172" HPOS="37" VPOS="1104" WIDTH="108" HEIGHT="36" CONTENT="employ" WC="0.72" CC="090007"/>
						<SP ID="P105_SP00148" HPOS="145" VPOS="1140" WIDTH="20"/>
						<String ID="P105_ST00173" HPOS="165" VPOS="1104" WIDTH="47" HEIGHT="25" CONTENT="the" WC="1.00" CC="000"/>
						<SP ID="P105_SP00149" HPOS="212" VPOS="1140" WIDTH="23"/>
						<String ID="P105_ST00174" HPOS="235" VPOS="1111" WIDTH="60" HEIGHT="18" CONTENT="oars" WC="0.94" CC="0020"/>
						<SP ID="P105_SP00150" HPOS="295" VPOS="1140" WIDTH="23"/>
						<String ID="P105_ST00175" HPOS="318" VPOS="1102" WIDTH="65" HEIGHT="27" CONTENT="with" WC="0.78" CC="8000"/>
						<SP ID="P105_SP00151" HPOS="383" VPOS="1140" WIDTH="21"/>
						<String ID="P105_ST00176" HPOS="404" VPOS="1101" WIDTH="163" HEIGHT="36" CONTENT="advantage." WC="0.85" CC="0000470002"/>
						<SP ID="P105_SP00152" HPOS="567" VPOS="1140" WIDTH="41"/>
						<String ID="P105_ST00177" HPOS="608" VPOS="1100" WIDTH="191" HEIGHT="37" CONTENT="Superstition," WC="0.81" CC="1090000300052"/>
						<SP ID="P105_SP00153" HPOS="799" VPOS="1140" WIDTH="21"/>
						<String ID="P105_ST00178" HPOS="820" VPOS="1110" WIDTH="30" HEIGHT="17" CONTENT="or" WC="0.73" CC="05"/>
					</TextLine>
					<TextLine ID="P105_TL00025" HPOS="37" VPOS="1148" WIDTH="809" HEIGHT="35">
						<String ID="P105_ST00179" HPOS="37" VPOS="1151" WIDTH="44" HEIGHT="26" CONTENT="old" WC="0.82" CC="050"/>
						<SP ID="P105_SP00154" HPOS="81" VPOS="1177" WIDTH="24"/>
						<String ID="P105_ST00180" HPOS="105" VPOS="1154" WIDTH="119" HEIGHT="28" CONTENT="custom," WC="0.87" CC="0040004"/>
						<SP ID="P105_SP00155" HPOS="224" VPOS="1182" WIDTH="29"/>
						<String ID="P105_ST00181" HPOS="253" VPOS="1149" WIDTH="51" HEIGHT="27" CONTENT="has" WC="0.82" CC="500"/>
						<SP ID="P105_SP00156" HPOS="304" VPOS="1182" WIDTH="23"/>
						<String ID="P105_ST00182" HPOS="327" VPOS="1148" WIDTH="142" HEIGHT="27" CONTENT="furnished" WC="0.71" CC="084433000"/>
						<SP ID="P105_SP00157" HPOS="469" VPOS="1182" WIDTH="24"/>
						<String ID="P105_ST00183" HPOS="493" VPOS="1148" WIDTH="75" HEIGHT="26" CONTENT="them" WC="0.80" CC="0051"/>
						<SP ID="P105_SP00158" HPOS="568" VPOS="1182" WIDTH="31"/>
						<String ID="P105_ST00184" HPOS="599" VPOS="1148" WIDTH="36" HEIGHT="26" CONTENT="all" WC="0.69" CC="035"/>
						<SP ID="P105_SP00159" HPOS="635" VPOS="1182" WIDTH="25"/>
						<String ID="P105_ST00185" HPOS="660" VPOS="1148" WIDTH="64" HEIGHT="26" CONTENT="with" WC="0.79" CC="0043"/>
						<SP ID="P105_SP00160" HPOS="724" VPOS="1182" WIDTH="22"/>
						<String ID="P105_ST00186" HPOS="746" VPOS="1157" WIDTH="62" HEIGHT="26" CONTENT="eyes" WC="0.86" CC="0500"/>
						<SP ID="P105_SP00161" HPOS="808" VPOS="1183" WIDTH="12"/>
						<String ID="P105_ST00187" HPOS="820" VPOS="1148" WIDTH="26" HEIGHT="26" CONTENT="*." WC="0.79" CC="40"/>
					</TextLine>
					<TextLine ID="P105_TL00026" HPOS="36" VPOS="1194" WIDTH="811" HEIGHT="36">
						<String ID="P105_ST00188" HPOS="36" VPOS="1198" WIDTH="82" HEIGHT="27" CONTENT="Their" WC="0.71" CC="06042"/>
						<SP ID="P105_SP00162" HPOS="118" VPOS="1225" WIDTH="12"/>
						<String ID="P105_ST00189" HPOS="130" VPOS="1198" WIDTH="176" HEIGHT="30" CONTENT="conductors," WC="0.77" CC="06403000522"/>
						<SP ID="P105_SP00163" HPOS="306" VPOS="1228" WIDTH="16"/>
						<String ID="P105_ST00190" HPOS="322" VPOS="1196" WIDTH="132" HEIGHT="31" CONTENT="however," WC="0.69" CC="40920024"/>
						<SP ID="P105_SP00164" HPOS="454" VPOS="1228" WIDTH="15"/>
						<String ID="P105_ST00191" HPOS="469" VPOS="1203" WIDTH="100" HEIGHT="27" CONTENT="appear" WC="0.94" CC="000030"/>
						<SP ID="P105_SP00165" HPOS="569" VPOS="1230" WIDTH="13"/>
						<String ID="P105_ST00192" HPOS="582" VPOS="1194" WIDTH="113" HEIGHT="35" CONTENT="capable" WC="1.00" CC="0000000"/>
						<SP ID="P105_SP00166" HPOS="695" VPOS="1230" WIDTH="14"/>
						<String ID="P105_ST00193" HPOS="709" VPOS="1194" WIDTH="30" HEIGHT="26" CONTENT="of" WC="0.82" CC="30"/>
						<SP ID="P105_SP00167" HPOS="739" VPOS="1230" WIDTH="16"/>
						<String ID="P105_ST00194" HPOS="755" VPOS="1194" WIDTH="92" HEIGHT="36" CONTENT="seeing" WC="0.79" CC="000209"/>
					</TextLine>
					<TextLine ID="P105_TL00027" HPOS="36" VPOS="1240" WIDTH="812" HEIGHT="39">
						<String ID="P105_ST00195" HPOS="36" VPOS="1245" WIDTH="50" HEIGHT="26" CONTENT="but" WC="1.00" CC="000"/>
						<SP ID="P105_SP00168" HPOS="86" VPOS="1271" WIDTH="22"/>
						<String ID="P105_ST00196" HPOS="108" VPOS="1253" WIDTH="50" HEIGHT="18" CONTENT="one" WC="1.00" CC="000"/>
						<SP ID="P105_SP00169" HPOS="158" VPOS="1271" WIDTH="31"/>
						<String ID="P105_ST00197" HPOS="189" VPOS="1244" WIDTH="100" HEIGHT="35" CONTENT="object," WC="0.85" CC="0720000"/>
						<SP ID="P105_SP00170" HPOS="289" VPOS="1279" WIDTH="23"/>
						<String ID="P105_ST00198" HPOS="312" VPOS="1242" WIDTH="53" HEIGHT="27" CONTENT="and" WC="0.92" CC="020"/>
						<SP ID="P105_SP00171" HPOS="365" VPOS="1279" WIDTH="23"/>
						<String ID="P105_ST00199" HPOS="388" VPOS="1242" WIDTH="27" HEIGHT="25" CONTENT="in" WC="0.86" CC="20"/>
						<SP ID="P105_SP00172" HPOS="415" VPOS="1279" WIDTH="23"/>
						<String ID="P105_ST00200" HPOS="438" VPOS="1241" WIDTH="46" HEIGHT="26" CONTENT="the" WC="1.00" CC="000"/>
						<SP ID="P105_SP00173" HPOS="484" VPOS="1279" WIDTH="26"/>
						<String ID="P105_ST00201" HPOS="510" VPOS="1240" WIDTH="105" HEIGHT="35" CONTENT="pursuit" WC="0.76" CC="0090330"/>
						<SP ID="P105_SP00174" HPOS="615" VPOS="1279" WIDTH="22"/>
						<String ID="P105_ST00202" HPOS="637" VPOS="1240" WIDTH="29" HEIGHT="27" CONTENT="of" WC="0.89" CC="02"/>
						<SP ID="P105_SP00175" HPOS="666" VPOS="1279" WIDTH="25"/>
						<String ID="P105_ST00203" HPOS="691" VPOS="1241" WIDTH="60" HEIGHT="26" CONTENT="that" WC="0.77" CC="2006"/>
						<SP ID="P105_SP00176" HPOS="751" VPOS="1279" WIDTH="31"/>
						<String ID="P105_ST00204" HPOS="782" VPOS="1241" WIDTH="66" HEIGHT="35" CONTENT="they" WC="0.85" CC="6000"/>
					</TextLine>
					<TextLine ID="P105_TL00028" HPOS="36" VPOS="1286" WIDTH="812" HEIGHT="41">
						<String ID="P105_ST00205" HPOS="36" VPOS="1297" WIDTH="61" HEIGHT="30" CONTENT="stop" WC="1.00" CC="0000"/>
						<SP ID="P105_SP00177" HPOS="97" VPOS="1327" WIDTH="15"/>
						<String ID="P105_ST00206" HPOS="112" VPOS="1295" WIDTH="48" HEIGHT="23" CONTENT="not" WC="0.82" CC="050"/>
						<SP ID="P105_SP00178" HPOS="160" VPOS="1327" WIDTH="14"/>
						<String ID="P105_ST00207" HPOS="174" VPOS="1295" WIDTH="27" HEIGHT="23" CONTENT="to" WC="0.69" CC="06"/>
						<SP ID="P105_SP00179" HPOS="201" VPOS="1327" WIDTH="15"/>
						<String ID="P105_ST00208" HPOS="216" VPOS="1290" WIDTH="106" HEIGHT="36" CONTENT="inquire" WC="0.85" CC="3501000"/>
						<SP ID="P105_SP00180" HPOS="322" VPOS="1327" WIDTH="14"/>
						<String ID="P105_ST00209" HPOS="336" VPOS="1288" WIDTH="122" HEIGHT="26" CONTENT="whether" WC="0.89" CC="0100014"/>
						<SP ID="P105_SP00181" HPOS="458" VPOS="1327" WIDTH="13"/>
						<String ID="P105_ST00210" HPOS="471" VPOS="1287" WIDTH="86" HEIGHT="27" CONTENT="friend" WC="0.86" CC="010070"/>
						<SP ID="P105_SP00182" HPOS="557" VPOS="1327" WIDTH="15"/>
						<String ID="P105_ST00211" HPOS="572" VPOS="1297" WIDTH="28" HEIGHT="17" CONTENT="or" WC="0.21" CC="95"/>
						<SP ID="P105_SP00183" HPOS="600" VPOS="1327" WIDTH="14"/>
						<String ID="P105_ST00212" HPOS="614" VPOS="1286" WIDTH="41" HEIGHT="28" CONTENT="foe" WC="1.00" CC="000"/>
						<SP ID="P105_SP00184" HPOS="655" VPOS="1327" WIDTH="15"/>
						<String ID="P105_ST00213" HPOS="670" VPOS="1286" WIDTH="105" HEIGHT="27" CONTENT="suffers." WC="0.91" CC="01000401"/>
						<SP ID="P105_SP00185" HPOS="775" VPOS="1327" WIDTH="28"/>
						<String ID="P105_ST00214" HPOS="803" VPOS="1287" WIDTH="45" HEIGHT="27" CONTENT="All" WC="0.93" CC="020"/>
					</TextLine>
				</TextBlock>
				<TextBlock ID="P105_TB00005" HPOS="34" VPOS="1395" WIDTH="813" HEIGHT="57" STYLEREFS="TXT_1 PAR_LEFT">
					<TextLine ID="P105_TL00029" HPOS="66" VPOS="1395" WIDTH="781" HEIGHT="32">
						<String ID="P105_ST00215" HPOS="66" VPOS="1400" WIDTH="12" HEIGHT="13" CONTENT="*" WC="0.60" CC="3"/>
						<SP ID="P105_SP00186" HPOS="78" VPOS="1413" WIDTH="17"/>
						<String ID="P105_ST00216" HPOS="95" VPOS="1400" WIDTH="72" HEIGHT="27" CONTENT="Every" WC="0.38" CC="58619"/>
						<SP ID="P105_SP00187" HPOS="167" VPOS="1427" WIDTH="12"/>
						<String ID="P105_ST00217" HPOS="179" VPOS="1398" WIDTH="94" HEIGHT="22" CONTENT="Chinese" WC="0.81" CC="0600032"/>
						<SP ID="P105_SP00188" HPOS="273" VPOS="1427" WIDTH="12"/>
						<String ID="P105_ST00218" HPOS="285" VPOS="1397" WIDTH="52" HEIGHT="22" CONTENT="bo;'.t" WC="0.81" CC="037000"/>
						<SP ID="P105_SP00189" HPOS="337" VPOS="1427" WIDTH="10"/>
						<String ID="P105_ST00219" HPOS="347" VPOS="1397" WIDTH="25" HEIGHT="21" CONTENT="of" WC="0.23" CC="59"/>
						<SP ID="P105_SP00190" HPOS="372" VPOS="1427" WIDTH="12"/>
						<String ID="P105_ST00220" HPOS="384" VPOS="1403" WIDTH="43" HEIGHT="21" CONTENT="any" WC="0.46" CC="069"/>
						<SP ID="P105_SP00191" HPOS="427" VPOS="1427" WIDTH="16"/>
						<String ID="P105_ST00221" HPOS="443" VPOS="1396" WIDTH="50" HEIGHT="26" CONTENT="size," WC="0.49" CC="36464"/>
						<SP ID="P105_SP00192" HPOS="493" VPOS="1427" WIDTH="17"/>
						<String ID="P105_ST00222" HPOS="510" VPOS="1396" WIDTH="39" HEIGHT="21" CONTENT="has" WC="0.64" CC="603"/>
						<SP ID="P105_SP00193" HPOS="549" VPOS="1427" WIDTH="12"/>
						<String ID="P105_ST00223" HPOS="561" VPOS="1399" WIDTH="42" HEIGHT="18" CONTENT="two" WC="0.51" CC="193"/>
						<SP ID="P105_SP00194" HPOS="603" VPOS="1427" WIDTH="12"/>
						<String ID="P105_ST00224" HPOS="615" VPOS="1395" WIDTH="56" HEIGHT="29" CONTENT="large" WC="0.98" CC="10000"/>
						<SP ID="P105_SP00195" HPOS="671" VPOS="1427" WIDTH="11"/>
						<String ID="P105_ST00225" HPOS="682" VPOS="1402" WIDTH="50" HEIGHT="22" CONTENT="eyes" WC="0.69" CC="5006"/>
						<SP ID="P105_SP00196" HPOS="732" VPOS="1427" WIDTH="20"/>
						<String ID="P105_ST00226" HPOS="752" VPOS="1396" WIDTH="95" HEIGHT="28" CONTENT="painted," WC="0.70" CC="20501570"/>
					</TextLine>
					<TextLine ID="P105_TL00030" HPOS="35" VPOS="1427" WIDTH="355" HEIGHT="25">
						<String ID="P105_ST00227" HPOS="35" VPOS="1437" WIDTH="41" HEIGHT="15" CONTENT="one" WC="0.29" CC="578"/>
						<SP ID="P105_SP00197" HPOS="76" VPOS="1452" WIDTH="11"/>
						<String ID="P105_ST00228" HPOS="87" VPOS="1437" WIDTH="28" HEIGHT="15" CONTENT="on" WC="0.65" CC="07"/>
						<SP ID="P105_SP00198" HPOS="115" VPOS="1452" WIDTH="11"/>
						<String ID="P105_ST00229" HPOS="126" VPOS="1430" WIDTH="53" HEIGHT="22" CONTENT="each" WC="0.52" CC="2906"/>
						<SP ID="P105_SP00199" HPOS="179" VPOS="1452" WIDTH="11"/>
						<String ID="P105_ST00230" HPOS="190" VPOS="1429" WIDTH="48" HEIGHT="20" CONTENT="side" WC="0.50" CC="5580"/>
						<SP ID="P105_SP00200" HPOS="238" VPOS="1452" WIDTH="11"/>
						<String ID="P105_ST00231" HPOS="249" VPOS="1428" WIDTH="24" HEIGHT="22" CONTENT="of" WC="0.45" CC="46"/>
						<SP ID="P105_SP00201" HPOS="273" VPOS="1452" WIDTH="14"/>
						<String ID="P105_ST00232" HPOS="287" VPOS="1427" WIDTH="36" HEIGHT="21" CONTENT="the" WC="0.52" CC="670"/>
						<SP ID="P105_SP00202" HPOS="323" VPOS="1452" WIDTH="10"/>
						<String ID="P105_ST00233" HPOS="333" VPOS="1427" WIDTH="57" HEIGHT="21" CONTENT="bow." WC="0.48" CC="6490"/>
					</TextLine>
				</TextBlock>
			</PrintSpace>
		</Page>
	</Layout>
</alto>
