<?xml version="1.0" encoding="UTF-8"?>
<alto xmlns:xsi="http://www.w3.org/2001/XMLSchema-instance" xsi:noNamespaceSchemaLocation="http://www.bl.uk/schemas/alto/alto-1-4.xsd" xmlns:xlink="http://www.w3.org/1999/xlink">
	<Description>
		<MeasurementUnit>mm10</MeasurementUnit>
		<sourceImageInformation>
			<fileName>//head1/IN/2008-15/A0011390163/005173.jp2</fileName>
		</sourceImageInformation>
		<OCRProcessing ID="OCRPROCESSING_1">
			<preProcessingStep>
				<processingSoftware>
					<softwareCreator>CCS Content Conversion Specialists GmbH, Germany</softwareCreator>
					<softwareName>CCS docWORKS</softwareName>
					<softwareVersion>6.1-0.67</softwareVersion>
				</processingSoftware>
			</preProcessingStep>
			<ocrProcessingStep>
				<processingSoftware>
					<softwareCreator>ABBYY (BIT Software), Russia</softwareCreator>
					<softwareName>Finereader</softwareName>
				</processingSoftware>
			</ocrProcessingStep>
		</OCRProcessing>
	</Description>
	<Styles>
		<TextStyle ID="TXT_0" FONTSIZE="10" FONTFAMILY="Courier New"/>
		<TextStyle ID="TXT_1" FONTSIZE="9" FONTFAMILY="Courier New"/>
		<ParagraphStyle ID="PAR_RIGHT" ALIGN="Right"/>
		<ParagraphStyle ID="PAR_LEFT" ALIGN="Left"/>
	</Styles>
	<Layout>
		<Page ID="P395" PHYSICAL_IMG_NR="395" HEIGHT="1595" WIDTH="960" PRINTED_IMG_NR="357" POSITION="Right" ACCURACY="78.80">
			<TopMargin ID="P395_TM00001" HPOS="0" VPOS="0" WIDTH="960" HEIGHT="98">
				<TextBlock ID="P395_TB00001" HPOS="814" VPOS="71" WIDTH="53" HEIGHT="25" STYLEREFS="TXT_0 PAR_RIGHT">
					<TextLine ID="P395_TL00001" HPOS="814" VPOS="71" WIDTH="53" HEIGHT="25">
						<String ID="P395_ST00001" HPOS="814" VPOS="71" WIDTH="53" HEIGHT="25" CONTENT="357" WC="0.99" CC="000"/>
					</TextLine>
				</TextBlock>
				<TextBlock ID="P395_TB00002" HPOS="342" VPOS="76" WIDTH="199" HEIGHT="19" STYLEREFS="TXT_1 PAR_LEFT">
					<TextLine ID="P395_TL00002" HPOS="343" VPOS="77" WIDTH="198" HEIGHT="18">
						<String ID="P395_ST00002" HPOS="343" VPOS="77" WIDTH="198" HEIGHT="18" CONTENT="CONCLUSION." WC="0.78" CC="02009045000"/>
					</TextLine>
				</TextBlock>
			</TopMargin>
			<LeftMargin ID="P395_LM00001" HPOS="0" VPOS="98" WIDTH="55" HEIGHT="1398"/>
			<RightMargin ID="P395_RM00001" HPOS="883" VPOS="98" WIDTH="77" HEIGHT="1398"/>
			<BottomMargin ID="P395_BM00001" HPOS="0" VPOS="1496" WIDTH="960" HEIGHT="99"/>
			<PrintSpace ID="P395_PS00001" HPOS="55" VPOS="98" WIDTH="828" HEIGHT="1398">
				<TextBlock ID="P395_TB00003" HPOS="55" VPOS="135" WIDTH="819" HEIGHT="357" STYLEREFS="TXT_1 PAR_LEFT">
					<TextLine ID="P395_TL00003" HPOS="56" VPOS="136" WIDTH="818" HEIGHT="32">
						<String ID="P395_ST00003" HPOS="56" VPOS="136" WIDTH="105" HEIGHT="27" CONTENT="refuse?" WC="0.92" CC="4010000"/>
						<SP ID="P395_SP00001" HPOS="161" VPOS="163" WIDTH="36"/>
						<String ID="P395_ST00004" HPOS="197" VPOS="136" WIDTH="30" HEIGHT="26" CONTENT="If" WC="1.00" CC="00"/>
						<SP ID="P395_SP00002" HPOS="227" VPOS="163" WIDTH="16"/>
						<String ID="P395_ST00005" HPOS="243" VPOS="136" WIDTH="70" HEIGHT="27" CONTENT="their" WC="0.67" CC="06045"/>
						<SP ID="P395_SP00003" HPOS="313" VPOS="163" WIDTH="19"/>
						<String ID="P395_ST00006" HPOS="332" VPOS="138" WIDTH="145" HEIGHT="28" CONTENT="education" WC="0.87" CC="004000007"/>
						<SP ID="P395_SP00004" HPOS="477" VPOS="166" WIDTH="21"/>
						<String ID="P395_ST00007" HPOS="498" VPOS="140" WIDTH="70" HEIGHT="26" CONTENT="have" WC="0.85" CC="5000"/>
						<SP ID="P395_SP00005" HPOS="568" VPOS="166" WIDTH="18"/>
						<String ID="P395_ST00008" HPOS="586" VPOS="139" WIDTH="68" HEIGHT="27" CONTENT="been" WC="0.83" CC="2004"/>
						<SP ID="P395_SP00006" HPOS="654" VPOS="166" WIDTH="21"/>
						<String ID="P395_ST00009" HPOS="675" VPOS="141" WIDTH="138" HEIGHT="27" CONTENT="extensive" WC="0.94" CC="000000300"/>
						<String ID="P395_ST00010" HPOS="815" VPOS="157" WIDTH="35" HEIGHT="4" CONTENT="—" WC="0.20" CC="8"/>
						<String ID="P395_ST00011" HPOS="851" VPOS="142" WIDTH="23" HEIGHT="26" CONTENT="if" WC="1.00" CC="00"/>
					</TextLine>
					<TextLine ID="P395_TL00004" HPOS="56" VPOS="183" WIDTH="816" HEIGHT="39">
						<String ID="P395_ST00012" HPOS="56" VPOS="183" WIDTH="65" HEIGHT="36" CONTENT="they" WC="0.67" CC="6700"/>
						<SP ID="P395_SP00007" HPOS="121" VPOS="219" WIDTH="11"/>
						<String ID="P395_ST00013" HPOS="132" VPOS="192" WIDTH="107" HEIGHT="26" CONTENT="possess" WC="0.78" CC="0005306"/>
						<SP ID="P395_SP00008" HPOS="239" VPOS="219" WIDTH="10"/>
						<String ID="P395_ST00014" HPOS="249" VPOS="184" WIDTH="83" HEIGHT="27" CONTENT="much" WC="0.55" CC="4607"/>
						<SP ID="P395_SP00009" HPOS="332" VPOS="219" WIDTH="13"/>
						<String ID="P395_ST00015" HPOS="345" VPOS="185" WIDTH="63" HEIGHT="26" CONTENT="skill" WC="0.66" CC="34170"/>
						<SP ID="P395_SP00010" HPOS="408" VPOS="219" WIDTH="13"/>
						<String ID="P395_ST00016" HPOS="421" VPOS="187" WIDTH="55" HEIGHT="25" CONTENT="and" WC="0.81" CC="050"/>
						<SP ID="P395_SP00011" HPOS="476" VPOS="219" WIDTH="11"/>
						<String ID="P395_ST00017" HPOS="487" VPOS="186" WIDTH="158" HEIGHT="36" CONTENT="experience" WC="0.91" CC="0000050300"/>
						<String ID="P395_ST00018" HPOS="646" VPOS="201" WIDTH="34" HEIGHT="3" CONTENT="—" WC="0.20" CC="8"/>
						<String ID="P395_ST00019" HPOS="682" VPOS="188" WIDTH="46" HEIGHT="26" CONTENT="the" WC="0.76" CC="070"/>
						<SP ID="P395_SP00012" HPOS="728" VPOS="222" WIDTH="14"/>
						<String ID="P395_ST00020" HPOS="742" VPOS="198" WIDTH="71" HEIGHT="17" CONTENT="more" WC="0.66" CC="9030"/>
						<SP ID="P395_SP00013" HPOS="813" VPOS="222" WIDTH="15"/>
						<String ID="P395_ST00021" HPOS="828" VPOS="198" WIDTH="44" HEIGHT="17" CONTENT="are" WC="1.00" CC="000"/>
					</TextLine>
					<TextLine ID="P395_TL00005" HPOS="56" VPOS="230" WIDTH="817" HEIGHT="40">
						<String ID="P395_ST00022" HPOS="56" VPOS="230" WIDTH="64" HEIGHT="36" CONTENT="they" WC="0.77" CC="0107"/>
						<SP ID="P395_SP00014" HPOS="120" VPOS="266" WIDTH="15"/>
						<String ID="P395_ST00023" HPOS="135" VPOS="231" WIDTH="113" HEIGHT="32" CONTENT="needed," WC="0.96" CC="2000000"/>
						<SP ID="P395_SP00015" HPOS="248" VPOS="266" WIDTH="16"/>
						<String ID="P395_ST00024" HPOS="264" VPOS="231" WIDTH="87" HEIGHT="27" CONTENT="where" WC="0.86" CC="06000"/>
						<SP ID="P395_SP00016" HPOS="351" VPOS="266" WIDTH="14"/>
						<String ID="P395_ST00025" HPOS="365" VPOS="242" WIDTH="30" HEIGHT="17" CONTENT="so" WC="0.97" CC="00"/>
						<SP ID="P395_SP00017" HPOS="395" VPOS="266" WIDTH="14"/>
						<String ID="P395_ST00026" HPOS="409" VPOS="233" WIDTH="83" HEIGHT="27" CONTENT="much" WC="0.74" CC="6003"/>
						<SP ID="P395_SP00018" HPOS="492" VPOS="266" WIDTH="21"/>
						<String ID="P395_ST00027" HPOS="513" VPOS="243" WIDTH="63" HEIGHT="26" CONTENT="may" WC="0.84" CC="130"/>
						<SP ID="P395_SP00019" HPOS="576" VPOS="269" WIDTH="13"/>
						<String ID="P395_ST00028" HPOS="589" VPOS="233" WIDTH="107" HEIGHT="36" CONTENT="depend" WC="0.88" CC="000060"/>
						<SP ID="P395_SP00020" HPOS="696" VPOS="269" WIDTH="15"/>
						<String ID="P395_ST00029" HPOS="711" VPOS="243" WIDTH="73" HEIGHT="27" CONTENT="upon" WC="0.79" CC="0034"/>
						<SP ID="P395_SP00021" HPOS="784" VPOS="270" WIDTH="19"/>
						<String ID="P395_ST00030" HPOS="803" VPOS="235" WIDTH="70" HEIGHT="27" CONTENT="their" WC="0.78" CC="05040"/>
					</TextLine>
					<TextLine ID="P395_TL00006" HPOS="58" VPOS="277" WIDTH="813" HEIGHT="38">
						<String ID="P395_ST00031" HPOS="58" VPOS="286" WIDTH="117" HEIGHT="18" CONTENT="success." WC="0.84" CC="00000660"/>
						<SP ID="P395_SP00022" HPOS="175" VPOS="304" WIDTH="38"/>
						<String ID="P395_ST00032" HPOS="213" VPOS="277" WIDTH="58" HEIGHT="27" CONTENT="The" WC="0.95" CC="010"/>
						<SP ID="P395_SP00023" HPOS="271" VPOS="304" WIDTH="17"/>
						<String ID="P395_ST00033" HPOS="288" VPOS="278" WIDTH="88" HEIGHT="27" CONTENT="writer" WC="0.85" CC="033001"/>
						<SP ID="P395_SP00024" HPOS="376" VPOS="305" WIDTH="20"/>
						<String ID="P395_ST00034" HPOS="396" VPOS="279" WIDTH="54" HEIGHT="26" CONTENT="had" WC="0.95" CC="000"/>
						<SP ID="P395_SP00025" HPOS="450" VPOS="305" WIDTH="18"/>
						<String ID="P395_ST00035" HPOS="468" VPOS="289" WIDTH="34" HEIGHT="17" CONTENT="an" WC="0.70" CC="05"/>
						<SP ID="P395_SP00026" HPOS="502" VPOS="306" WIDTH="20"/>
						<String ID="P395_ST00036" HPOS="522" VPOS="280" WIDTH="166" HEIGHT="35" CONTENT="application" WC="0.82" CC="50060000105"/>
						<SP ID="P395_SP00027" HPOS="688" VPOS="315" WIDTH="14"/>
						<String ID="P395_ST00037" HPOS="702" VPOS="281" WIDTH="41" HEIGHT="26" CONTENT="for" WC="0.75" CC="052"/>
						<SP ID="P395_SP00028" HPOS="743" VPOS="315" WIDTH="14"/>
						<String ID="P395_ST00038" HPOS="757" VPOS="282" WIDTH="114" HEIGHT="26" CONTENT="medical" WC="0.84" CC="6003000"/>
					</TextLine>
					<TextLine ID="P395_TL00007" HPOS="59" VPOS="324" WIDTH="811" HEIGHT="37">
						<String ID="P395_ST00039" HPOS="59" VPOS="325" WIDTH="41" HEIGHT="26" CONTENT="aid" WC="0.92" CC="020"/>
						<SP ID="P395_SP00029" HPOS="100" VPOS="351" WIDTH="15"/>
						<String ID="P395_ST00040" HPOS="115" VPOS="324" WIDTH="68" HEIGHT="27" CONTENT="from" WC="0.82" CC="1320"/>
						<SP ID="P395_SP00030" HPOS="183" VPOS="351" WIDTH="19"/>
						<String ID="P395_ST00041" HPOS="202" VPOS="324" WIDTH="47" HEIGHT="27" CONTENT="the" WC="0.75" CC="070"/>
						<SP ID="P395_SP00031" HPOS="249" VPOS="351" WIDTH="21"/>
						<String ID="P395_ST00042" HPOS="270" VPOS="326" WIDTH="101" HEIGHT="26" CONTENT="second" WC="0.76" CC="400360"/>
						<SP ID="P395_SP00032" HPOS="371" VPOS="352" WIDTH="19"/>
						<String ID="P395_ST00043" HPOS="390" VPOS="326" WIDTH="77" HEIGHT="35" CONTENT="King" WC="0.93" CC="0110"/>
						<SP ID="P395_SP00033" HPOS="467" VPOS="361" WIDTH="20"/>
						<String ID="P395_ST00044" HPOS="487" VPOS="326" WIDTH="32" HEIGHT="27" CONTENT="of" WC="0.83" CC="12"/>
						<SP ID="P395_SP00034" HPOS="519" VPOS="361" WIDTH="16"/>
						<String ID="P395_ST00045" HPOS="535" VPOS="326" WIDTH="76" HEIGHT="27" CONTENT="Siam" WC="0.64" CC="4207"/>
						<String ID="P395_ST00046" HPOS="620" VPOS="336" WIDTH="5" HEIGHT="17" CONTENT=":" WC="1.00" CC="0"/>
						<SP ID="P395_SP00035" HPOS="625" VPOS="361" WIDTH="24"/>
						<String ID="P395_ST00047" HPOS="649" VPOS="326" WIDTH="34" HEIGHT="27" CONTENT="he" WC="0.85" CC="20"/>
						<SP ID="P395_SP00036" HPOS="683" VPOS="361" WIDTH="14"/>
						<String ID="P395_ST00048" HPOS="697" VPOS="337" WIDTH="55" HEIGHT="17" CONTENT="was" WC="1.00" CC="000"/>
						<SP ID="P395_SP00037" HPOS="752" VPOS="361" WIDTH="20"/>
						<String ID="P395_ST00049" HPOS="772" VPOS="328" WIDTH="98" HEIGHT="26" CONTENT="absent" WC="0.86" CC="004020"/>
					</TextLine>
					<TextLine ID="P395_TL00008" HPOS="59" VPOS="371" WIDTH="811" HEIGHT="32">
						<String ID="P395_ST00050" HPOS="59" VPOS="376" WIDTH="28" HEIGHT="22" CONTENT="at" WC="1.00" CC="00"/>
						<SP ID="P395_SP00038" HPOS="87" VPOS="398" WIDTH="13"/>
						<String ID="P395_ST00051" HPOS="100" VPOS="371" WIDTH="46" HEIGHT="27" CONTENT="the" WC="1.00" CC="000"/>
						<SP ID="P395_SP00039" HPOS="146" VPOS="398" WIDTH="15"/>
						<String ID="P395_ST00052" HPOS="161" VPOS="371" WIDTH="74" HEIGHT="32" CONTENT="time," WC="0.79" CC="03700"/>
						<SP ID="P395_SP00040" HPOS="235" VPOS="403" WIDTH="14"/>
						<String ID="P395_ST00053" HPOS="249" VPOS="372" WIDTH="53" HEIGHT="26" CONTENT="and" WC="0.76" CC="420"/>
						<SP ID="P395_SP00041" HPOS="302" VPOS="403" WIDTH="15"/>
						<String ID="P395_ST00054" HPOS="317" VPOS="372" WIDTH="48" HEIGHT="26" CONTENT="did" WC="0.56" CC="930"/>
						<SP ID="P395_SP00042" HPOS="365" VPOS="403" WIDTH="18"/>
						<String ID="P395_ST00055" HPOS="383" VPOS="377" WIDTH="49" HEIGHT="22" CONTENT="not" WC="0.91" CC="200"/>
						<SP ID="P395_SP00043" HPOS="432" VPOS="403" WIDTH="14"/>
						<String ID="P395_ST00056" HPOS="446" VPOS="377" WIDTH="90" HEIGHT="22" CONTENT="return" WC="0.80" CC="060004"/>
						<SP ID="P395_SP00044" HPOS="536" VPOS="403" WIDTH="20"/>
						<String ID="P395_ST00057" HPOS="556" VPOS="373" WIDTH="69" HEIGHT="26" CONTENT="until" WC="0.89" CC="05000"/>
						<SP ID="P395_SP00045" HPOS="625" VPOS="403" WIDTH="16"/>
						<String ID="P395_ST00058" HPOS="641" VPOS="374" WIDTH="69" HEIGHT="26" CONTENT="after" WC="0.80" CC="30302"/>
						<SP ID="P395_SP00046" HPOS="710" VPOS="403" WIDTH="18"/>
						<String ID="P395_ST00059" HPOS="728" VPOS="374" WIDTH="46" HEIGHT="27" CONTENT="the" WC="0.78" CC="060"/>
						<SP ID="P395_SP00047" HPOS="774" VPOS="403" WIDTH="14"/>
						<String ID="P395_ST00060" HPOS="788" VPOS="375" WIDTH="82" HEIGHT="26" CONTENT="death" WC="0.89" CC="00004"/>
					</TextLine>
					<TextLine ID="P395_TL00009" HPOS="60" VPOS="418" WIDTH="812" HEIGHT="37">
						<String ID="P395_ST00061" HPOS="60" VPOS="419" WIDTH="30" HEIGHT="27" CONTENT="of" WC="1.00" CC="00"/>
						<SP ID="P395_SP00048" HPOS="90" VPOS="446" WIDTH="14"/>
						<String ID="P395_ST00062" HPOS="104" VPOS="419" WIDTH="46" HEIGHT="26" CONTENT="the" WC="0.81" CC="050"/>
						<SP ID="P395_SP00049" HPOS="150" VPOS="446" WIDTH="10"/>
						<String ID="P395_ST00063" HPOS="160" VPOS="418" WIDTH="84" HEIGHT="35" CONTENT="King." WC="0.80" CC="00090"/>
						<SP ID="P395_SP00050" HPOS="244" VPOS="453" WIDTH="40"/>
						<String ID="P395_ST00064" HPOS="284" VPOS="419" WIDTH="71" HEIGHT="26" CONTENT="How" WC="0.92" CC="200"/>
						<SP ID="P395_SP00051" HPOS="355" VPOS="453" WIDTH="19"/>
						<String ID="P395_ST00065" HPOS="374" VPOS="419" WIDTH="103" HEIGHT="36" CONTENT="readily" WC="0.85" CC="6002020"/>
						<SP ID="P395_SP00052" HPOS="477" VPOS="455" WIDTH="18"/>
						<String ID="P395_ST00066" HPOS="495" VPOS="420" WIDTH="90" HEIGHT="35" CONTENT="might" WC="0.70" CC="60043"/>
						<SP ID="P395_SP00053" HPOS="585" VPOS="455" WIDTH="16"/>
						<String ID="P395_ST00067" HPOS="601" VPOS="429" WIDTH="16" HEIGHT="17" CONTENT="a" WC="1.00" CC="0"/>
						<SP ID="P395_SP00054" HPOS="617" VPOS="455" WIDTH="22"/>
						<String ID="P395_ST00068" HPOS="639" VPOS="420" WIDTH="95" HEIGHT="35" CONTENT="simple" WC="0.73" CC="540060"/>
						<SP ID="P395_SP00055" HPOS="734" VPOS="455" WIDTH="12"/>
						<String ID="P395_ST00069" HPOS="746" VPOS="420" WIDTH="79" HEIGHT="27" CONTENT="effort" WC="0.87" CC="000025"/>
						<SP ID="P395_SP00056" HPOS="825" VPOS="455" WIDTH="19"/>
						<String ID="P395_ST00070" HPOS="844" VPOS="422" WIDTH="28" HEIGHT="25" CONTENT="in" WC="0.82" CC="03"/>
					</TextLine>
					<TextLine ID="P395_TL00010" HPOS="61" VPOS="465" WIDTH="761" HEIGHT="27">
						<String ID="P395_ST00071" HPOS="61" VPOS="466" WIDTH="67" HEIGHT="26" CONTENT="such" WC="0.78" CC="2006"/>
						<SP ID="P395_SP00057" HPOS="128" VPOS="492" WIDTH="15"/>
						<String ID="P395_ST00072" HPOS="143" VPOS="465" WIDTH="138" HEIGHT="27" CONTENT="instances" WC="0.81" CC="060035000"/>
						<SP ID="P395_SP00058" HPOS="281" VPOS="492" WIDTH="14"/>
						<String ID="P395_ST00073" HPOS="295" VPOS="465" WIDTH="59" HEIGHT="27" CONTENT="lead" WC="0.88" CC="4000"/>
						<SP ID="P395_SP00059" HPOS="354" VPOS="492" WIDTH="16"/>
						<String ID="P395_ST00074" HPOS="370" VPOS="470" WIDTH="28" HEIGHT="22" CONTENT="to" WC="0.90" CC="10"/>
						<SP ID="P395_SP00060" HPOS="398" VPOS="492" WIDTH="14"/>
						<String ID="P395_ST00075" HPOS="412" VPOS="466" WIDTH="47" HEIGHT="26" CONTENT="the" WC="0.78" CC="060"/>
						<SP ID="P395_SP00061" HPOS="459" VPOS="492" WIDTH="15"/>
						<String ID="P395_ST00076" HPOS="474" VPOS="470" WIDTH="71" HEIGHT="22" CONTENT="most" WC="0.83" CC="0060"/>
						<SP ID="P395_SP00062" HPOS="545" VPOS="492" WIDTH="14"/>
						<String ID="P395_ST00077" HPOS="559" VPOS="466" WIDTH="133" HEIGHT="26" CONTENT="desirable" WC="0.88" CC="006040000"/>
						<SP ID="P395_SP00063" HPOS="692" VPOS="492" WIDTH="14"/>
						<String ID="P395_ST00078" HPOS="706" VPOS="468" WIDTH="99" HEIGHT="24" CONTENT="results" WC="0.73" CC="0044207"/>
						<SP ID="P395_SP00064" HPOS="805" VPOS="492" WIDTH="12"/>
						<String ID="P395_ST00079" HPOS="817" VPOS="468" WIDTH="5" HEIGHT="24" CONTENT="!" WC="1.00" CC="0"/>
					</TextLine>
				</TextBlock>
				<TextBlock ID="P395_TB00004" HPOS="60" VPOS="512" WIDTH="823" HEIGHT="984" STYLEREFS="TXT_1 PAR_LEFT">
					<TextLine ID="P395_TL00011" HPOS="97" VPOS="512" WIDTH="776" HEIGHT="36">
						<String ID="P395_ST00080" HPOS="97" VPOS="512" WIDTH="169" HEIGHT="33" CONTENT="Merchants," WC="0.80" CC="0020705004"/>
						<SP ID="P395_SP00065" HPOS="266" VPOS="545" WIDTH="16"/>
						<String ID="P395_ST00081" HPOS="282" VPOS="512" WIDTH="67" HEIGHT="33" CONTENT="also," WC="0.65" CC="60604"/>
						<SP ID="P395_SP00066" HPOS="349" VPOS="545" WIDTH="15"/>
						<String ID="P395_ST00082" HPOS="364" VPOS="521" WIDTH="45" HEIGHT="18" CONTENT="are" WC="0.66" CC="900"/>
						<SP ID="P395_SP00067" HPOS="409" VPOS="545" WIDTH="17"/>
						<String ID="P395_ST00083" HPOS="426" VPOS="513" WIDTH="113" HEIGHT="34" CONTENT="capable" WC="0.75" CC="0005740"/>
						<SP ID="P395_SP00068" HPOS="539" VPOS="547" WIDTH="14"/>
						<String ID="P395_ST00084" HPOS="553" VPOS="514" WIDTH="31" HEIGHT="25" CONTENT="of" WC="1.00" CC="00"/>
						<SP ID="P395_SP00069" HPOS="584" VPOS="547" WIDTH="15"/>
						<String ID="P395_ST00085" HPOS="599" VPOS="514" WIDTH="125" HEIGHT="34" CONTENT="exerting" WC="0.89" CC="00030220"/>
						<SP ID="P395_SP00070" HPOS="724" VPOS="548" WIDTH="18"/>
						<String ID="P395_ST00086" HPOS="742" VPOS="514" WIDTH="46" HEIGHT="26" CONTENT="the" WC="0.80" CC="050"/>
						<SP ID="P395_SP00071" HPOS="788" VPOS="548" WIDTH="14"/>
						<String ID="P395_ST00087" HPOS="802" VPOS="519" WIDTH="71" HEIGHT="22" CONTENT="most" WC="0.71" CC="8020"/>
					</TextLine>
					<TextLine ID="P395_TL00012" HPOS="61" VPOS="559" WIDTH="811" HEIGHT="37">
						<String ID="P395_ST00088" HPOS="61" VPOS="560" WIDTH="120" HEIGHT="35" CONTENT="salutary" WC="0.89" CC="20060000"/>
						<SP ID="P395_SP00072" HPOS="181" VPOS="595" WIDTH="10"/>
						<String ID="P395_ST00089" HPOS="191" VPOS="559" WIDTH="137" HEIGHT="27" CONTENT="influence" WC="0.82" CC="300050400"/>
						<SP ID="P395_SP00073" HPOS="328" VPOS="595" WIDTH="10"/>
						<String ID="P395_ST00090" HPOS="338" VPOS="569" WIDTH="100" HEIGHT="26" CONTENT="among" WC="0.91" CC="02010"/>
						<SP ID="P395_SP00074" HPOS="438" VPOS="595" WIDTH="11"/>
						<String ID="P395_ST00091" HPOS="449" VPOS="559" WIDTH="95" HEIGHT="35" CONTENT="Pagan" WC="0.53" CC="66063"/>
						<SP ID="P395_SP00075" HPOS="544" VPOS="595" WIDTH="15"/>
						<String ID="P395_ST00092" HPOS="559" VPOS="559" WIDTH="118" HEIGHT="27" CONTENT="nations." WC="0.75" CC="64020500"/>
						<SP ID="P395_SP00076" HPOS="677" VPOS="595" WIDTH="38"/>
						<String ID="P395_ST00093" HPOS="715" VPOS="559" WIDTH="87" HEIGHT="37" CONTENT="They," WC="0.82" CC="04004"/>
						<SP ID="P395_SP00077" HPOS="802" VPOS="596" WIDTH="15"/>
						<String ID="P395_ST00094" HPOS="817" VPOS="565" WIDTH="55" HEIGHT="28" CONTENT="too," WC="0.65" CC="0904"/>
					</TextLine>
					<TextLine ID="P395_TL00013" HPOS="61" VPOS="607" WIDTH="812" HEIGHT="35">
						<String ID="P395_ST00095" HPOS="61" VPOS="607" WIDTH="53" HEIGHT="26" CONTENT="like" WC="0.75" CC="7200"/>
						<SP ID="P395_SP00078" HPOS="114" VPOS="633" WIDTH="12"/>
						<String ID="P395_ST00096" HPOS="126" VPOS="607" WIDTH="167" HEIGHT="35" CONTENT="physicians," WC="0.78" CC="04000004553"/>
						<SP ID="P395_SP00079" HPOS="293" VPOS="642" WIDTH="9"/>
						<String ID="P395_ST00097" HPOS="302" VPOS="607" WIDTH="108" HEIGHT="35" CONTENT="usually" WC="0.71" CC="7209000"/>
						<SP ID="P395_SP00080" HPOS="410" VPOS="642" WIDTH="10"/>
						<String ID="P395_ST00098" HPOS="420" VPOS="607" WIDTH="72" HEIGHT="26" CONTENT="draw" WC="1.00" CC="0000"/>
						<SP ID="P395_SP00081" HPOS="492" VPOS="642" WIDTH="10"/>
						<String ID="P395_ST00099" HPOS="502" VPOS="607" WIDTH="162" HEIGHT="26" CONTENT="multitudes" WC="0.82" CC="0000250900"/>
						<SP ID="P395_SP00082" HPOS="664" VPOS="642" WIDTH="11"/>
						<String ID="P395_ST00100" HPOS="675" VPOS="608" WIDTH="104" HEIGHT="25" CONTENT="around" WC="0.80" CC="001540"/>
						<SP ID="P395_SP00083" HPOS="779" VPOS="642" WIDTH="11"/>
						<String ID="P395_ST00101" HPOS="790" VPOS="608" WIDTH="83" HEIGHT="32" CONTENT="them," WC="0.67" CC="06063"/>
					</TextLine>
					<TextLine ID="P395_TL00014" HPOS="64" VPOS="653" WIDTH="809" HEIGHT="37">
						<String ID="P395_ST00102" HPOS="64" VPOS="653" WIDTH="58" HEIGHT="27" CONTENT="who" WC="0.99" CC="000"/>
						<SP ID="P395_SP00084" HPOS="122" VPOS="680" WIDTH="13"/>
						<String ID="P395_ST00103" HPOS="135" VPOS="653" WIDTH="87" HEIGHT="36" CONTENT="might" WC="0.76" CC="30071"/>
						<SP ID="P395_SP00085" HPOS="222" VPOS="689" WIDTH="21"/>
						<String ID="P395_ST00104" HPOS="243" VPOS="653" WIDTH="32" HEIGHT="27" CONTENT="be" WC="0.95" CC="10"/>
						<SP ID="P395_SP00086" HPOS="275" VPOS="689" WIDTH="21"/>
						<String ID="P395_ST00105" HPOS="296" VPOS="653" WIDTH="152" HEIGHT="27" CONTENT="instructed" WC="0.81" CC="0550000008"/>
						<SP ID="P395_SP00087" HPOS="448" VPOS="689" WIDTH="17"/>
						<String ID="P395_ST00106" HPOS="465" VPOS="654" WIDTH="69" HEIGHT="26" CONTENT="both" WC="0.59" CC="0447"/>
						<SP ID="P395_SP00088" HPOS="534" VPOS="689" WIDTH="16"/>
						<String ID="P395_ST00107" HPOS="550" VPOS="654" WIDTH="83" HEIGHT="35" CONTENT="orally" WC="0.72" CC="230306"/>
						<SP ID="P395_SP00089" HPOS="633" VPOS="689" WIDTH="19"/>
						<String ID="P395_ST00108" HPOS="652" VPOS="654" WIDTH="54" HEIGHT="26" CONTENT="and" WC="0.29" CC="946"/>
						<SP ID="P395_SP00090" HPOS="706" VPOS="689" WIDTH="19"/>
						<String ID="P395_ST00109" HPOS="725" VPOS="654" WIDTH="37" HEIGHT="36" CONTENT="by" WC="0.53" CC="09"/>
						<SP ID="P395_SP00091" HPOS="762" VPOS="690" WIDTH="14"/>
						<String ID="P395_ST00110" HPOS="776" VPOS="655" WIDTH="97" HEIGHT="26" CONTENT="books." WC="0.98" CC="000010"/>
					</TextLine>
					<TextLine ID="P395_TL00015" HPOS="64" VPOS="701" WIDTH="811" HEIGHT="36">
						<String ID="P395_ST00111" HPOS="64" VPOS="701" WIDTH="109" HEIGHT="27" CONTENT="Besides" WC="0.82" CC="6000005"/>
						<SP ID="P395_SP00092" HPOS="173" VPOS="728" WIDTH="15"/>
						<String ID="P395_ST00112" HPOS="188" VPOS="701" WIDTH="64" HEIGHT="31" CONTENT="this," WC="0.70" CC="56200"/>
						<SP ID="P395_SP00093" HPOS="252" VPOS="732" WIDTH="11"/>
						<String ID="P395_ST00113" HPOS="263" VPOS="701" WIDTH="65" HEIGHT="36" CONTENT="they" WC="0.85" CC="5000"/>
						<SP ID="P395_SP00094" HPOS="328" VPOS="737" WIDTH="10"/>
						<String ID="P395_ST00114" HPOS="338" VPOS="701" WIDTH="88" HEIGHT="27" CONTENT="would" WC="1.00" CC="00000"/>
						<SP ID="P395_SP00095" HPOS="426" VPOS="737" WIDTH="16"/>
						<String ID="P395_ST00115" HPOS="442" VPOS="701" WIDTH="137" HEIGHT="27" CONTENT="stimulate" WC="0.85" CC="030000900"/>
						<SP ID="P395_SP00096" HPOS="579" VPOS="737" WIDTH="13"/>
						<String ID="P395_ST00116" HPOS="592" VPOS="707" WIDTH="27" HEIGHT="21" CONTENT="to" WC="1.00" CC="00"/>
						<SP ID="P395_SP00097" HPOS="619" VPOS="737" WIDTH="11"/>
						<String ID="P395_ST00117" HPOS="630" VPOS="701" WIDTH="104" HEIGHT="32" CONTENT="labour," WC="0.95" CC="0000003"/>
						<SP ID="P395_SP00098" HPOS="734" VPOS="737" WIDTH="12"/>
						<String ID="P395_ST00118" HPOS="746" VPOS="702" WIDTH="36" HEIGHT="34" CONTENT="by" WC="0.95" CC="10"/>
						<SP ID="P395_SP00099" HPOS="782" VPOS="737" WIDTH="9"/>
						<String ID="P395_ST00119" HPOS="791" VPOS="711" WIDTH="84" HEIGHT="26" CONTENT="open" SUBS_TYPE="HypPart1" SUBS_CONTENT="opening" WC="0.78" CC="00064"/>
						<HYP CONTENT="-"/>
					</TextLine>
					<TextLine ID="P395_TL00016" HPOS="62" VPOS="748" WIDTH="812" HEIGHT="36">
						<String ID="P395_ST00120" HPOS="62" VPOS="748" WIDTH="46" HEIGHT="36" CONTENT="ing" SUBS_TYPE="HypPart2" SUBS_CONTENT="opening" WC="0.51" CC="364"/>
						<SP ID="P395_SP00100" HPOS="108" VPOS="784" WIDTH="14"/>
						<String ID="P395_ST00121" HPOS="122" VPOS="757" WIDTH="16" HEIGHT="17" CONTENT="a" WC="1.00" CC="0"/>
						<SP ID="P395_SP00101" HPOS="138" VPOS="784" WIDTH="13"/>
						<String ID="P395_ST00122" HPOS="151" VPOS="753" WIDTH="109" HEIGHT="21" CONTENT="current" WC="0.78" CC="0434030"/>
						<SP ID="P395_SP00102" HPOS="260" VPOS="784" WIDTH="14"/>
						<String ID="P395_ST00123" HPOS="274" VPOS="748" WIDTH="40" HEIGHT="26" CONTENT="for" WC="0.84" CC="004"/>
						<SP ID="P395_SP00103" HPOS="314" VPOS="784" WIDTH="13"/>
						<String ID="P395_ST00124" HPOS="327" VPOS="748" WIDTH="36" HEIGHT="26" CONTENT="its" WC="0.79" CC="104"/>
						<SP ID="P395_SP00104" HPOS="363" VPOS="784" WIDTH="14"/>
						<String ID="P395_ST00125" HPOS="377" VPOS="748" WIDTH="138" HEIGHT="35" CONTENT="proceeds." WC="0.88" CC="040000060"/>
						<SP ID="P395_SP00105" HPOS="515" VPOS="784" WIDTH="41"/>
						<String ID="P395_ST00126" HPOS="556" VPOS="748" WIDTH="75" HEIGHT="35" CONTENT="They" WC="0.64" CC="8500"/>
						<SP ID="P395_SP00106" HPOS="631" VPOS="784" WIDTH="19"/>
						<String ID="P395_ST00127" HPOS="650" VPOS="748" WIDTH="89" HEIGHT="26" CONTENT="would" WC="0.83" CC="80000"/>
						<SP ID="P395_SP00107" HPOS="739" VPOS="784" WIDTH="16"/>
						<String ID="P395_ST00128" HPOS="755" VPOS="748" WIDTH="119" HEIGHT="36" CONTENT="improve" WC="0.76" CC="0385000"/>
					</TextLine>
					<TextLine ID="P395_TL00017" HPOS="64" VPOS="796" WIDTH="810" HEIGHT="35">
						<String ID="P395_ST00129" HPOS="64" VPOS="796" WIDTH="45" HEIGHT="26" CONTENT="the" WC="0.75" CC="070"/>
						<SP ID="P395_SP00108" HPOS="109" VPOS="822" WIDTH="19"/>
						<String ID="P395_ST00130" HPOS="128" VPOS="796" WIDTH="88" HEIGHT="26" CONTENT="habits" WC="0.69" CC="620063"/>
						<SP ID="P395_SP00109" HPOS="216" VPOS="822" WIDTH="17"/>
						<String ID="P395_ST00131" HPOS="233" VPOS="796" WIDTH="32" HEIGHT="27" CONTENT="of" WC="0.84" CC="30"/>
						<SP ID="P395_SP00110" HPOS="265" VPOS="823" WIDTH="14"/>
						<String ID="P395_ST00132" HPOS="279" VPOS="796" WIDTH="48" HEIGHT="26" CONTENT="the" WC="0.78" CC="060"/>
						<SP ID="P395_SP00111" HPOS="327" VPOS="823" WIDTH="18"/>
						<String ID="P395_ST00133" HPOS="345" VPOS="796" WIDTH="114" HEIGHT="32" CONTENT="natives," WC="0.82" CC="06020004"/>
						<SP ID="P395_SP00112" HPOS="459" VPOS="828" WIDTH="20"/>
						<String ID="P395_ST00134" HPOS="479" VPOS="796" WIDTH="35" HEIGHT="34" CONTENT="by" WC="1.00" CC="00"/>
						<SP ID="P395_SP00113" HPOS="514" VPOS="830" WIDTH="16"/>
						<String ID="P395_ST00135" HPOS="530" VPOS="796" WIDTH="175" HEIGHT="35" CONTENT="introducing" WC="0.87" CC="00460010000"/>
						<SP ID="P395_SP00114" HPOS="705" VPOS="831" WIDTH="14"/>
						<String ID="P395_ST00136" HPOS="719" VPOS="796" WIDTH="46" HEIGHT="27" CONTENT="the" WC="0.60" CC="470"/>
						<SP ID="P395_SP00115" HPOS="765" VPOS="831" WIDTH="22"/>
						<String ID="P395_ST00137" HPOS="787" VPOS="796" WIDTH="87" HEIGHT="27" CONTENT="useful" WC="0.72" CC="060323"/>
					</TextLine>
					<TextLine ID="P395_TL00018" HPOS="64" VPOS="842" WIDTH="810" HEIGHT="37">
						<String ID="P395_ST00138" HPOS="64" VPOS="846" WIDTH="53" HEIGHT="22" CONTENT="arts" WC="0.73" CC="0171"/>
						<SP ID="P395_SP00116" HPOS="117" VPOS="868" WIDTH="14"/>
						<String ID="P395_ST00139" HPOS="131" VPOS="843" WIDTH="52" HEIGHT="25" CONTENT="and" WC="0.69" CC="350"/>
						<SP ID="P395_SP00117" HPOS="183" VPOS="868" WIDTH="15"/>
						<String ID="P395_ST00140" HPOS="198" VPOS="843" WIDTH="173" HEIGHT="35" CONTENT="meliorating" WC="0.73" CC="70140241070"/>
						<SP ID="P395_SP00118" HPOS="371" VPOS="878" WIDTH="13"/>
						<String ID="P395_ST00141" HPOS="384" VPOS="846" WIDTH="121" HEIGHT="23" CONTENT="customs" WC="0.62" CC="0510494"/>
						<SP ID="P395_SP00119" HPOS="505" VPOS="878" WIDTH="15"/>
						<String ID="P395_ST00142" HPOS="520" VPOS="843" WIDTH="31" HEIGHT="26" CONTENT="of" WC="1.00" CC="00"/>
						<SP ID="P395_SP00120" HPOS="551" VPOS="878" WIDTH="14"/>
						<String ID="P395_ST00143" HPOS="565" VPOS="842" WIDTH="123" HEIGHT="27" CONTENT="civilized" WC="0.83" CC="025302000"/>
						<SP ID="P395_SP00121" HPOS="688" VPOS="878" WIDTH="16"/>
						<String ID="P395_ST00144" HPOS="704" VPOS="843" WIDTH="54" HEIGHT="26" CONTENT="life." WC="0.72" CC="62400"/>
						<SP ID="P395_SP00122" HPOS="758" VPOS="878" WIDTH="40"/>
						<String ID="P395_ST00145" HPOS="798" VPOS="843" WIDTH="76" HEIGHT="36" CONTENT="They" WC="0.83" CC="0600"/>
					</TextLine>
					<TextLine ID="P395_TL00019" HPOS="66" VPOS="890" WIDTH="810" HEIGHT="37">
						<String ID="P395_ST00146" HPOS="66" VPOS="890" WIDTH="87" HEIGHT="27" CONTENT="would" WC="0.78" CC="00640"/>
						<SP ID="P395_SP00123" HPOS="153" VPOS="917" WIDTH="14"/>
						<String ID="P395_ST00147" HPOS="167" VPOS="890" WIDTH="144" HEIGHT="27" CONTENT="commend" WC="0.72" CC="0265050"/>
						<SP ID="P395_SP00124" HPOS="311" VPOS="917" WIDTH="24"/>
						<String ID="P395_ST00148" HPOS="335" VPOS="890" WIDTH="71" HEIGHT="27" CONTENT="their" WC="0.97" CC="10000"/>
						<SP ID="P395_SP00125" HPOS="406" VPOS="917" WIDTH="21"/>
						<String ID="P395_ST00149" HPOS="427" VPOS="890" WIDTH="125" HEIGHT="35" CONTENT="religion," WC="0.69" CC="401090074"/>
						<SP ID="P395_SP00126" HPOS="552" VPOS="925" WIDTH="23"/>
						<String ID="P395_ST00150" HPOS="575" VPOS="890" WIDTH="36" HEIGHT="36" CONTENT="by" WC="0.83" CC="30"/>
						<SP ID="P395_SP00127" HPOS="611" VPOS="926" WIDTH="14"/>
						<String ID="P395_ST00151" HPOS="625" VPOS="890" WIDTH="196" HEIGHT="37" CONTENT="exemplifying" WC="0.78" CC="090300400430"/>
						<SP ID="P395_SP00128" HPOS="821" VPOS="927" WIDTH="20"/>
						<String ID="P395_ST00152" HPOS="841" VPOS="891" WIDTH="35" HEIGHT="26" CONTENT="its" WC="0.72" CC="232"/>
					</TextLine>
					<TextLine ID="P395_TL00020" HPOS="65" VPOS="938" WIDTH="811" HEIGHT="35">
						<String ID="P395_ST00153" HPOS="65" VPOS="938" WIDTH="144" HEIGHT="35" CONTENT="principles" WC="0.88" CC="0505000000"/>
						<SP ID="P395_SP00129" HPOS="209" VPOS="973" WIDTH="18"/>
						<String ID="P395_ST00154" HPOS="227" VPOS="938" WIDTH="28" HEIGHT="26" CONTENT="in" WC="0.88" CC="20"/>
						<SP ID="P395_SP00130" HPOS="255" VPOS="973" WIDTH="21"/>
						<String ID="P395_ST00155" HPOS="276" VPOS="939" WIDTH="35" HEIGHT="25" CONTENT="all" WC="0.89" CC="030"/>
						<SP ID="P395_SP00131" HPOS="311" VPOS="973" WIDTH="22"/>
						<String ID="P395_ST00156" HPOS="333" VPOS="938" WIDTH="71" HEIGHT="27" CONTENT="their" WC="0.65" CC="06009"/>
						<SP ID="P395_SP00132" HPOS="404" VPOS="973" WIDTH="13"/>
						<String ID="P395_ST00157" HPOS="417" VPOS="939" WIDTH="127" HEIGHT="34" CONTENT="ordinary" WC="0.73" CC="44605000"/>
						<SP ID="P395_SP00133" HPOS="544" VPOS="973" WIDTH="20"/>
						<String ID="P395_ST00158" HPOS="564" VPOS="938" WIDTH="129" HEIGHT="34" CONTENT="pursuits." WC="0.88" CC="030001050"/>
						<SP ID="P395_SP00134" HPOS="693" VPOS="973" WIDTH="40"/>
						<String ID="P395_ST00159" HPOS="733" VPOS="938" WIDTH="58" HEIGHT="26" CONTENT="The" WC="0.83" CC="050"/>
						<SP ID="P395_SP00135" HPOS="791" VPOS="973" WIDTH="21"/>
						<String ID="P395_ST00160" HPOS="812" VPOS="947" WIDTH="64" HEIGHT="18" CONTENT="con" SUBS_TYPE="HypPart1" SUBS_CONTENT="connexions" WC="0.92" CC="0003"/>
						<HYP CONTENT="-"/>
					</TextLine>
					<TextLine ID="P395_TL00021" HPOS="65" VPOS="984" WIDTH="811" HEIGHT="37">
						<String ID="P395_ST00161" HPOS="65" VPOS="985" WIDTH="112" HEIGHT="26" CONTENT="nexions" SUBS_TYPE="HypPart2" SUBS_CONTENT="connexions" WC="0.68" CC="7080050"/>
						<SP ID="P395_SP00136" HPOS="177" VPOS="1011" WIDTH="14"/>
						<String ID="P395_ST00162" HPOS="191" VPOS="985" WIDTH="89" HEIGHT="27" CONTENT="which" WC="0.70" CC="04207"/>
						<SP ID="P395_SP00137" HPOS="280" VPOS="1012" WIDTH="16"/>
						<String ID="P395_ST00163" HPOS="296" VPOS="985" WIDTH="64" HEIGHT="36" CONTENT="they" WC="0.90" CC="0300"/>
						<SP ID="P395_SP00138" HPOS="360" VPOS="1021" WIDTH="15"/>
						<String ID="P395_ST00164" HPOS="375" VPOS="985" WIDTH="90" HEIGHT="36" CONTENT="might" WC="0.86" CC="00070"/>
						<SP ID="P395_SP00139" HPOS="465" VPOS="1021" WIDTH="14"/>
						<String ID="P395_ST00165" HPOS="479" VPOS="985" WIDTH="141" HEIGHT="32" CONTENT="establish," WC="0.64" CC="0216083174"/>
						<SP ID="P395_SP00140" HPOS="620" VPOS="1021" WIDTH="19"/>
						<String ID="P395_ST00166" HPOS="639" VPOS="985" WIDTH="52" HEIGHT="26" CONTENT="and" WC="0.82" CC="050"/>
						<SP ID="P395_SP00141" HPOS="691" VPOS="1021" WIDTH="22"/>
						<String ID="P395_ST00167" HPOS="713" VPOS="984" WIDTH="46" HEIGHT="27" CONTENT="the" WC="0.80" CC="500"/>
						<SP ID="P395_SP00142" HPOS="759" VPOS="1021" WIDTH="15"/>
						<String ID="P395_ST00168" HPOS="774" VPOS="985" WIDTH="102" HEIGHT="36" CONTENT="obliga" SUBS_TYPE="HypPart1" SUBS_CONTENT="obligations" WC="0.91" CC="0060000"/>
						<HYP CONTENT="-"/>
					</TextLine>
					<TextLine ID="P395_TL00022" HPOS="65" VPOS="1033" WIDTH="814" HEIGHT="36">
						<String ID="P395_ST00169" HPOS="65" VPOS="1033" WIDTH="69" HEIGHT="26" CONTENT="tions" SUBS_TYPE="HypPart2" SUBS_CONTENT="obligations" WC="0.70" CC="00535"/>
						<SP ID="P395_SP00143" HPOS="134" VPOS="1059" WIDTH="16"/>
						<String ID="P395_ST00170" HPOS="150" VPOS="1033" WIDTH="88" HEIGHT="26" CONTENT="which" WC="0.79" CC="03006"/>
						<SP ID="P395_SP00144" HPOS="238" VPOS="1059" WIDTH="11"/>
						<String ID="P395_ST00171" HPOS="249" VPOS="1033" WIDTH="64" HEIGHT="35" CONTENT="they" WC="0.66" CC="6600"/>
						<SP ID="P395_SP00145" HPOS="313" VPOS="1068" WIDTH="11"/>
						<String ID="P395_ST00172" HPOS="324" VPOS="1033" WIDTH="80" HEIGHT="26" CONTENT="could" WC="1.00" CC="00000"/>
						<SP ID="P395_SP00146" HPOS="404" VPOS="1068" WIDTH="13"/>
						<String ID="P395_ST00173" HPOS="417" VPOS="1033" WIDTH="114" HEIGHT="36" CONTENT="impose," WC="0.66" CC="2381403"/>
						<SP ID="P395_SP00147" HPOS="531" VPOS="1069" WIDTH="11"/>
						<String ID="P395_ST00174" HPOS="542" VPOS="1033" WIDTH="89" HEIGHT="35" CONTENT="might" WC="0.60" CC="93060"/>
						<SP ID="P395_SP00148" HPOS="631" VPOS="1069" WIDTH="10"/>
						<String ID="P395_ST00175" HPOS="641" VPOS="1033" WIDTH="34" HEIGHT="27" CONTENT="be" WC="0.83" CC="03"/>
						<SP ID="P395_SP00149" HPOS="675" VPOS="1069" WIDTH="10"/>
						<String ID="P395_ST00176" HPOS="685" VPOS="1033" WIDTH="142" HEIGHT="35" CONTENT="employed" WC="0.88" CC="05040000"/>
						<SP ID="P395_SP00150" HPOS="827" VPOS="1069" WIDTH="13"/>
						<String ID="P395_ST00177" HPOS="840" VPOS="1033" WIDTH="39" HEIGHT="26" CONTENT="for" WC="0.93" CC="002"/>
					</TextLine>
					<TextLine ID="P395_TL00023" HPOS="67" VPOS="1079" WIDTH="812" HEIGHT="37">
						<String ID="P395_ST00178" HPOS="67" VPOS="1080" WIDTH="44" HEIGHT="26" CONTENT="the" WC="0.61" CC="470"/>
						<SP ID="P395_SP00151" HPOS="111" VPOS="1106" WIDTH="17"/>
						<String ID="P395_ST00179" HPOS="128" VPOS="1080" WIDTH="126" HEIGHT="36" CONTENT="spiritual" WC="0.64" CC="203935006"/>
						<SP ID="P395_SP00152" HPOS="254" VPOS="1116" WIDTH="17"/>
						<String ID="P395_ST00180" HPOS="271" VPOS="1080" WIDTH="105" HEIGHT="26" CONTENT="welfare" WC="0.84" CC="0710020"/>
						<SP ID="P395_SP00153" HPOS="376" VPOS="1116" WIDTH="16"/>
						<String ID="P395_ST00181" HPOS="392" VPOS="1080" WIDTH="32" HEIGHT="26" CONTENT="of" WC="1.00" CC="00"/>
						<SP ID="P395_SP00154" HPOS="424" VPOS="1116" WIDTH="13"/>
						<String ID="P395_ST00182" HPOS="437" VPOS="1079" WIDTH="171" HEIGHT="27" CONTENT="multitudes." WC="0.69" CC="46402440040"/>
						<SP ID="P395_SP00155" HPOS="608" VPOS="1116" WIDTH="38"/>
						<String ID="P395_ST00183" HPOS="646" VPOS="1080" WIDTH="53" HEIGHT="25" CONTENT="Are" WC="0.69" CC="044"/>
						<SP ID="P395_SP00156" HPOS="699" VPOS="1116" WIDTH="19"/>
						<String ID="P395_ST00184" HPOS="718" VPOS="1079" WIDTH="74" HEIGHT="27" CONTENT="there" WC="0.81" CC="03050"/>
						<SP ID="P395_SP00157" HPOS="792" VPOS="1116" WIDTH="15"/>
						<String ID="P395_ST00185" HPOS="807" VPOS="1089" WIDTH="72" HEIGHT="18" CONTENT="none" WC="0.75" CC="6030"/>
					</TextLine>
					<TextLine ID="P395_TL00024" HPOS="67" VPOS="1127" WIDTH="811" HEIGHT="36">
						<String ID="P395_ST00186" HPOS="67" VPOS="1127" WIDTH="60" HEIGHT="27" CONTENT="who" WC="0.72" CC="061"/>
						<SP ID="P395_SP00158" HPOS="127" VPOS="1154" WIDTH="20"/>
						<String ID="P395_ST00187" HPOS="147" VPOS="1137" WIDTH="108" HEIGHT="26" CONTENT="possess" WC="0.88" CC="0001006"/>
						<SP ID="P395_SP00159" HPOS="255" VPOS="1163" WIDTH="20"/>
						<String ID="P395_ST00188" HPOS="275" VPOS="1127" WIDTH="47" HEIGHT="27" CONTENT="the" WC="0.78" CC="060"/>
						<SP ID="P395_SP00160" HPOS="322" VPOS="1163" WIDTH="16"/>
						<String ID="P395_ST00189" HPOS="338" VPOS="1136" WIDTH="92" HEIGHT="17" CONTENT="means" WC="0.82" CC="90000"/>
						<SP ID="P395_SP00161" HPOS="430" VPOS="1163" WIDTH="14"/>
						<String ID="P395_ST00190" HPOS="444" VPOS="1127" WIDTH="32" HEIGHT="26" CONTENT="of" WC="0.51" CC="35"/>
						<SP ID="P395_SP00162" HPOS="476" VPOS="1163" WIDTH="11"/>
						<String ID="P395_ST00191" HPOS="487" VPOS="1127" WIDTH="84" HEIGHT="31" CONTENT="trade," WC="0.83" CC="540000"/>
						<SP ID="P395_SP00163" HPOS="571" VPOS="1163" WIDTH="14"/>
						<String ID="P395_ST00192" HPOS="585" VPOS="1127" WIDTH="128" HEIGHT="35" CONTENT="disposed" WC="0.77" CC="03180300"/>
						<SP ID="P395_SP00164" HPOS="713" VPOS="1163" WIDTH="10"/>
						<String ID="P395_ST00193" HPOS="723" VPOS="1130" WIDTH="28" HEIGHT="22" CONTENT="to" WC="1.00" CC="00"/>
						<SP ID="P395_SP00165" HPOS="751" VPOS="1163" WIDTH="13"/>
						<String ID="P395_ST00194" HPOS="764" VPOS="1127" WIDTH="114" HEIGHT="26" CONTENT="embark" WC="0.83" CC="010350"/>
					</TextLine>
					<TextLine ID="P395_TL00025" HPOS="67" VPOS="1173" WIDTH="813" HEIGHT="37">
						<String ID="P395_ST00195" HPOS="67" VPOS="1174" WIDTH="68" HEIGHT="27" CONTENT="their" WC="0.73" CC="07006"/>
						<SP ID="P395_SP00166" HPOS="135" VPOS="1201" WIDTH="9"/>
						<String ID="P395_ST00196" HPOS="144" VPOS="1175" WIDTH="102" HEIGHT="35" CONTENT="capital" WC="0.73" CC="0402254"/>
						<SP ID="P395_SP00167" HPOS="246" VPOS="1210" WIDTH="14"/>
						<String ID="P395_ST00197" HPOS="260" VPOS="1175" WIDTH="28" HEIGHT="26" CONTENT="in" WC="0.50" CC="27"/>
						<SP ID="P395_SP00168" HPOS="288" VPOS="1210" WIDTH="14"/>
						<String ID="P395_ST00198" HPOS="302" VPOS="1175" WIDTH="69" HEIGHT="26" CONTENT="such" WC="0.77" CC="4004"/>
						<SP ID="P395_SP00169" HPOS="371" VPOS="1210" WIDTH="12"/>
						<String ID="P395_ST00199" HPOS="383" VPOS="1183" WIDTH="15" HEIGHT="17" CONTENT="a" WC="0.95" CC="0"/>
						<SP ID="P395_SP00170" HPOS="398" VPOS="1210" WIDTH="10"/>
						<String ID="P395_ST00200" HPOS="408" VPOS="1182" WIDTH="81" HEIGHT="18" CONTENT="cause" WC="0.87" CC="00060"/>
						<SP ID="P395_SP00171" HPOS="489" VPOS="1210" WIDTH="11"/>
						<String ID="P395_ST00201" HPOS="500" VPOS="1173" WIDTH="9" HEIGHT="26" CONTENT="?" WC="0.01" CC="9"/>
						<SP ID="P395_SP00172" HPOS="509" VPOS="1210" WIDTH="36"/>
						<String ID="P395_ST00202" HPOS="545" VPOS="1174" WIDTH="53" HEIGHT="25" CONTENT="Are" WC="1.00" CC="000"/>
						<SP ID="P395_SP00173" HPOS="598" VPOS="1210" WIDTH="10"/>
						<String ID="P395_ST00203" HPOS="608" VPOS="1173" WIDTH="74" HEIGHT="26" CONTENT="there" WC="0.73" CC="67000"/>
						<SP ID="P395_SP00174" HPOS="682" VPOS="1210" WIDTH="12"/>
						<String ID="P395_ST00204" HPOS="694" VPOS="1182" WIDTH="80" HEIGHT="23" CONTENT="none," WC="0.68" CC="50504"/>
						<SP ID="P395_SP00175" HPOS="774" VPOS="1210" WIDTH="16"/>
						<String ID="P395_ST00205" HPOS="790" VPOS="1173" WIDTH="90" HEIGHT="27" CONTENT="whose" WC="0.76" CC="05230"/>
					</TextLine>
					<TextLine ID="P395_TL00026" HPOS="67" VPOS="1219" WIDTH="813" HEIGHT="40">
						<String ID="P395_ST00206" HPOS="67" VPOS="1227" WIDTH="196" HEIGHT="32" CONTENT="engagements" WC="0.82" CC="45020040100"/>
						<SP ID="P395_SP00176" HPOS="263" VPOS="1259" WIDTH="17"/>
						<String ID="P395_ST00207" HPOS="280" VPOS="1232" WIDTH="44" HEIGHT="17" CONTENT="are" WC="0.66" CC="630"/>
						<SP ID="P395_SP00177" HPOS="324" VPOS="1259" WIDTH="14"/>
						<String ID="P395_ST00208" HPOS="338" VPOS="1227" WIDTH="49" HEIGHT="22" CONTENT="not" WC="1.00" CC="000"/>
						<SP ID="P395_SP00178" HPOS="387" VPOS="1259" WIDTH="18"/>
						<String ID="P395_ST00209" HPOS="405" VPOS="1230" WIDTH="30" HEIGHT="18" CONTENT="so" WC="0.87" CC="20"/>
						<SP ID="P395_SP00179" HPOS="435" VPOS="1259" WIDTH="13"/>
						<String ID="P395_ST00210" HPOS="448" VPOS="1229" WIDTH="145" HEIGHT="25" CONTENT="necessary" WC="0.81" CC="003002009"/>
						<SP ID="P395_SP00180" HPOS="593" VPOS="1259" WIDTH="14"/>
						<String ID="P395_ST00211" HPOS="607" VPOS="1223" WIDTH="28" HEIGHT="22" CONTENT="to" WC="1.00" CC="00"/>
						<SP ID="P395_SP00181" HPOS="635" VPOS="1259" WIDTH="14"/>
						<String ID="P395_ST00212" HPOS="649" VPOS="1219" WIDTH="171" HEIGHT="30" CONTENT="themselves," WC="0.84" CC="04000008200"/>
						<SP ID="P395_SP00182" HPOS="820" VPOS="1259" WIDTH="12"/>
						<String ID="P395_ST00213" HPOS="832" VPOS="1229" WIDTH="48" HEIGHT="17" CONTENT="nor" WC="0.66" CC="504"/>
					</TextLine>
					<TextLine ID="P395_TL00027" HPOS="65" VPOS="1266" WIDTH="815" HEIGHT="41">
						<String ID="P395_ST00214" HPOS="65" VPOS="1280" WIDTH="29" HEIGHT="18" CONTENT="so" WC="0.76" CC="13"/>
						<SP ID="P395_SP00183" HPOS="94" VPOS="1298" WIDTH="14"/>
						<String ID="P395_ST00215" HPOS="108" VPOS="1271" WIDTH="166" HEIGHT="36" CONTENT="sufficiently" WC="0.85" CC="200000300360"/>
						<SP ID="P395_SP00184" HPOS="274" VPOS="1307" WIDTH="15"/>
						<String ID="P395_ST00216" HPOS="289" VPOS="1269" WIDTH="131" HEIGHT="28" CONTENT="available" WC="0.90" CC="050030000"/>
						<SP ID="P395_SP00185" HPOS="420" VPOS="1307" WIDTH="15"/>
						<String ID="P395_ST00217" HPOS="435" VPOS="1273" WIDTH="28" HEIGHT="21" CONTENT="to" WC="0.75" CC="04"/>
						<SP ID="P395_SP00186" HPOS="463" VPOS="1307" WIDTH="13"/>
						<String ID="P395_ST00218" HPOS="476" VPOS="1268" WIDTH="47" HEIGHT="26" CONTENT="the" WC="0.71" CC="071"/>
						<SP ID="P395_SP00187" HPOS="523" VPOS="1307" WIDTH="14"/>
						<String ID="P395_ST00219" HPOS="537" VPOS="1270" WIDTH="75" HEIGHT="33" CONTENT="great" WC="0.70" CC="92010"/>
						<SP ID="P395_SP00188" HPOS="612" VPOS="1307" WIDTH="18"/>
						<String ID="P395_ST00220" HPOS="630" VPOS="1266" WIDTH="104" HEIGHT="36" CONTENT="objects" WC="0.89" CC="0700000"/>
						<SP ID="P395_SP00189" HPOS="734" VPOS="1307" WIDTH="20"/>
						<String ID="P395_ST00221" HPOS="754" VPOS="1266" WIDTH="31" HEIGHT="27" CONTENT="of" WC="0.78" CC="40"/>
						<SP ID="P395_SP00190" HPOS="785" VPOS="1307" WIDTH="16"/>
						<String ID="P395_ST00222" HPOS="801" VPOS="1266" WIDTH="79" HEIGHT="27" CONTENT="bene" SUBS_TYPE="HypPart1" SUBS_CONTENT="benevolence," WC="0.95" CC="00002"/>
						<HYP CONTENT="-"/>
					</TextLine>
					<TextLine ID="P395_TL00028" HPOS="66" VPOS="1312" WIDTH="814" HEIGHT="42">
						<String ID="P395_ST00223" HPOS="66" VPOS="1319" WIDTH="119" HEIGHT="33" CONTENT="volence," SUBS_TYPE="HypPart2" SUBS_CONTENT="benevolence," WC="0.85" CC="00007004"/>
						<SP ID="P395_SP00191" HPOS="185" VPOS="1352" WIDTH="10"/>
						<String ID="P395_ST00224" HPOS="195" VPOS="1328" WIDTH="29" HEIGHT="17" CONTENT="as" WC="0.60" CC="70"/>
						<SP ID="P395_SP00192" HPOS="224" VPOS="1352" WIDTH="9"/>
						<String ID="P395_ST00225" HPOS="233" VPOS="1322" WIDTH="28" HEIGHT="22" CONTENT="to" WC="0.91" CC="10"/>
						<SP ID="P395_SP00193" HPOS="261" VPOS="1352" WIDTH="10"/>
						<String ID="P395_ST00226" HPOS="271" VPOS="1322" WIDTH="114" HEIGHT="32" CONTENT="prevent" WC="0.82" CC="0440030"/>
						<SP ID="P395_SP00194" HPOS="385" VPOS="1354" WIDTH="9"/>
						<String ID="P395_ST00227" HPOS="394" VPOS="1315" WIDTH="74" HEIGHT="27" CONTENT="them" WC="0.91" CC="0102"/>
						<SP ID="P395_SP00195" HPOS="468" VPOS="1354" WIDTH="10"/>
						<String ID="P395_ST00228" HPOS="478" VPOS="1315" WIDTH="66" HEIGHT="26" CONTENT="from" WC="0.93" CC="0002"/>
						<SP ID="P395_SP00196" HPOS="544" VPOS="1354" WIDTH="9"/>
						<String ID="P395_ST00229" HPOS="553" VPOS="1313" WIDTH="109" HEIGHT="35" CONTENT="leaving" WC="0.64" CC="6003409"/>
						<SP ID="P395_SP00197" HPOS="662" VPOS="1354" WIDTH="9"/>
						<String ID="P395_ST00230" HPOS="671" VPOS="1312" WIDTH="69" HEIGHT="27" CONTENT="their" WC="0.65" CC="16035"/>
						<SP ID="P395_SP00198" HPOS="740" VPOS="1354" WIDTH="7"/>
						<String ID="P395_ST00231" HPOS="747" VPOS="1317" WIDTH="115" HEIGHT="31" CONTENT="country" WC="0.80" CC="0053400"/>
						<SP ID="P395_SP00199" HPOS="862" VPOS="1354" WIDTH="7"/>
						<String ID="P395_ST00232" HPOS="869" VPOS="1312" WIDTH="11" HEIGHT="26" CONTENT="?" WC="0.35" CC="6"/>
					</TextLine>
					<TextLine ID="P395_TL00029" HPOS="67" VPOS="1359" WIDTH="814" HEIGHT="34">
						<String ID="P395_ST00233" HPOS="67" VPOS="1366" WIDTH="56" HEIGHT="26" CONTENT="The" WC="0.94" CC="010"/>
						<SP ID="P395_SP00200" HPOS="123" VPOS="1392" WIDTH="24"/>
						<String ID="P395_ST00234" HPOS="147" VPOS="1365" WIDTH="135" HEIGHT="28" CONTENT="churches" WC="0.68" CC="07030706"/>
						<SP ID="P395_SP00201" HPOS="282" VPOS="1393" WIDTH="23"/>
						<String ID="P395_ST00235" HPOS="305" VPOS="1374" WIDTH="53" HEIGHT="18" CONTENT="can." WC="0.51" CC="0963"/>
						<SP ID="P395_SP00202" HPOS="358" VPOS="1393" WIDTH="24"/>
						<String ID="P395_ST00236" HPOS="382" VPOS="1363" WIDTH="107" HEIGHT="27" CONTENT="furnish" WC="0.65" CC="3316054"/>
						<SP ID="P395_SP00203" HPOS="489" VPOS="1393" WIDTH="21"/>
						<String ID="P395_ST00237" HPOS="510" VPOS="1361" WIDTH="130" HEIGHT="27" CONTENT="numbers" WC="0.77" CC="3033023"/>
						<SP ID="P395_SP00204" HPOS="640" VPOS="1393" WIDTH="22"/>
						<String ID="P395_ST00238" HPOS="662" VPOS="1359" WIDTH="219" HEIGHT="28" CONTENT="unencumbered" WC="0.86" CC="600405000000"/>
					</TextLine>
					<TextLine ID="P395_TL00030" HPOS="67" VPOS="1406" WIDTH="814" HEIGHT="37">
						<String ID="P395_ST00239" HPOS="67" VPOS="1414" WIDTH="66" HEIGHT="27" CONTENT="with" WC="0.65" CC="9004"/>
						<SP ID="P395_SP00205" HPOS="133" VPOS="1441" WIDTH="13"/>
						<String ID="P395_ST00240" HPOS="146" VPOS="1414" WIDTH="134" HEIGHT="27" CONTENT="domestic" WC="0.73" CC="80404040"/>
						<SP ID="P395_SP00206" HPOS="280" VPOS="1441" WIDTH="14"/>
						<String ID="P395_ST00241" HPOS="294" VPOS="1421" WIDTH="85" HEIGHT="22" CONTENT="cares," WC="0.74" CC="086000"/>
						<SP ID="P395_SP00207" HPOS="379" VPOS="1443" WIDTH="14"/>
						<String ID="P395_ST00242" HPOS="393" VPOS="1421" WIDTH="37" HEIGHT="21" CONTENT="or," WC="0.87" CC="003"/>
						<SP ID="P395_SP00208" HPOS="430" VPOS="1443" WIDTH="14"/>
						<String ID="P395_ST00243" HPOS="444" VPOS="1411" WIDTH="25" HEIGHT="25" CONTENT="if" WC="1.00" CC="00"/>
						<SP ID="P395_SP00209" HPOS="469" VPOS="1443" WIDTH="10"/>
						<String ID="P395_ST00244" HPOS="479" VPOS="1409" WIDTH="124" HEIGHT="32" CONTENT="married," WC="0.82" CC="50004003"/>
						<SP ID="P395_SP00210" HPOS="603" VPOS="1443" WIDTH="15"/>
						<String ID="P395_ST00245" HPOS="618" VPOS="1408" WIDTH="117" HEIGHT="27" CONTENT="without" WC="0.75" CC="0707020"/>
						<SP ID="P395_SP00211" HPOS="735" VPOS="1443" WIDTH="13"/>
						<String ID="P395_ST00246" HPOS="748" VPOS="1406" WIDTH="114" HEIGHT="27" CONTENT="families" WC="0.72" CC="40066400"/>
						<SP ID="P395_SP00212" HPOS="862" VPOS="1443" WIDTH="13"/>
						<String ID="P395_ST00247" HPOS="875" VPOS="1415" WIDTH="6" HEIGHT="16" CONTENT=":" WC="0.30" CC="6"/>
					</TextLine>
					<TextLine ID="P395_TL00031" HPOS="68" VPOS="1453" WIDTH="815" HEIGHT="43">
						<String ID="P395_ST00248" HPOS="68" VPOS="1462" WIDTH="74" HEIGHT="26" CONTENT="what" WC="0.75" CC="0720"/>
						<SP ID="P395_SP00213" HPOS="142" VPOS="1488" WIDTH="14"/>
						<String ID="P395_ST00249" HPOS="156" VPOS="1461" WIDTH="99" HEIGHT="27" CONTENT="should" WC="0.79" CC="070050"/>
						<SP ID="P395_SP00214" HPOS="255" VPOS="1488" WIDTH="16"/>
						<String ID="P395_ST00250" HPOS="271" VPOS="1463" WIDTH="114" HEIGHT="33" CONTENT="prevent" WC="0.85" CC="0700003"/>
						<SP ID="P395_SP00215" HPOS="385" VPOS="1496" WIDTH="13"/>
						<String ID="P395_ST00251" HPOS="398" VPOS="1457" WIDTH="68" HEIGHT="28" CONTENT="such" WC="0.60" CC="7016"/>
						<SP ID="P395_SP00216" HPOS="466" VPOS="1496" WIDTH="15"/>
						<String ID="P395_ST00252" HPOS="481" VPOS="1457" WIDTH="67" HEIGHT="26" CONTENT="from" WC="0.44" CC="2198"/>
						<SP ID="P395_SP00217" HPOS="548" VPOS="1496" WIDTH="16"/>
						<String ID="P395_ST00253" HPOS="564" VPOS="1454" WIDTH="138" HEIGHT="37" CONTENT="engaging" WC="0.66" CC="04049071"/>
						<SP ID="P395_SP00218" HPOS="702" VPOS="1496" WIDTH="22"/>
						<String ID="P395_ST00254" HPOS="724" VPOS="1453" WIDTH="29" HEIGHT="27" CONTENT="in" WC="0.56" CC="08"/>
						<SP ID="P395_SP00219" HPOS="753" VPOS="1496" WIDTH="17"/>
						<String ID="P395_ST00255" HPOS="770" VPOS="1453" WIDTH="65" HEIGHT="34" CONTENT="this," WC="0.72" CC="04323"/>
						<SP ID="P395_SP00220" HPOS="835" VPOS="1496" WIDTH="19"/>
						<String ID="P395_ST00256" HPOS="854" VPOS="1462" WIDTH="29" HEIGHT="19" CONTENT="or" WC="0.75" CC="40"/>
					</TextLine>
				</TextBlock>
			</PrintSpace>
		</Page>
	</Layout>
</alto>
