<?xml version="1.0" encoding="UTF-8"?>
<alto xmlns:xsi="http://www.w3.org/2001/XMLSchema-instance" xsi:noNamespaceSchemaLocation="http://www.bl.uk/schemas/alto/alto-1-4.xsd" xmlns:xlink="http://www.w3.org/1999/xlink">
	<Description>
		<MeasurementUnit>mm10</MeasurementUnit>
		<sourceImageInformation>
			<fileName>//head1/IN/2008-15/A0011390163/005063.jp2</fileName>
		</sourceImageInformation>
		<OCRProcessing ID="OCRPROCESSING_1">
			<preProcessingStep>
				<processingSoftware>
					<softwareCreator>CCS Content Conversion Specialists GmbH, Germany</softwareCreator>
					<softwareName>CCS docWORKS</softwareName>
					<softwareVersion>6.1-0.67</softwareVersion>
				</processingSoftware>
			</preProcessingStep>
			<ocrProcessingStep>
				<processingSoftware>
					<softwareCreator>ABBYY (BIT Software), Russia</softwareCreator>
					<softwareName>Finereader</softwareName>
				</processingSoftware>
			</ocrProcessingStep>
		</OCRProcessing>
	</Description>
	<Styles>
		<TextStyle ID="TXT_0" FONTSIZE="10" FONTFAMILY="Courier New"/>
		<TextStyle ID="TXT_1" FONTSIZE="9" FONTFAMILY="Courier New"/>
		<ParagraphStyle ID="PAR_RIGHT" ALIGN="Right"/>
		<ParagraphStyle ID="PAR_LEFT" ALIGN="Left"/>
		<ParagraphStyle ID="PAR_CENTER" ALIGN="Center"/>
	</Styles>
	<Layout>
		<Page ID="P287" PHYSICAL_IMG_NR="287" HEIGHT="1595" WIDTH="960" PRINTED_IMG_NR="249" POSITION="Right" ACCURACY="76.79">
			<TopMargin ID="P287_TM00001" HPOS="0" VPOS="0" WIDTH="960" HEIGHT="58">
				<TextBlock ID="P287_TB00001" HPOS="794" VPOS="31" WIDTH="53" HEIGHT="25" STYLEREFS="TXT_0 PAR_RIGHT">
					<TextLine ID="P287_TL00001" HPOS="794" VPOS="32" WIDTH="53" HEIGHT="24">
						<String ID="P287_ST00001" HPOS="794" VPOS="32" WIDTH="53" HEIGHT="24" CONTENT="249" WC="0.86" CC="004"/>
					</TextLine>
				</TextBlock>
				<TextBlock ID="P287_TB00002" HPOS="296" VPOS="38" WIDTH="294" HEIGHT="18" STYLEREFS="TXT_1 PAR_LEFT">
					<TextLine ID="P287_TL00002" HPOS="296" VPOS="39" WIDTH="294" HEIGHT="17">
						<String ID="P287_ST00002" HPOS="296" VPOS="39" WIDTH="138" HEIGHT="17" CONTENT="PASSAGE" WC="0.78" CC="6800000"/>
						<SP ID="P287_SP00001" HPOS="434" VPOS="56" WIDTH="17"/>
						<String ID="P287_ST00003" HPOS="451" VPOS="40" WIDTH="38" HEIGHT="16" CONTENT="TO" WC="0.50" CC="90"/>
						<SP ID="P287_SP00002" HPOS="489" VPOS="56" WIDTH="15"/>
						<String ID="P287_ST00004" HPOS="504" VPOS="40" WIDTH="86" HEIGHT="16" CONTENT="SIAM." WC="0.86" CC="06000"/>
					</TextLine>
				</TextBlock>
			</TopMargin>
			<LeftMargin ID="P287_LM00001" HPOS="0" VPOS="58" WIDTH="40" HEIGHT="1432"/>
			<RightMargin ID="P287_RM00001" HPOS="858" VPOS="58" WIDTH="102" HEIGHT="1432"/>
			<BottomMargin ID="P287_BM00001" HPOS="0" VPOS="1490" WIDTH="960" HEIGHT="105"/>
			<PrintSpace ID="P287_PS00001" HPOS="40" VPOS="58" WIDTH="818" HEIGHT="1432">
				<TextBlock ID="P287_TB00003" HPOS="40" VPOS="99" WIDTH="809" HEIGHT="129" STYLEREFS="TXT_1 PAR_LEFT">
					<TextLine ID="P287_TL00003" HPOS="42" VPOS="100" WIDTH="807" HEIGHT="38">
						<String ID="P287_ST00005" HPOS="42" VPOS="101" WIDTH="66" HEIGHT="27" CONTENT="from" WC="0.55" CC="3049"/>
						<SP ID="P287_SP00003" HPOS="108" VPOS="128" WIDTH="14"/>
						<String ID="P287_ST00006" HPOS="122" VPOS="100" WIDTH="150" HEIGHT="36" CONTENT="Singapore" WC="0.79" CC="322054000"/>
						<SP ID="P287_SP00004" HPOS="272" VPOS="136" WIDTH="13"/>
						<String ID="P287_ST00007" HPOS="285" VPOS="105" WIDTH="28" HEIGHT="22" CONTENT="to" WC="0.90" CC="02"/>
						<SP ID="P287_SP00005" HPOS="313" VPOS="136" WIDTH="16"/>
						<String ID="P287_ST00008" HPOS="329" VPOS="101" WIDTH="75" HEIGHT="26" CONTENT="Siam" WC="0.85" CC="2030"/>
						<String ID="P287_ST00009" HPOS="406" VPOS="118" WIDTH="35" HEIGHT="3" CONTENT="—" WC="0.20" CC="8"/>
						<String ID="P287_ST00010" HPOS="444" VPOS="102" WIDTH="59" HEIGHT="27" CONTENT="that" WC="0.83" CC="0600"/>
						<SP ID="P287_SP00006" HPOS="503" VPOS="136" WIDTH="14"/>
						<String ID="P287_ST00011" HPOS="517" VPOS="103" WIDTH="22" HEIGHT="26" CONTENT="is" WC="1.00" CC="00"/>
						<SP ID="P287_SP00007" HPOS="539" VPOS="136" WIDTH="13"/>
						<String ID="P287_ST00012" HPOS="552" VPOS="107" WIDTH="28" HEIGHT="22" CONTENT="to" WC="0.82" CC="03"/>
						<SP ID="P287_SP00008" HPOS="580" VPOS="136" WIDTH="8"/>
						<String ID="P287_ST00013" HPOS="588" VPOS="112" WIDTH="63" HEIGHT="26" CONTENT="-say," WC="0.85" CC="20400"/>
						<SP ID="P287_SP00009" HPOS="651" VPOS="138" WIDTH="21"/>
						<String ID="P287_ST00014" HPOS="672" VPOS="102" WIDTH="40" HEIGHT="27" CONTENT="for" WC="0.74" CC="330"/>
						<SP ID="P287_SP00010" HPOS="712" VPOS="138" WIDTH="13"/>
						<String ID="P287_ST00015" HPOS="725" VPOS="111" WIDTH="50" HEIGHT="17" CONTENT="one" WC="0.75" CC="060"/>
						<SP ID="P287_SP00011" HPOS="775" VPOS="138" WIDTH="19"/>
						<String ID="P287_ST00016" HPOS="794" VPOS="111" WIDTH="55" HEIGHT="18" CONTENT="cer" SUBS_TYPE="HypPart1" SUBS_CONTENT="certainly," WC="0.93" CC="0002"/>
						<HYP CONTENT="-"/>
					</TextLine>
					<TextLine ID="P287_TL00004" HPOS="42" VPOS="148" WIDTH="806" HEIGHT="35">
						<String ID="P287_ST00017" HPOS="42" VPOS="148" WIDTH="94" HEIGHT="35" CONTENT="tainly," SUBS_TYPE="HypPart2" SUBS_CONTENT="certainly," WC="0.68" CC="0467004"/>
						<SP ID="P287_SP00012" HPOS="136" VPOS="183" WIDTH="22"/>
						<String ID="P287_ST00018" HPOS="158" VPOS="148" WIDTH="53" HEIGHT="26" CONTENT="and" WC="0.55" CC="760"/>
						<SP ID="P287_SP00013" HPOS="211" VPOS="183" WIDTH="21"/>
						<String ID="P287_ST00019" HPOS="232" VPOS="148" WIDTH="157" HEIGHT="27" CONTENT="sometimes" WC="0.67" CC="363050900"/>
						<SP ID="P287_SP00014" HPOS="389" VPOS="183" WIDTH="20"/>
						<String ID="P287_ST00020" HPOS="409" VPOS="149" WIDTH="40" HEIGHT="27" CONTENT="for" WC="0.94" CC="010"/>
						<SP ID="P287_SP00015" HPOS="449" VPOS="183" WIDTH="19"/>
						<String ID="P287_ST00021" HPOS="468" VPOS="154" WIDTH="61" HEIGHT="28" CONTENT="two," WC="0.88" CC="1030"/>
						<SP ID="P287_SP00016" HPOS="529" VPOS="183" WIDTH="27"/>
						<String ID="P287_ST00022" HPOS="556" VPOS="149" WIDTH="119" HEIGHT="27" CONTENT="months'" WC="0.67" CC="5050560"/>
						<SP ID="P287_SP00017" HPOS="675" VPOS="183" WIDTH="18"/>
						<String ID="P287_ST00023" HPOS="693" VPOS="149" WIDTH="83" HEIGHT="27" CONTENT="board" WC="0.90" CC="02020"/>
						<SP ID="P287_SP00018" HPOS="776" VPOS="183" WIDTH="20"/>
						<String ID="P287_ST00024" HPOS="796" VPOS="149" WIDTH="52" HEIGHT="27" CONTENT="and" WC="0.47" CC="870"/>
					</TextLine>
					<TextLine ID="P287_TL00005" HPOS="42" VPOS="194" WIDTH="120" HEIGHT="34">
						<String ID="P287_ST00025" HPOS="42" VPOS="194" WIDTH="120" HEIGHT="34" CONTENT="lodging." WC="0.63" CC="24903504"/>
					</TextLine>
				</TextBlock>
				<TextBlock ID="P287_TB00004" HPOS="43" VPOS="240" WIDTH="808" HEIGHT="364" STYLEREFS="TXT_1 PAR_LEFT">
					<TextLine ID="P287_TL00006" HPOS="78" VPOS="241" WIDTH="773" HEIGHT="38">
						<String ID="P287_ST00026" HPOS="78" VPOS="242" WIDTH="57" HEIGHT="26" CONTENT="The" WC="0.76" CC="060"/>
						<SP ID="P287_SP00019" HPOS="135" VPOS="268" WIDTH="13"/>
						<String ID="P287_ST00027" HPOS="148" VPOS="241" WIDTH="75" HEIGHT="35" CONTENT="place" WC="0.91" CC="04000"/>
						<SP ID="P287_SP00020" HPOS="223" VPOS="276" WIDTH="11"/>
						<String ID="P287_ST00028" HPOS="234" VPOS="242" WIDTH="126" HEIGHT="35" CONTENT="assigned" WC="0.81" CC="35000600"/>
						<SP ID="P287_SP00021" HPOS="360" VPOS="277" WIDTH="16"/>
						<String ID="P287_ST00029" HPOS="376" VPOS="247" WIDTH="28" HEIGHT="22" CONTENT="to" WC="0.85" CC="02"/>
						<SP ID="P287_SP00022" HPOS="404" VPOS="277" WIDTH="13"/>
						<String ID="P287_ST00030" HPOS="417" VPOS="252" WIDTH="43" HEIGHT="17" CONTENT="me" WC="0.56" CC="80"/>
						<SP ID="P287_SP00023" HPOS="460" VPOS="277" WIDTH="13"/>
						<String ID="P287_ST00031" HPOS="473" VPOS="243" WIDTH="22" HEIGHT="27" CONTENT="is" WC="0.88" CC="20"/>
						<SP ID="P287_SP00024" HPOS="495" VPOS="277" WIDTH="18"/>
						<String ID="P287_ST00032" HPOS="513" VPOS="253" WIDTH="15" HEIGHT="17" CONTENT="a" WC="1.00" CC="0"/>
						<SP ID="P287_SP00025" HPOS="528" VPOS="277" WIDTH="20"/>
						<String ID="P287_ST00033" HPOS="548" VPOS="244" WIDTH="52" HEIGHT="26" CONTENT="box" WC="0.65" CC="009"/>
						<SP ID="P287_SP00026" HPOS="600" VPOS="277" WIDTH="17"/>
						<String ID="P287_ST00034" HPOS="617" VPOS="253" WIDTH="34" HEIGHT="17" CONTENT="on" WC="0.67" CC="06"/>
						<SP ID="P287_SP00027" HPOS="651" VPOS="277" WIDTH="20"/>
						<String ID="P287_ST00035" HPOS="671" VPOS="243" WIDTH="46" HEIGHT="27" CONTENT="the" WC="0.63" CC="073"/>
						<SP ID="P287_SP00028" HPOS="717" VPOS="277" WIDTH="14"/>
						<String ID="P287_ST00036" HPOS="731" VPOS="248" WIDTH="120" HEIGHT="31" CONTENT="quarter" SUBS_TYPE="HypPart1" SUBS_CONTENT="quarterdeck," WC="0.82" CC="07030004"/>
						<HYP CONTENT="-"/>
					</TextLine>
					<TextLine ID="P287_TL00007" HPOS="43" VPOS="287" WIDTH="808" HEIGHT="37">
						<String ID="P287_ST00037" HPOS="43" VPOS="288" WIDTH="77" HEIGHT="32" CONTENT="deck," SUBS_TYPE="HypPart2" SUBS_CONTENT="quarterdeck," WC="0.73" CC="80004"/>
						<SP ID="P287_SP00029" HPOS="120" VPOS="320" WIDTH="21"/>
						<String ID="P287_ST00038" HPOS="141" VPOS="287" WIDTH="163" HEIGHT="37" CONTENT="resembling" WC="0.87" CC="5000400030"/>
						<SP ID="P287_SP00030" HPOS="304" VPOS="324" WIDTH="20"/>
						<String ID="P287_ST00039" HPOS="324" VPOS="298" WIDTH="34" HEIGHT="16" CONTENT="an" WC="0.66" CC="06"/>
						<SP ID="P287_SP00031" HPOS="358" VPOS="324" WIDTH="15"/>
						<String ID="P287_ST00040" HPOS="373" VPOS="298" WIDTH="78" HEIGHT="22" CONTENT="oven," WC="0.90" CC="00040"/>
						<SP ID="P287_SP00032" HPOS="451" VPOS="324" WIDTH="22"/>
						<String ID="P287_ST00041" HPOS="473" VPOS="290" WIDTH="53" HEIGHT="26" CONTENT="and" WC="0.96" CC="010"/>
						<SP ID="P287_SP00033" HPOS="526" VPOS="324" WIDTH="24"/>
						<String ID="P287_ST00042" HPOS="550" VPOS="299" WIDTH="30" HEIGHT="18" CONTENT="so" WC="0.63" CC="43"/>
						<SP ID="P287_SP00034" HPOS="580" VPOS="324" WIDTH="23"/>
						<String ID="P287_ST00043" HPOS="603" VPOS="290" WIDTH="144" HEIGHT="26" CONTENT="straitened" WC="0.74" CC="6236000700"/>
						<SP ID="P287_SP00035" HPOS="747" VPOS="324" WIDTH="22"/>
						<String ID="P287_ST00044" HPOS="769" VPOS="290" WIDTH="26" HEIGHT="26" CONTENT="in" WC="0.80" CC="03"/>
						<SP ID="P287_SP00036" HPOS="795" VPOS="324" WIDTH="21"/>
						<String ID="P287_ST00045" HPOS="816" VPOS="290" WIDTH="35" HEIGHT="26" CONTENT="its" WC="0.61" CC="253"/>
					</TextLine>
					<TextLine ID="P287_TL00008" HPOS="44" VPOS="335" WIDTH="807" HEIGHT="37">
						<String ID="P287_ST00046" HPOS="44" VPOS="336" WIDTH="163" HEIGHT="26" CONTENT="dimensions" WC="0.81" CC="0000120526"/>
						<SP ID="P287_SP00037" HPOS="207" VPOS="362" WIDTH="21"/>
						<String ID="P287_ST00047" HPOS="228" VPOS="335" WIDTH="61" HEIGHT="26" CONTENT="that" WC="0.73" CC="0703"/>
						<SP ID="P287_SP00038" HPOS="289" VPOS="362" WIDTH="23"/>
						<String ID="P287_ST00048" HPOS="312" VPOS="336" WIDTH="21" HEIGHT="25" CONTENT="it" WC="0.72" CC="22"/>
						<SP ID="P287_SP00039" HPOS="333" VPOS="362" WIDTH="20"/>
						<String ID="P287_ST00049" HPOS="353" VPOS="336" WIDTH="53" HEIGHT="26" CONTENT="will" WC="0.72" CC="4006"/>
						<SP ID="P287_SP00040" HPOS="406" VPOS="362" WIDTH="20"/>
						<String ID="P287_ST00050" HPOS="426" VPOS="337" WIDTH="63" HEIGHT="26" CONTENT="hold" WC="0.92" CC="3000"/>
						<SP ID="P287_SP00041" HPOS="489" VPOS="363" WIDTH="28"/>
						<String ID="P287_ST00051" HPOS="517" VPOS="346" WIDTH="62" HEIGHT="26" CONTENT="very" WC="0.50" CC="6058"/>
						<SP ID="P287_SP00042" HPOS="579" VPOS="372" WIDTH="25"/>
						<String ID="P287_ST00052" HPOS="604" VPOS="337" WIDTH="70" HEIGHT="26" CONTENT="little" WC="0.76" CC="403050"/>
						<SP ID="P287_SP00043" HPOS="674" VPOS="372" WIDTH="20"/>
						<String ID="P287_ST00053" HPOS="694" VPOS="345" WIDTH="71" HEIGHT="19" CONTENT="more" WC="0.63" CC="7601"/>
						<SP ID="P287_SP00044" HPOS="765" VPOS="372" WIDTH="21"/>
						<String ID="P287_ST00054" HPOS="786" VPOS="337" WIDTH="65" HEIGHT="26" CONTENT="than" WC="0.71" CC="2710"/>
					</TextLine>
					<TextLine ID="P287_TL00009" HPOS="45" VPOS="382" WIDTH="806" HEIGHT="37">
						<String ID="P287_ST00055" HPOS="45" VPOS="382" WIDTH="112" HEIGHT="36" CONTENT="myself:" WC="0.84" CC="3001004"/>
						<SP ID="P287_SP00045" HPOS="157" VPOS="418" WIDTH="32"/>
						<String ID="P287_ST00056" HPOS="189" VPOS="392" WIDTH="48" HEIGHT="16" CONTENT="nor" WC="0.64" CC="604"/>
						<SP ID="P287_SP00046" HPOS="237" VPOS="418" WIDTH="23"/>
						<String ID="P287_ST00057" HPOS="260" VPOS="392" WIDTH="51" HEIGHT="16" CONTENT="can" WC="0.61" CC="074"/>
						<SP ID="P287_SP00047" HPOS="311" VPOS="418" WIDTH="23"/>
						<String ID="P287_ST00058" HPOS="334" VPOS="382" WIDTH="12" HEIGHT="26" CONTENT="I" WC="1.00" CC="0"/>
						<SP ID="P287_SP00048" HPOS="346" VPOS="418" WIDTH="22"/>
						<String ID="P287_ST00059" HPOS="368" VPOS="383" WIDTH="35" HEIGHT="26" CONTENT="sit" WC="0.49" CC="563"/>
						<SP ID="P287_SP00049" HPOS="403" VPOS="418" WIDTH="20"/>
						<String ID="P287_ST00060" HPOS="423" VPOS="383" WIDTH="113" HEIGHT="36" CONTENT="upright" WC="0.75" CC="0000961"/>
						<SP ID="P287_SP00050" HPOS="536" VPOS="419" WIDTH="19"/>
						<String ID="P287_ST00061" HPOS="555" VPOS="387" WIDTH="97" HEIGHT="32" CONTENT="except" WC="0.89" CC="060000"/>
						<SP ID="P287_SP00051" HPOS="652" VPOS="419" WIDTH="19"/>
						<String ID="P287_ST00062" HPOS="671" VPOS="392" WIDTH="74" HEIGHT="27" CONTENT="upon" WC="0.44" CC="8076"/>
						<SP ID="P287_SP00052" HPOS="745" VPOS="419" WIDTH="20"/>
						<String ID="P287_ST00063" HPOS="765" VPOS="392" WIDTH="15" HEIGHT="17" CONTENT="a" WC="1.00" CC="0"/>
						<SP ID="P287_SP00053" HPOS="780" VPOS="419" WIDTH="18"/>
						<String ID="P287_ST00064" HPOS="798" VPOS="383" WIDTH="53" HEIGHT="26" CONTENT="low" WC="1.00" CC="000"/>
					</TextLine>
					<TextLine ID="P287_TL00010" HPOS="44" VPOS="429" WIDTH="804" HEIGHT="36">
						<String ID="P287_ST00065" HPOS="44" VPOS="430" WIDTH="91" HEIGHT="27" CONTENT="trunk." WC="0.77" CC="005701"/>
						<SP ID="P287_SP00054" HPOS="135" VPOS="457" WIDTH="45"/>
						<String ID="P287_ST00066" HPOS="180" VPOS="429" WIDTH="78" HEIGHT="26" CONTENT="With" WC="0.55" CC="0647"/>
						<SP ID="P287_SP00055" HPOS="258" VPOS="457" WIDTH="27"/>
						<String ID="P287_ST00067" HPOS="285" VPOS="429" WIDTH="46" HEIGHT="27" CONTENT="the" WC="0.73" CC="240"/>
						<SP ID="P287_SP00056" HPOS="331" VPOS="457" WIDTH="20"/>
						<String ID="P287_ST00068" HPOS="351" VPOS="430" WIDTH="145" HEIGHT="34" CONTENT="exception" WC="0.75" CC="030077201"/>
						<SP ID="P287_SP00057" HPOS="496" VPOS="464" WIDTH="26"/>
						<String ID="P287_ST00069" HPOS="522" VPOS="430" WIDTH="32" HEIGHT="26" CONTENT="of" WC="1.00" CC="00"/>
						<SP ID="P287_SP00058" HPOS="554" VPOS="464" WIDTH="21"/>
						<String ID="P287_ST00070" HPOS="575" VPOS="430" WIDTH="46" HEIGHT="27" CONTENT="the" WC="0.99" CC="000"/>
						<SP ID="P287_SP00059" HPOS="621" VPOS="464" WIDTH="15"/>
						<String ID="P287_ST00071" HPOS="636" VPOS="430" WIDTH="128" HEIGHT="35" CONTENT="Captain," WC="0.73" CC="16000552"/>
						<SP ID="P287_SP00060" HPOS="764" VPOS="465" WIDTH="23"/>
						<String ID="P287_ST00072" HPOS="787" VPOS="430" WIDTH="61" HEIGHT="26" CONTENT="who" WC="0.79" CC="060"/>
					</TextLine>
					<TextLine ID="P287_TL00011" HPOS="48" VPOS="476" WIDTH="803" HEIGHT="37">
						<String ID="P287_ST00073" HPOS="48" VPOS="476" WIDTH="129" HEIGHT="37" CONTENT="probably" WC="0.88" CC="05200100"/>
						<SP ID="P287_SP00061" HPOS="177" VPOS="513" WIDTH="24"/>
						<String ID="P287_ST00074" HPOS="201" VPOS="476" WIDTH="98" HEIGHT="26" CONTENT="wishes" WC="0.69" CC="004705"/>
						<SP ID="P287_SP00062" HPOS="299" VPOS="513" WIDTH="19"/>
						<String ID="P287_ST00075" HPOS="318" VPOS="480" WIDTH="28" HEIGHT="22" CONTENT="to" WC="0.89" CC="02"/>
						<SP ID="P287_SP00063" HPOS="346" VPOS="513" WIDTH="16"/>
						<String ID="P287_ST00076" HPOS="362" VPOS="476" WIDTH="122" HEIGHT="36" CONTENT="frighten" WC="0.68" CC="06094002"/>
						<SP ID="P287_SP00064" HPOS="484" VPOS="513" WIDTH="17"/>
						<String ID="P287_ST00077" HPOS="501" VPOS="486" WIDTH="43" HEIGHT="16" CONTENT="me" WC="0.52" CC="90"/>
						<SP ID="P287_SP00065" HPOS="544" VPOS="513" WIDTH="12"/>
						<String ID="P287_ST00078" HPOS="556" VPOS="481" WIDTH="49" HEIGHT="21" CONTENT="out" WC="0.92" CC="200"/>
						<SP ID="P287_SP00066" HPOS="605" VPOS="513" WIDTH="17"/>
						<String ID="P287_ST00079" HPOS="622" VPOS="476" WIDTH="31" HEIGHT="26" CONTENT="of" WC="1.00" CC="00"/>
						<SP ID="P287_SP00067" HPOS="653" VPOS="513" WIDTH="10"/>
						<String ID="P287_ST00080" HPOS="663" VPOS="486" WIDTH="15" HEIGHT="16" CONTENT="a" WC="1.00" CC="0"/>
						<SP ID="P287_SP00068" HPOS="678" VPOS="513" WIDTH="13"/>
						<String ID="P287_ST00081" HPOS="691" VPOS="476" WIDTH="69" HEIGHT="26" CONTENT="little" WC="0.70" CC="201480"/>
						<SP ID="P287_SP00069" HPOS="760" VPOS="513" WIDTH="21"/>
						<String ID="P287_ST00082" HPOS="781" VPOS="485" WIDTH="70" HEIGHT="17" CONTENT="more" WC="1.00" CC="0000"/>
					</TextLine>
					<TextLine ID="P287_TL00012" HPOS="46" VPOS="523" WIDTH="805" HEIGHT="36">
						<String ID="P287_ST00083" HPOS="46" VPOS="533" WIDTH="103" HEIGHT="26" CONTENT="money," WC="1.00" CC="000000"/>
						<SP ID="P287_SP00070" HPOS="149" VPOS="559" WIDTH="9"/>
						<String ID="P287_ST00084" HPOS="158" VPOS="532" WIDTH="28" HEIGHT="17" CONTENT="or" WC="0.68" CC="14"/>
						<SP ID="P287_SP00071" HPOS="186" VPOS="559" WIDTH="10"/>
						<String ID="P287_ST00085" HPOS="196" VPOS="523" WIDTH="58" HEIGHT="26" CONTENT="into" WC="0.76" CC="3600"/>
						<SP ID="P287_SP00072" HPOS="254" VPOS="559" WIDTH="9"/>
						<String ID="P287_ST00086" HPOS="263" VPOS="532" WIDTH="15" HEIGHT="17" CONTENT="a" WC="1.00" CC="0"/>
						<SP ID="P287_SP00073" HPOS="278" VPOS="559" WIDTH="10"/>
						<String ID="P287_ST00087" HPOS="288" VPOS="523" WIDTH="69" HEIGHT="26" CONTENT="little" WC="0.73" CC="045400"/>
						<SP ID="P287_SP00074" HPOS="357" VPOS="559" WIDTH="10"/>
						<String ID="P287_ST00088" HPOS="367" VPOS="523" WIDTH="51" HEIGHT="26" CONTENT="less" WC="0.83" CC="0060"/>
						<SP ID="P287_SP00075" HPOS="418" VPOS="559" WIDTH="11"/>
						<String ID="P287_ST00089" HPOS="429" VPOS="524" WIDTH="115" HEIGHT="25" CONTENT="comfort" WC="0.83" CC="0050105"/>
						<SP ID="P287_SP00076" HPOS="544" VPOS="559" WIDTH="9"/>
						<String ID="P287_ST00090" HPOS="553" VPOS="524" WIDTH="64" HEIGHT="25" CONTENT="than" WC="0.65" CC="0706"/>
						<SP ID="P287_SP00077" HPOS="617" VPOS="559" WIDTH="13"/>
						<String ID="P287_ST00091" HPOS="630" VPOS="532" WIDTH="54" HEIGHT="17" CONTENT="was" WC="0.85" CC="004"/>
						<SP ID="P287_SP00078" HPOS="684" VPOS="559" WIDTH="9"/>
						<String ID="P287_ST00092" HPOS="693" VPOS="523" WIDTH="158" HEIGHT="36" CONTENT="stipulated," WC="0.95" CC="00001000004"/>
					</TextLine>
					<TextLine ID="P287_TL00013" HPOS="47" VPOS="570" WIDTH="718" HEIGHT="31">
						<String ID="P287_ST00093" HPOS="47" VPOS="572" WIDTH="44" HEIGHT="26" CONTENT="the" WC="0.79" CC="320"/>
						<SP ID="P287_SP00079" HPOS="91" VPOS="598" WIDTH="13"/>
						<String ID="P287_ST00094" HPOS="104" VPOS="580" WIDTH="78" HEIGHT="21" CONTENT="crew," WC="0.90" CC="01030"/>
						<SP ID="P287_SP00080" HPOS="182" VPOS="601" WIDTH="15"/>
						<String ID="P287_ST00095" HPOS="197" VPOS="570" WIDTH="105" HEIGHT="31" CONTENT="though" WC="0.55" CC="570075"/>
						<SP ID="P287_SP00081" HPOS="302" VPOS="601" WIDTH="14"/>
						<String ID="P287_ST00096" HPOS="316" VPOS="570" WIDTH="96" HEIGHT="31" CONTENT="rough," WC="0.71" CC="100733"/>
						<SP ID="P287_SP00082" HPOS="412" VPOS="601" WIDTH="16"/>
						<String ID="P287_ST00097" HPOS="428" VPOS="579" WIDTH="43" HEIGHT="17" CONTENT="are" WC="0.96" CC="010"/>
						<SP ID="P287_SP00083" HPOS="471" VPOS="601" WIDTH="15"/>
						<String ID="P287_ST00098" HPOS="486" VPOS="570" WIDTH="62" HEIGHT="26" CONTENT="civil" WC="1.00" CC="00000"/>
						<SP ID="P287_SP00084" HPOS="548" VPOS="601" WIDTH="15"/>
						<String ID="P287_ST00099" HPOS="563" VPOS="570" WIDTH="53" HEIGHT="26" CONTENT="and" WC="0.66" CC="360"/>
						<SP ID="P287_SP00085" HPOS="616" VPOS="601" WIDTH="16"/>
						<String ID="P287_ST00100" HPOS="632" VPOS="570" WIDTH="133" HEIGHT="31" CONTENT="obliging." WC="0.90" CC="000020041"/>
					</TextLine>
				</TextBlock>
				<TextBlock ID="P287_TB00005" HPOS="45" VPOS="616" WIDTH="813" HEIGHT="836" STYLEREFS="TXT_1 PAR_LEFT">
					<TextLine ID="P287_TL00014" HPOS="85" VPOS="617" WIDTH="768" HEIGHT="36">
						<String ID="P287_ST00101" HPOS="85" VPOS="618" WIDTH="72" HEIGHT="27" CONTENT="19th." WC="0.68" CC="05270"/>
						<String ID="P287_ST00102" HPOS="158" VPOS="633" WIDTH="37" HEIGHT="3" CONTENT="—" WC="0.20" CC="8"/>
						<String ID="P287_ST00103" HPOS="197" VPOS="618" WIDTH="11" HEIGHT="25" CONTENT="I" WC="1.00" CC="0"/>
						<SP ID="P287_SP00086" HPOS="208" VPOS="645" WIDTH="23"/>
						<String ID="P287_ST00104" HPOS="231" VPOS="618" WIDTH="68" HEIGHT="26" CONTENT="have" WC="0.76" CC="5040"/>
						<SP ID="P287_SP00087" HPOS="299" VPOS="645" WIDTH="20"/>
						<String ID="P287_ST00105" HPOS="319" VPOS="618" WIDTH="150" HEIGHT="26" CONTENT="succeeded" WC="0.98" CC="100000000"/>
						<SP ID="P287_SP00088" HPOS="469" VPOS="645" WIDTH="21"/>
						<String ID="P287_ST00106" HPOS="490" VPOS="618" WIDTH="27" HEIGHT="25" CONTENT="in" WC="0.54" CC="35"/>
						<SP ID="P287_SP00089" HPOS="517" VPOS="645" WIDTH="23"/>
						<String ID="P287_ST00107" HPOS="540" VPOS="617" WIDTH="141" HEIGHT="36" CONTENT="changing" WC="0.67" CC="07070650"/>
						<SP ID="P287_SP00090" HPOS="681" VPOS="653" WIDTH="23"/>
						<String ID="P287_ST00108" HPOS="704" VPOS="627" WIDTH="45" HEIGHT="26" CONTENT="my" WC="1.00" CC="00"/>
						<SP ID="P287_SP00091" HPOS="749" VPOS="653" WIDTH="13"/>
						<String ID="P287_ST00109" HPOS="762" VPOS="623" WIDTH="91" HEIGHT="30" CONTENT="apart" SUBS_TYPE="HypPart1" SUBS_CONTENT="apartment" WC="0.75" CC="209002"/>
						<HYP CONTENT="-"/>
					</TextLine>
					<TextLine ID="P287_TL00015" HPOS="47" VPOS="664" WIDTH="807" HEIGHT="31">
						<String ID="P287_ST00110" HPOS="47" VPOS="669" WIDTH="72" HEIGHT="22" CONTENT="ment" SUBS_TYPE="HypPart2" SUBS_CONTENT="apartment" WC="0.70" CC="3080"/>
						<SP ID="P287_SP00092" HPOS="119" VPOS="691" WIDTH="24"/>
						<String ID="P287_ST00111" HPOS="143" VPOS="665" WIDTH="40" HEIGHT="25" CONTENT="for" WC="0.95" CC="001"/>
						<SP ID="P287_SP00093" HPOS="183" VPOS="691" WIDTH="24"/>
						<String ID="P287_ST00112" HPOS="207" VPOS="673" WIDTH="50" HEIGHT="17" CONTENT="one" WC="0.82" CC="050"/>
						<SP ID="P287_SP00094" HPOS="257" VPOS="691" WIDTH="31"/>
						<String ID="P287_ST00113" HPOS="288" VPOS="669" WIDTH="68" HEIGHT="21" CONTENT="next" WC="0.69" CC="2090"/>
						<SP ID="P287_SP00095" HPOS="356" VPOS="691" WIDTH="26"/>
						<String ID="P287_ST00114" HPOS="382" VPOS="664" WIDTH="30" HEIGHT="31" CONTENT="it," WC="0.85" CC="030"/>
						<SP ID="P287_SP00096" HPOS="412" VPOS="695" WIDTH="27"/>
						<String ID="P287_ST00115" HPOS="439" VPOS="664" WIDTH="53" HEIGHT="26" CONTENT="less" WC="0.95" CC="1000"/>
						<SP ID="P287_SP00097" HPOS="492" VPOS="695" WIDTH="22"/>
						<String ID="P287_ST00116" HPOS="514" VPOS="664" WIDTH="141" HEIGHT="26" CONTENT="attractive" WC="0.89" CC="5010000300"/>
						<SP ID="P287_SP00098" HPOS="655" VPOS="695" WIDTH="25"/>
						<String ID="P287_ST00117" HPOS="680" VPOS="665" WIDTH="28" HEIGHT="25" CONTENT="in" WC="0.63" CC="34"/>
						<SP ID="P287_SP00099" HPOS="708" VPOS="695" WIDTH="24"/>
						<String ID="P287_ST00118" HPOS="732" VPOS="665" WIDTH="122" HEIGHT="26" CONTENT="external" WC="0.88" CC="00002303"/>
					</TextLine>
					<TextLine ID="P287_TL00016" HPOS="47" VPOS="712" WIDTH="807" HEIGHT="36">
						<String ID="P287_ST00119" HPOS="47" VPOS="721" WIDTH="174" HEIGHT="27" CONTENT="appearance," WC="0.76" CC="00000695004"/>
						<SP ID="P287_SP00100" HPOS="221" VPOS="748" WIDTH="26"/>
						<String ID="P287_ST00120" HPOS="247" VPOS="712" WIDTH="52" HEIGHT="26" CONTENT="but" WC="0.92" CC="002"/>
						<SP ID="P287_SP00101" HPOS="299" VPOS="748" WIDTH="28"/>
						<String ID="P287_ST00121" HPOS="327" VPOS="712" WIDTH="90" HEIGHT="26" CONTENT="rather" WC="0.50" CC="537606"/>
						<SP ID="P287_SP00102" HPOS="417" VPOS="748" WIDTH="27"/>
						<String ID="P287_ST00122" HPOS="444" VPOS="712" WIDTH="111" HEIGHT="26" CONTENT="broader" WC="0.82" CC="0006005"/>
						<SP ID="P287_SP00103" HPOS="555" VPOS="748" WIDTH="22"/>
						<String ID="P287_ST00123" HPOS="577" VPOS="712" WIDTH="53" HEIGHT="26" CONTENT="and" WC="0.86" CC="210"/>
						<SP ID="P287_SP00104" HPOS="630" VPOS="748" WIDTH="26"/>
						<String ID="P287_ST00124" HPOS="656" VPOS="712" WIDTH="96" HEIGHT="27" CONTENT="cooler." WC="0.88" CC="0206000"/>
						<SP ID="P287_SP00105" HPOS="752" VPOS="748" WIDTH="45"/>
						<String ID="P287_ST00125" HPOS="797" VPOS="712" WIDTH="57" HEIGHT="26" CONTENT="The" WC="0.95" CC="010"/>
					</TextLine>
					<TextLine ID="P287_TL00017" HPOS="50" VPOS="758" WIDTH="804" HEIGHT="37">
						<String ID="P287_ST00126" HPOS="50" VPOS="759" WIDTH="115" HEIGHT="36" CONTENT="Captain" WC="0.86" CC="0000207"/>
						<SP ID="P287_SP00106" HPOS="165" VPOS="795" WIDTH="23"/>
						<String ID="P287_ST00127" HPOS="188" VPOS="759" WIDTH="48" HEIGHT="25" CONTENT="has" WC="0.48" CC="752"/>
						<SP ID="P287_SP00107" HPOS="236" VPOS="795" WIDTH="24"/>
						<String ID="P287_ST00128" HPOS="260" VPOS="759" WIDTH="108" HEIGHT="26" CONTENT="relaxed" WC="0.69" CC="5060900"/>
						<SP ID="P287_SP00108" HPOS="368" VPOS="795" WIDTH="25"/>
						<String ID="P287_ST00129" HPOS="393" VPOS="758" WIDTH="46" HEIGHT="26" CONTENT="the" WC="0.83" CC="040"/>
						<SP ID="P287_SP00109" HPOS="439" VPOS="795" WIDTH="20"/>
						<String ID="P287_ST00130" HPOS="459" VPOS="758" WIDTH="116" HEIGHT="27" CONTENT="muscles" WC="0.62" CC="9360500"/>
						<SP ID="P287_SP00110" HPOS="575" VPOS="795" WIDTH="13"/>
						<String ID="P287_ST00131" HPOS="588" VPOS="758" WIDTH="32" HEIGHT="27" CONTENT="of" WC="1.00" CC="00"/>
						<SP ID="P287_SP00111" HPOS="620" VPOS="795" WIDTH="22"/>
						<String ID="P287_ST00132" HPOS="642" VPOS="758" WIDTH="40" HEIGHT="26" CONTENT="his" WC="0.51" CC="463"/>
						<SP ID="P287_SP00112" HPOS="682" VPOS="795" WIDTH="26"/>
						<String ID="P287_ST00133" HPOS="708" VPOS="759" WIDTH="69" HEIGHT="32" CONTENT="face," WC="0.92" CC="00003"/>
						<SP ID="P287_SP00113" HPOS="777" VPOS="795" WIDTH="24"/>
						<String ID="P287_ST00134" HPOS="801" VPOS="759" WIDTH="53" HEIGHT="25" CONTENT="and" WC="0.98" CC="000"/>
					</TextLine>
					<TextLine ID="P287_TL00018" HPOS="49" VPOS="805" WIDTH="807" HEIGHT="36">
						<String ID="P287_ST00135" HPOS="49" VPOS="816" WIDTH="37" HEIGHT="17" CONTENT="we" WC="1.00" CC="00"/>
						<SP ID="P287_SP00114" HPOS="86" VPOS="833" WIDTH="11"/>
						<String ID="P287_ST00136" HPOS="97" VPOS="815" WIDTH="43" HEIGHT="18" CONTENT="are" WC="0.96" CC="010"/>
						<SP ID="P287_SP00115" HPOS="140" VPOS="833" WIDTH="18"/>
						<String ID="P287_ST00137" HPOS="158" VPOS="806" WIDTH="34" HEIGHT="26" CONTENT="all" WC="0.90" CC="020"/>
						<SP ID="P287_SP00116" HPOS="192" VPOS="833" WIDTH="15"/>
						<String ID="P287_ST00138" HPOS="207" VPOS="815" WIDTH="59" HEIGHT="17" CONTENT="now" WC="0.71" CC="602"/>
						<SP ID="P287_SP00117" HPOS="266" VPOS="833" WIDTH="14"/>
						<String ID="P287_ST00139" HPOS="280" VPOS="814" WIDTH="36" HEIGHT="18" CONTENT="on" WC="0.62" CC="15"/>
						<SP ID="P287_SP00118" HPOS="316" VPOS="833" WIDTH="23"/>
						<String ID="P287_ST00140" HPOS="339" VPOS="805" WIDTH="45" HEIGHT="26" CONTENT="the" WC="0.52" CC="760"/>
						<SP ID="P287_SP00119" HPOS="384" VPOS="833" WIDTH="22"/>
						<String ID="P287_ST00141" HPOS="406" VPOS="806" WIDTH="60" HEIGHT="25" CONTENT="best" WC="0.80" CC="0034"/>
						<SP ID="P287_SP00120" HPOS="466" VPOS="833" WIDTH="21"/>
						<String ID="P287_ST00142" HPOS="487" VPOS="806" WIDTH="116" HEIGHT="35" CONTENT="possible" WC="0.77" CC="00055070"/>
						<SP ID="P287_SP00121" HPOS="603" VPOS="841" WIDTH="18"/>
						<String ID="P287_ST00143" HPOS="621" VPOS="810" WIDTH="90" HEIGHT="22" CONTENT="terms." WC="0.98" CC="000000"/>
						<SP ID="P287_SP00122" HPOS="711" VPOS="841" WIDTH="42"/>
						<String ID="P287_ST00144" HPOS="753" VPOS="806" WIDTH="26" HEIGHT="25" CONTENT="It" WC="0.86" CC="02"/>
						<SP ID="P287_SP00123" HPOS="779" VPOS="841" WIDTH="19"/>
						<String ID="P287_ST00145" HPOS="798" VPOS="806" WIDTH="22" HEIGHT="26" CONTENT="is" WC="0.44" CC="46"/>
						<SP ID="P287_SP00124" HPOS="820" VPOS="841" WIDTH="19"/>
						<String ID="P287_ST00146" HPOS="839" VPOS="815" WIDTH="17" HEIGHT="17" CONTENT="a" WC="1.00" CC="0"/>
					</TextLine>
					<TextLine ID="P287_TL00019" HPOS="47" VPOS="852" WIDTH="807" HEIGHT="37">
						<String ID="P287_ST00147" HPOS="47" VPOS="857" WIDTH="74" HEIGHT="32" CONTENT="great" WC="0.84" CC="20050"/>
						<SP ID="P287_SP00125" HPOS="121" VPOS="889" WIDTH="20"/>
						<String ID="P287_ST00148" HPOS="141" VPOS="862" WIDTH="94" HEIGHT="18" CONTENT="source" WC="0.94" CC="020000"/>
						<SP ID="P287_SP00126" HPOS="235" VPOS="889" WIDTH="21"/>
						<String ID="P287_ST00149" HPOS="256" VPOS="852" WIDTH="30" HEIGHT="27" CONTENT="of" WC="0.69" CC="60"/>
						<SP ID="P287_SP00127" HPOS="286" VPOS="889" WIDTH="17"/>
						<String ID="P287_ST00150" HPOS="303" VPOS="856" WIDTH="170" HEIGHT="22" CONTENT="amusement" WC="0.80" CC="004202053"/>
						<SP ID="P287_SP00128" HPOS="473" VPOS="889" WIDTH="20"/>
						<String ID="P287_ST00151" HPOS="493" VPOS="856" WIDTH="28" HEIGHT="22" CONTENT="to" WC="1.00" CC="00"/>
						<SP ID="P287_SP00129" HPOS="521" VPOS="889" WIDTH="13"/>
						<String ID="P287_ST00152" HPOS="534" VPOS="852" WIDTH="75" HEIGHT="26" CONTENT="them" WC="0.83" CC="0600"/>
						<SP ID="P287_SP00130" HPOS="609" VPOS="889" WIDTH="13"/>
						<String ID="P287_ST00153" HPOS="622" VPOS="856" WIDTH="27" HEIGHT="22" CONTENT="to" WC="1.00" CC="00"/>
						<SP ID="P287_SP00131" HPOS="649" VPOS="889" WIDTH="23"/>
						<String ID="P287_ST00154" HPOS="672" VPOS="861" WIDTH="43" HEIGHT="17" CONTENT="see" WC="0.84" CC="400"/>
						<SP ID="P287_SP00132" HPOS="715" VPOS="889" WIDTH="14"/>
						<String ID="P287_ST00155" HPOS="729" VPOS="861" WIDTH="42" HEIGHT="17" CONTENT="me" WC="0.88" CC="20"/>
						<SP ID="P287_SP00133" HPOS="771" VPOS="889" WIDTH="13"/>
						<String ID="P287_ST00156" HPOS="784" VPOS="852" WIDTH="70" HEIGHT="26" CONTENT="walk" WC="0.92" CC="0300"/>
					</TextLine>
					<TextLine ID="P287_TL00020" HPOS="48" VPOS="899" WIDTH="806" HEIGHT="35">
						<String ID="P287_ST00157" HPOS="48" VPOS="900" WIDTH="44" HEIGHT="27" CONTENT="the" WC="0.92" CC="020"/>
						<SP ID="P287_SP00134" HPOS="92" VPOS="927" WIDTH="13"/>
						<String ID="P287_ST00158" HPOS="105" VPOS="900" WIDTH="69" HEIGHT="27" CONTENT="deck" WC="1.00" CC="0000"/>
						<SP ID="P287_SP00135" HPOS="174" VPOS="927" WIDTH="14"/>
						<String ID="P287_ST00159" HPOS="188" VPOS="900" WIDTH="40" HEIGHT="26" CONTENT="for" WC="0.96" CC="001"/>
						<SP ID="P287_SP00136" HPOS="228" VPOS="927" WIDTH="18"/>
						<String ID="P287_ST00160" HPOS="246" VPOS="900" WIDTH="127" HEIGHT="27" CONTENT="exercise." WC="0.85" CC="000003504"/>
						<SP ID="P287_SP00137" HPOS="373" VPOS="927" WIDTH="41"/>
						<String ID="P287_ST00161" HPOS="414" VPOS="899" WIDTH="99" HEIGHT="35" CONTENT="Bodily" WC="0.69" CC="700370"/>
						<SP ID="P287_SP00138" HPOS="513" VPOS="934" WIDTH="15"/>
						<String ID="P287_ST00162" HPOS="528" VPOS="899" WIDTH="120" HEIGHT="27" CONTENT="exertion" WC="0.85" CC="00040204"/>
						<SP ID="P287_SP00139" HPOS="648" VPOS="934" WIDTH="22"/>
						<String ID="P287_ST00163" HPOS="670" VPOS="900" WIDTH="31" HEIGHT="26" CONTENT="of" WC="0.25" CC="59"/>
						<SP ID="P287_SP00140" HPOS="701" VPOS="934" WIDTH="16"/>
						<String ID="P287_ST00164" HPOS="717" VPOS="909" WIDTH="53" HEIGHT="25" CONTENT="any" WC="0.82" CC="050"/>
						<SP ID="P287_SP00141" HPOS="770" VPOS="934" WIDTH="17"/>
						<String ID="P287_ST00165" HPOS="787" VPOS="899" WIDTH="67" HEIGHT="26" CONTENT="kind" WC="0.71" CC="0460"/>
					</TextLine>
					<TextLine ID="P287_TL00021" HPOS="50" VPOS="946" WIDTH="804" HEIGHT="37">
						<String ID="P287_ST00166" HPOS="50" VPOS="956" WIDTH="110" HEIGHT="27" CONTENT="appears" WC="0.91" CC="0000050"/>
						<SP ID="P287_SP00142" HPOS="160" VPOS="983" WIDTH="14"/>
						<String ID="P287_ST00167" HPOS="174" VPOS="952" WIDTH="28" HEIGHT="21" CONTENT="to" WC="0.97" CC="00"/>
						<SP ID="P287_SP00143" HPOS="202" VPOS="983" WIDTH="15"/>
						<String ID="P287_ST00168" HPOS="217" VPOS="947" WIDTH="46" HEIGHT="26" CONTENT="the" WC="0.76" CC="700"/>
						<SP ID="P287_SP00144" HPOS="263" VPOS="983" WIDTH="15"/>
						<String ID="P287_ST00169" HPOS="278" VPOS="946" WIDTH="90" HEIGHT="26" CONTENT="minds" WC="0.57" CC="70705"/>
						<SP ID="P287_SP00145" HPOS="368" VPOS="983" WIDTH="11"/>
						<String ID="P287_ST00170" HPOS="379" VPOS="947" WIDTH="30" HEIGHT="26" CONTENT="of" WC="0.87" CC="20"/>
						<SP ID="P287_SP00146" HPOS="409" VPOS="983" WIDTH="11"/>
						<String ID="P287_ST00171" HPOS="420" VPOS="947" WIDTH="34" HEIGHT="25" CONTENT="all" WC="0.97" CC="000"/>
						<SP ID="P287_SP00147" HPOS="454" VPOS="983" WIDTH="12"/>
						<String ID="P287_ST00172" HPOS="466" VPOS="946" WIDTH="76" HEIGHT="26" CONTENT="these" WC="0.83" CC="05300"/>
						<SP ID="P287_SP00148" HPOS="542" VPOS="983" WIDTH="8"/>
						<String ID="P287_ST00173" HPOS="550" VPOS="946" WIDTH="105" HEIGHT="26" CONTENT="natives" WC="0.74" CC="5044003"/>
						<SP ID="P287_SP00149" HPOS="655" VPOS="983" WIDTH="11"/>
						<String ID="P287_ST00174" HPOS="666" VPOS="951" WIDTH="27" HEIGHT="21" CONTENT="to" WC="0.86" CC="02"/>
						<SP ID="P287_SP00150" HPOS="693" VPOS="983" WIDTH="16"/>
						<String ID="P287_ST00175" HPOS="709" VPOS="946" WIDTH="31" HEIGHT="26" CONTENT="be" WC="1.00" CC="00"/>
						<SP ID="P287_SP00151" HPOS="740" VPOS="983" WIDTH="14"/>
						<String ID="P287_ST00176" HPOS="754" VPOS="946" WIDTH="100" HEIGHT="27" CONTENT="incom" SUBS_TYPE="HypPart1" SUBS_CONTENT="incompatible" WC="0.70" CC="050353"/>
						<HYP CONTENT="-"/>
					</TextLine>
					<TextLine ID="P287_TL00022" HPOS="48" VPOS="994" WIDTH="807" HEIGHT="35">
						<String ID="P287_ST00177" HPOS="48" VPOS="994" WIDTH="99" HEIGHT="35" CONTENT="patible" SUBS_TYPE="HypPart2" SUBS_CONTENT="incompatible" WC="0.93" CC="0002100"/>
						<SP ID="P287_SP00152" HPOS="147" VPOS="1029" WIDTH="26"/>
						<String ID="P287_ST00178" HPOS="173" VPOS="994" WIDTH="62" HEIGHT="27" CONTENT="with" WC="0.63" CC="0356"/>
						<SP ID="P287_SP00153" HPOS="235" VPOS="1029" WIDTH="23"/>
						<String ID="P287_ST00179" HPOS="258" VPOS="994" WIDTH="124" HEIGHT="27" CONTENT="comfort." WC="0.88" CC="00000720"/>
						<SP ID="P287_SP00154" HPOS="382" VPOS="1029" WIDTH="40"/>
						<String ID="P287_ST00180" HPOS="422" VPOS="994" WIDTH="75" HEIGHT="35" CONTENT="They" WC="0.83" CC="0600"/>
						<SP ID="P287_SP00155" HPOS="497" VPOS="1029" WIDTH="21"/>
						<String ID="P287_ST00181" HPOS="518" VPOS="994" WIDTH="68" HEIGHT="26" CONTENT="have" WC="0.90" CC="3000"/>
						<SP ID="P287_SP00156" HPOS="586" VPOS="1029" WIDTH="14"/>
						<String ID="P287_ST00182" HPOS="600" VPOS="1003" WIDTH="33" HEIGHT="17" CONTENT="an" WC="0.26" CC="86"/>
						<SP ID="P287_SP00157" HPOS="633" VPOS="1029" WIDTH="22"/>
						<String ID="P287_ST00183" HPOS="655" VPOS="994" WIDTH="60" HEIGHT="26" CONTENT="idea" WC="0.85" CC="0050"/>
						<SP ID="P287_SP00158" HPOS="715" VPOS="1029" WIDTH="12"/>
						<String ID="P287_ST00184" HPOS="727" VPOS="994" WIDTH="60" HEIGHT="26" CONTENT="that" WC="0.81" CC="0700"/>
						<SP ID="P287_SP00159" HPOS="787" VPOS="1029" WIDTH="15"/>
						<String ID="P287_ST00185" HPOS="802" VPOS="994" WIDTH="53" HEIGHT="26" CONTENT="this" WC="0.93" CC="0200"/>
					</TextLine>
					<TextLine ID="P287_TL00023" HPOS="48" VPOS="1040" WIDTH="807" HEIGHT="36">
						<String ID="P287_ST00186" HPOS="48" VPOS="1042" WIDTH="115" HEIGHT="27" CONTENT="exercise" WC="0.88" CC="01000610"/>
						<SP ID="P287_SP00160" HPOS="163" VPOS="1069" WIDTH="14"/>
						<String ID="P287_ST00187" HPOS="177" VPOS="1047" WIDTH="73" HEIGHT="21" CONTENT="must" WC="0.80" CC="1320"/>
						<SP ID="P287_SP00161" HPOS="250" VPOS="1069" WIDTH="13"/>
						<String ID="P287_ST00188" HPOS="263" VPOS="1042" WIDTH="33" HEIGHT="26" CONTENT="be" WC="1.00" CC="00"/>
						<SP ID="P287_SP00162" HPOS="296" VPOS="1069" WIDTH="14"/>
						<String ID="P287_ST00189" HPOS="310" VPOS="1051" WIDTH="15" HEIGHT="16" CONTENT="a" WC="1.00" CC="0"/>
						<SP ID="P287_SP00163" HPOS="325" VPOS="1069" WIDTH="13"/>
						<String ID="P287_ST00190" HPOS="338" VPOS="1041" WIDTH="125" HEIGHT="35" CONTENT="religious" WC="0.73" CC="504002153"/>
						<SP ID="P287_SP00164" HPOS="463" VPOS="1076" WIDTH="15"/>
						<String ID="P287_ST00191" HPOS="478" VPOS="1041" WIDTH="199" HEIGHT="35" CONTENT="performance;" WC="0.80" CC="002005503006"/>
						<SP ID="P287_SP00165" HPOS="677" VPOS="1076" WIDTH="22"/>
						<String ID="P287_ST00192" HPOS="699" VPOS="1041" WIDTH="64" HEIGHT="32" CONTENT="and," WC="0.49" CC="9604"/>
						<SP ID="P287_SP00166" HPOS="763" VPOS="1076" WIDTH="14"/>
						<String ID="P287_ST00193" HPOS="777" VPOS="1040" WIDTH="78" HEIGHT="27" CONTENT="when" WC="0.75" CC="0603"/>
					</TextLine>
					<TextLine ID="P287_TL00024" HPOS="48" VPOS="1087" WIDTH="810" HEIGHT="37">
						<String ID="P287_ST00194" HPOS="48" VPOS="1088" WIDTH="12" HEIGHT="27" CONTENT="I" WC="0.93" CC="0"/>
						<SP ID="P287_SP00167" HPOS="60" VPOS="1115" WIDTH="22"/>
						<String ID="P287_ST00195" HPOS="82" VPOS="1098" WIDTH="75" HEIGHT="17" CONTENT="come" WC="0.98" CC="0000"/>
						<SP ID="P287_SP00168" HPOS="157" VPOS="1115" WIDTH="20"/>
						<String ID="P287_ST00196" HPOS="177" VPOS="1093" WIDTH="58" HEIGHT="28" CONTENT="out," WC="0.50" CC="5563"/>
						<SP ID="P287_SP00169" HPOS="235" VPOS="1121" WIDTH="22"/>
						<String ID="P287_ST00197" HPOS="257" VPOS="1088" WIDTH="63" HEIGHT="36" CONTENT="they" WC="0.72" CC="3700"/>
						<SP ID="P287_SP00170" HPOS="320" VPOS="1124" WIDTH="23"/>
						<String ID="P287_ST00198" HPOS="343" VPOS="1087" WIDTH="154" HEIGHT="36" CONTENT="frequently" WC="0.82" CC="0007007300"/>
						<SP ID="P287_SP00171" HPOS="497" VPOS="1124" WIDTH="14"/>
						<String ID="P287_ST00199" HPOS="511" VPOS="1087" WIDTH="120" HEIGHT="27" CONTENT="mention" WC="0.84" CC="0051004"/>
						<SP ID="P287_SP00172" HPOS="631" VPOS="1124" WIDTH="15"/>
						<String ID="P287_ST00200" HPOS="646" VPOS="1087" WIDTH="45" HEIGHT="27" CONTENT="the" WC="0.62" CC="650"/>
						<SP ID="P287_SP00173" HPOS="691" VPOS="1124" WIDTH="14"/>
						<String ID="P287_ST00201" HPOS="705" VPOS="1087" WIDTH="113" HEIGHT="27" CONTENT="number" WC="0.60" CC="305707"/>
						<SP ID="P287_SP00174" HPOS="818" VPOS="1124" WIDTH="10"/>
						<String ID="P287_ST00202" HPOS="828" VPOS="1087" WIDTH="30" HEIGHT="27" CONTENT="of" WC="0.54" CC="09"/>
					</TextLine>
					<TextLine ID="P287_TL00025" HPOS="47" VPOS="1135" WIDTH="810" HEIGHT="36">
						<String ID="P287_ST00203" HPOS="47" VPOS="1140" WIDTH="72" HEIGHT="31" CONTENT="steps" WC="0.96" CC="00001"/>
						<SP ID="P287_SP00175" HPOS="119" VPOS="1171" WIDTH="11"/>
						<String ID="P287_ST00204" HPOS="130" VPOS="1137" WIDTH="52" HEIGHT="25" CONTENT="and" WC="0.77" CC="060"/>
						<SP ID="P287_SP00176" HPOS="182" VPOS="1171" WIDTH="13"/>
						<String ID="P287_ST00205" HPOS="195" VPOS="1141" WIDTH="76" HEIGHT="21" CONTENT="turns" WC="0.54" CC="51483"/>
						<SP ID="P287_SP00177" HPOS="271" VPOS="1171" WIDTH="14"/>
						<String ID="P287_ST00206" HPOS="285" VPOS="1136" WIDTH="89" HEIGHT="26" CONTENT="which" WC="0.41" CC="97407"/>
						<SP ID="P287_SP00178" HPOS="374" VPOS="1171" WIDTH="15"/>
						<String ID="P287_ST00207" HPOS="389" VPOS="1135" WIDTH="45" HEIGHT="26" CONTENT="the" WC="0.56" CC="660"/>
						<SP ID="P287_SP00179" HPOS="434" VPOS="1171" WIDTH="15"/>
						<String ID="P287_ST00208" HPOS="449" VPOS="1135" WIDTH="68" HEIGHT="35" CONTENT="duty" WC="1.00" CC="0000"/>
						<SP ID="P287_SP00180" HPOS="517" VPOS="1171" WIDTH="15"/>
						<String ID="P287_ST00209" HPOS="532" VPOS="1135" WIDTH="140" HEIGHT="25" CONTENT="demands." WC="0.80" CC="30306010"/>
						<SP ID="P287_SP00181" HPOS="672" VPOS="1171" WIDTH="43"/>
						<String ID="P287_ST00210" HPOS="715" VPOS="1135" WIDTH="11" HEIGHT="25" CONTENT="I" WC="0.31" CC="6"/>
						<SP ID="P287_SP00182" HPOS="726" VPOS="1171" WIDTH="16"/>
						<String ID="P287_ST00211" HPOS="742" VPOS="1139" WIDTH="115" HEIGHT="30" CONTENT="attempt" WC="0.88" CC="0300400"/>
					</TextLine>
					<TextLine ID="P287_TL00026" HPOS="48" VPOS="1181" WIDTH="808" HEIGHT="37">
						<String ID="P287_ST00212" HPOS="48" VPOS="1188" WIDTH="27" HEIGHT="22" CONTENT="to" WC="1.00" CC="00"/>
						<SP ID="P287_SP00183" HPOS="75" VPOS="1210" WIDTH="13"/>
						<String ID="P287_ST00213" HPOS="88" VPOS="1183" WIDTH="71" HEIGHT="27" CONTENT="shew" WC="0.91" CC="0300"/>
						<SP ID="P287_SP00184" HPOS="159" VPOS="1210" WIDTH="16"/>
						<String ID="P287_ST00214" HPOS="175" VPOS="1184" WIDTH="83" HEIGHT="31" CONTENT="them," WC="0.53" CC="65154"/>
						<SP ID="P287_SP00185" HPOS="258" VPOS="1215" WIDTH="16"/>
						<String ID="P287_ST00215" HPOS="274" VPOS="1183" WIDTH="34" HEIGHT="35" CONTENT="by" WC="1.00" CC="00"/>
						<SP ID="P287_SP00186" HPOS="308" VPOS="1218" WIDTH="14"/>
						<String ID="P287_ST00216" HPOS="322" VPOS="1182" WIDTH="206" HEIGHT="36" CONTENT="disappointing" WC="0.72" CC="0000094260660"/>
						<SP ID="P287_SP00187" HPOS="528" VPOS="1218" WIDTH="14"/>
						<String ID="P287_ST00217" HPOS="542" VPOS="1182" WIDTH="35" HEIGHT="26" CONTENT="all" WC="0.85" CC="004"/>
						<SP ID="P287_SP00188" HPOS="577" VPOS="1218" WIDTH="19"/>
						<String ID="P287_ST00218" HPOS="596" VPOS="1181" WIDTH="70" HEIGHT="27" CONTENT="their" WC="0.80" CC="05012"/>
						<SP ID="P287_SP00189" HPOS="666" VPOS="1218" WIDTH="13"/>
						<String ID="P287_ST00219" HPOS="679" VPOS="1182" WIDTH="177" HEIGHT="35" CONTENT="conjectures," WC="0.81" CC="006000501062"/>
					</TextLine>
					<TextLine ID="P287_TL00027" HPOS="49" VPOS="1228" WIDTH="808" HEIGHT="38">
						<String ID="P287_ST00220" HPOS="49" VPOS="1231" WIDTH="57" HEIGHT="26" CONTENT="that" WC="0.82" CC="0700"/>
						<SP ID="P287_SP00190" HPOS="106" VPOS="1257" WIDTH="14"/>
						<String ID="P287_ST00221" HPOS="120" VPOS="1231" WIDTH="54" HEIGHT="26" CONTENT="this" WC="0.46" CC="3646"/>
						<SP ID="P287_SP00191" HPOS="174" VPOS="1257" WIDTH="14"/>
						<String ID="P287_ST00222" HPOS="188" VPOS="1231" WIDTH="21" HEIGHT="26" CONTENT="is" WC="0.78" CC="04"/>
						<SP ID="P287_SP00192" HPOS="209" VPOS="1257" WIDTH="22"/>
						<String ID="P287_ST00223" HPOS="231" VPOS="1231" WIDTH="46" HEIGHT="26" CONTENT="the" WC="0.70" CC="170"/>
						<SP ID="P287_SP00193" HPOS="277" VPOS="1257" WIDTH="14"/>
						<String ID="P287_ST00224" HPOS="291" VPOS="1230" WIDTH="160" HEIGHT="36" CONTENT="suggestion" WC="0.73" CC="4600013135"/>
						<SP ID="P287_SP00194" HPOS="451" VPOS="1266" WIDTH="14"/>
						<String ID="P287_ST00225" HPOS="465" VPOS="1229" WIDTH="31" HEIGHT="26" CONTENT="of" WC="1.00" CC="00"/>
						<SP ID="P287_SP00195" HPOS="496" VPOS="1266" WIDTH="15"/>
						<String ID="P287_ST00226" HPOS="511" VPOS="1229" WIDTH="69" HEIGHT="26" CONTENT="their" WC="0.85" CC="07000"/>
						<SP ID="P287_SP00196" HPOS="580" VPOS="1266" WIDTH="20"/>
						<String ID="P287_ST00227" HPOS="600" VPOS="1238" WIDTH="59" HEIGHT="17" CONTENT="own" WC="0.79" CC="006"/>
						<SP ID="P287_SP00197" HPOS="659" VPOS="1266" WIDTH="20"/>
						<String ID="P287_ST00228" HPOS="679" VPOS="1228" WIDTH="112" HEIGHT="27" CONTENT="fancies." WC="0.87" CC="00404000"/>
						<SP ID="P287_SP00198" HPOS="791" VPOS="1266" WIDTH="40"/>
						<String ID="P287_ST00229" HPOS="831" VPOS="1228" WIDTH="26" HEIGHT="26" CONTENT="It" WC="0.47" CC="45"/>
					</TextLine>
					<TextLine ID="P287_TL00028" HPOS="48" VPOS="1275" WIDTH="809" HEIGHT="39">
						<String ID="P287_ST00230" HPOS="48" VPOS="1278" WIDTH="117" HEIGHT="36" CONTENT="requires" WC="0.79" CC="00014370"/>
						<SP ID="P287_SP00199" HPOS="165" VPOS="1314" WIDTH="14"/>
						<String ID="P287_ST00231" HPOS="179" VPOS="1277" WIDTH="79" HEIGHT="27" CONTENT="much" WC="0.63" CC="7007"/>
						<SP ID="P287_SP00200" HPOS="258" VPOS="1314" WIDTH="18"/>
						<String ID="P287_ST00232" HPOS="276" VPOS="1286" WIDTH="126" HEIGHT="28" CONTENT="presence" WC="0.73" CC="93040300"/>
						<SP ID="P287_SP00201" HPOS="402" VPOS="1314" WIDTH="15"/>
						<String ID="P287_ST00233" HPOS="417" VPOS="1276" WIDTH="30" HEIGHT="27" CONTENT="of" WC="0.40" CC="65"/>
						<SP ID="P287_SP00202" HPOS="447" VPOS="1314" WIDTH="11"/>
						<String ID="P287_ST00234" HPOS="458" VPOS="1276" WIDTH="84" HEIGHT="30" CONTENT="mind," WC="0.57" CC="93700"/>
						<SP ID="P287_SP00203" HPOS="542" VPOS="1314" WIDTH="14"/>
						<String ID="P287_ST00235" HPOS="556" VPOS="1275" WIDTH="27" HEIGHT="26" CONTENT="in" WC="0.87" CC="20"/>
						<SP ID="P287_SP00204" HPOS="583" VPOS="1314" WIDTH="11"/>
						<String ID="P287_ST00236" HPOS="594" VPOS="1275" WIDTH="97" HEIGHT="35" CONTENT="taking" WC="0.91" CC="000050"/>
						<SP ID="P287_SP00205" HPOS="691" VPOS="1314" WIDTH="10"/>
						<String ID="P287_ST00237" HPOS="701" VPOS="1275" WIDTH="156" HEIGHT="31" CONTENT="recreation," WC="0.86" CC="40000050040"/>
					</TextLine>
					<TextLine ID="P287_TL00029" HPOS="47" VPOS="1322" WIDTH="808" HEIGHT="36">
						<String ID="P287_ST00238" HPOS="47" VPOS="1331" WIDTH="47" HEIGHT="21" CONTENT="not" WC="0.62" CC="406"/>
						<SP ID="P287_SP00206" HPOS="94" VPOS="1352" WIDTH="14"/>
						<String ID="P287_ST00239" HPOS="108" VPOS="1330" WIDTH="27" HEIGHT="23" CONTENT="to" WC="0.60" CC="61"/>
						<SP ID="P287_SP00207" HPOS="135" VPOS="1353" WIDTH="23"/>
						<String ID="P287_ST00240" HPOS="158" VPOS="1325" WIDTH="124" HEIGHT="27" CONTENT="interfere" WC="0.82" CC="220040050"/>
						<SP ID="P287_SP00208" HPOS="282" VPOS="1353" WIDTH="20"/>
						<String ID="P287_ST00241" HPOS="302" VPOS="1325" WIDTH="65" HEIGHT="26" CONTENT="with" WC="0.69" CC="0461"/>
						<SP ID="P287_SP00209" HPOS="367" VPOS="1353" WIDTH="23"/>
						<String ID="P287_ST00242" HPOS="390" VPOS="1332" WIDTH="73" HEIGHT="18" CONTENT="some" WC="1.00" CC="0000"/>
						<SP ID="P287_SP00210" HPOS="463" VPOS="1353" WIDTH="15"/>
						<String ID="P287_ST00243" HPOS="478" VPOS="1323" WIDTH="32" HEIGHT="26" CONTENT="of" WC="1.00" CC="00"/>
						<SP ID="P287_SP00211" HPOS="510" VPOS="1353" WIDTH="18"/>
						<String ID="P287_ST00244" HPOS="528" VPOS="1322" WIDTH="69" HEIGHT="27" CONTENT="their" WC="0.85" CC="07000"/>
						<SP ID="P287_SP00212" HPOS="597" VPOS="1353" WIDTH="13"/>
						<String ID="P287_ST00245" HPOS="610" VPOS="1327" WIDTH="108" HEIGHT="31" CONTENT="strange" WC="0.73" CC="3000590"/>
						<SP ID="P287_SP00213" HPOS="718" VPOS="1358" WIDTH="22"/>
						<String ID="P287_ST00246" HPOS="740" VPOS="1323" WIDTH="115" HEIGHT="27" CONTENT="notions." WC="0.77" CC="44000260"/>
					</TextLine>
					<TextLine ID="P287_TL00030" HPOS="47" VPOS="1369" WIDTH="810" HEIGHT="39">
						<String ID="P287_ST00247" HPOS="47" VPOS="1372" WIDTH="76" HEIGHT="36" CONTENT="They" WC="0.99" CC="0000"/>
						<SP ID="P287_SP00214" HPOS="123" VPOS="1408" WIDTH="23"/>
						<String ID="P287_ST00248" HPOS="146" VPOS="1373" WIDTH="67" HEIGHT="26" CONTENT="have" WC="0.70" CC="7300"/>
						<SP ID="P287_SP00215" HPOS="213" VPOS="1408" WIDTH="25"/>
						<String ID="P287_ST00249" HPOS="238" VPOS="1381" WIDTH="33" HEIGHT="17" CONTENT="an" WC="0.66" CC="06"/>
						<SP ID="P287_SP00216" HPOS="271" VPOS="1408" WIDTH="27"/>
						<String ID="P287_ST00250" HPOS="298" VPOS="1371" WIDTH="61" HEIGHT="27" CONTENT="idea" WC="0.93" CC="1000"/>
						<SP ID="P287_SP00217" HPOS="359" VPOS="1408" WIDTH="20"/>
						<String ID="P287_ST00251" HPOS="379" VPOS="1370" WIDTH="61" HEIGHT="27" CONTENT="that" WC="0.57" CC="5704"/>
						<SP ID="P287_SP00218" HPOS="440" VPOS="1408" WIDTH="25"/>
						<String ID="P287_ST00252" HPOS="465" VPOS="1369" WIDTH="120" HEIGHT="36" CONTENT="walking" WC="0.91" CC="0200040"/>
						<SP ID="P287_SP00219" HPOS="585" VPOS="1408" WIDTH="25"/>
						<String ID="P287_ST00253" HPOS="610" VPOS="1369" WIDTH="66" HEIGHT="27" CONTENT="with" WC="0.46" CC="9065"/>
						<SP ID="P287_SP00220" HPOS="676" VPOS="1408" WIDTH="25"/>
						<String ID="P287_ST00254" HPOS="701" VPOS="1369" WIDTH="46" HEIGHT="27" CONTENT="the" WC="0.55" CC="660"/>
						<SP ID="P287_SP00221" HPOS="747" VPOS="1408" WIDTH="23"/>
						<String ID="P287_ST00255" HPOS="770" VPOS="1369" WIDTH="87" HEIGHT="28" CONTENT="hands" WC="0.83" CC="10123"/>
					</TextLine>
					<TextLine ID="P287_TL00031" HPOS="48" VPOS="1416" WIDTH="809" HEIGHT="36">
						<String ID="P287_ST00256" HPOS="48" VPOS="1419" WIDTH="97" HEIGHT="27" CONTENT="behind" WC="0.71" CC="307060"/>
						<SP ID="P287_SP00222" HPOS="145" VPOS="1446" WIDTH="12"/>
						<String ID="P287_ST00257" HPOS="157" VPOS="1419" WIDTH="45" HEIGHT="28" CONTENT="the" WC="0.64" CC="550"/>
						<SP ID="P287_SP00223" HPOS="202" VPOS="1447" WIDTH="11"/>
						<String ID="P287_ST00258" HPOS="213" VPOS="1419" WIDTH="70" HEIGHT="27" CONTENT="back" WC="0.83" CC="6000"/>
						<SP ID="P287_SP00224" HPOS="283" VPOS="1447" WIDTH="12"/>
						<String ID="P287_ST00259" HPOS="295" VPOS="1420" WIDTH="22" HEIGHT="26" CONTENT="is" WC="0.63" CC="24"/>
						<SP ID="P287_SP00225" HPOS="317" VPOS="1447" WIDTH="10"/>
						<String ID="P287_ST00260" HPOS="327" VPOS="1428" WIDTH="33" HEIGHT="17" CONTENT="an" WC="0.20" CC="95"/>
						<SP ID="P287_SP00226" HPOS="360" VPOS="1447" WIDTH="8"/>
						<String ID="P287_ST00261" HPOS="368" VPOS="1418" WIDTH="29" HEIGHT="26" CONTENT="ill" WC="0.75" CC="240"/>
						<SP ID="P287_SP00227" HPOS="397" VPOS="1447" WIDTH="9"/>
						<String ID="P287_ST00262" HPOS="406" VPOS="1426" WIDTH="89" HEIGHT="24" CONTENT="omen," WC="0.80" CC="00054"/>
						<SP ID="P287_SP00228" HPOS="495" VPOS="1450" WIDTH="10"/>
						<String ID="P287_ST00263" HPOS="505" VPOS="1417" WIDTH="53" HEIGHT="27" CONTENT="and" WC="0.49" CC="950"/>
						<SP ID="P287_SP00229" HPOS="558" VPOS="1450" WIDTH="12"/>
						<String ID="P287_ST00264" HPOS="570" VPOS="1416" WIDTH="101" HEIGHT="27" CONTENT="retards" WC="0.53" CC="6080691"/>
						<SP ID="P287_SP00230" HPOS="671" VPOS="1450" WIDTH="11"/>
						<String ID="P287_ST00265" HPOS="682" VPOS="1416" WIDTH="45" HEIGHT="28" CONTENT="the" WC="0.55" CC="670"/>
						<SP ID="P287_SP00231" HPOS="727" VPOS="1450" WIDTH="8"/>
						<String ID="P287_ST00266" HPOS="735" VPOS="1425" WIDTH="122" HEIGHT="27" CONTENT="progress" WC="0.64" CC="02294062"/>
					</TextLine>
				</TextBlock>
				<TextBlock ID="P287_TB00006" HPOS="413" VPOS="1469" WIDTH="51" HEIGHT="21" STYLEREFS="TXT_1 PAR_CENTER">
					<TextLine ID="P287_TL00032" HPOS="414" VPOS="1470" WIDTH="50" HEIGHT="20">
						<String ID="P287_ST00267" HPOS="414" VPOS="1473" WIDTH="22" HEIGHT="17" CONTENT="M" WC="0.45" CC="5"/>
						<SP ID="P287_SP00232" HPOS="436" VPOS="1490" WIDTH="14"/>
						<String ID="P287_ST00268" HPOS="450" VPOS="1470" WIDTH="14" HEIGHT="20" CONTENT="5" WC="0.35" CC="6"/>
					</TextLine>
				</TextBlock>
			</PrintSpace>
		</Page>
	</Layout>
</alto>
