<?xml version="1.0" encoding="UTF-8"?>
<alto xmlns:xsi="http://www.w3.org/2001/XMLSchema-instance" xsi:noNamespaceSchemaLocation="http://www.bl.uk/schemas/alto/alto-1-4.xsd" xmlns:xlink="http://www.w3.org/1999/xlink">
	<Description>
		<MeasurementUnit>mm10</MeasurementUnit>
		<sourceImageInformation>
			<fileName>//head1/IN/2008-15/A0011390163/005078.jp2</fileName>
		</sourceImageInformation>
		<OCRProcessing ID="OCRPROCESSING_1">
			<preProcessingStep>
				<processingSoftware>
					<softwareCreator>CCS Content Conversion Specialists GmbH, Germany</softwareCreator>
					<softwareName>CCS docWORKS</softwareName>
					<softwareVersion>6.1-0.67</softwareVersion>
				</processingSoftware>
			</preProcessingStep>
			<ocrProcessingStep>
				<processingSoftware>
					<softwareCreator>ABBYY (BIT Software), Russia</softwareCreator>
					<softwareName>Finereader</softwareName>
				</processingSoftware>
			</ocrProcessingStep>
		</OCRProcessing>
	</Description>
	<Styles>
		<TextStyle ID="TXT_0" FONTSIZE="10" FONTFAMILY="Courier New"/>
		<TextStyle ID="TXT_1" FONTSIZE="9" FONTFAMILY="Courier New"/>
		<ParagraphStyle ID="PAR_LEFT" ALIGN="Left"/>
		<ParagraphStyle ID="PAR_CENTER" ALIGN="Center"/>
	</Styles>
	<Layout>
		<Page ID="P302" PHYSICAL_IMG_NR="302" HEIGHT="1595" WIDTH="960" PRINTED_IMG_NR="264" POSITION="Left" ACCURACY="78.41">
			<TopMargin ID="P302_TM00001" HPOS="0" VPOS="0" WIDTH="960" HEIGHT="62">
				<TextBlock ID="P302_TB00001" HPOS="101" VPOS="35" WIDTH="53" HEIGHT="25" STYLEREFS="TXT_0 PAR_LEFT">
					<TextLine ID="P302_TL00001" HPOS="102" VPOS="36" WIDTH="52" HEIGHT="24">
						<String ID="P302_ST00001" HPOS="102" VPOS="36" WIDTH="52" HEIGHT="24" CONTENT="264" WC="0.87" CC="030"/>
					</TextLine>
				</TextBlock>
				<TextBlock ID="P302_TB00002" HPOS="465" VPOS="43" WIDTH="73" HEIGHT="17" STYLEREFS="TXT_1 PAR_CENTER">
					<TextLine ID="P302_TL00002" HPOS="466" VPOS="43" WIDTH="72" HEIGHT="17">
						<String ID="P302_ST00002" HPOS="466" VPOS="43" WIDTH="24" HEIGHT="17" CONTENT="61" WC="0.23" CC="86"/>
						<SP ID="P302_SP00001" HPOS="490" VPOS="60" WIDTH="7"/>
						<String ID="P302_ST00003" HPOS="497" VPOS="43" WIDTH="41" HEIGHT="17" CONTENT="AM" WC="0.09" CC="98"/>
					</TextLine>
				</TextBlock>
			</TopMargin>
			<LeftMargin ID="P302_LM00001" HPOS="0" VPOS="62" WIDTH="99" HEIGHT="1406"/>
			<RightMargin ID="P302_RM00001" HPOS="921" VPOS="62" WIDTH="39" HEIGHT="1406"/>
			<BottomMargin ID="P302_BM00001" HPOS="0" VPOS="1468" WIDTH="960" HEIGHT="127"/>
			<PrintSpace ID="P302_PS00001" HPOS="99" VPOS="62" WIDTH="822" HEIGHT="1406">
				<TextBlock ID="P302_TB00003" HPOS="101" VPOS="101" WIDTH="813" HEIGHT="86" STYLEREFS="TXT_1 PAR_LEFT">
					<TextLine ID="P302_TL00003" HPOS="102" VPOS="102" WIDTH="812" HEIGHT="34">
						<String ID="P302_ST00004" HPOS="102" VPOS="110" WIDTH="27" HEIGHT="22" CONTENT="to" WC="0.58" CC="80"/>
						<SP ID="P302_SP00002" HPOS="129" VPOS="132" WIDTH="22"/>
						<String ID="P302_ST00005" HPOS="151" VPOS="105" WIDTH="108" HEIGHT="26" CONTENT="in-door" WC="0.75" CC="0507102"/>
						<SP ID="P302_SP00003" HPOS="259" VPOS="132" WIDTH="20"/>
						<String ID="P302_ST00006" HPOS="279" VPOS="104" WIDTH="118" HEIGHT="32" CONTENT="labours," WC="0.91" CC="40000100"/>
						<SP ID="P302_SP00004" HPOS="397" VPOS="136" WIDTH="22"/>
						<String ID="P302_ST00007" HPOS="419" VPOS="104" WIDTH="51" HEIGHT="27" CONTENT="and" WC="0.79" CC="320"/>
						<SP ID="P302_SP00005" HPOS="470" VPOS="136" WIDTH="27"/>
						<String ID="P302_ST00008" HPOS="497" VPOS="114" WIDTH="67" HEIGHT="17" CONTENT="even" WC="0.63" CC="0806"/>
						<SP ID="P302_SP00006" HPOS="564" VPOS="136" WIDTH="22"/>
						<String ID="P302_ST00009" HPOS="586" VPOS="104" WIDTH="77" HEIGHT="27" CONTENT="these" WC="0.91" CC="01200"/>
						<SP ID="P302_SP00007" HPOS="663" VPOS="136" WIDTH="23"/>
						<String ID="P302_ST00010" HPOS="686" VPOS="102" WIDTH="122" HEIGHT="28" CONTENT="received" WC="1.00" CC="00000000"/>
						<SP ID="P302_SP00008" HPOS="808" VPOS="136" WIDTH="23"/>
						<String ID="P302_ST00011" HPOS="831" VPOS="102" WIDTH="48" HEIGHT="27" CONTENT="but" WC="0.67" CC="504"/>
						<SP ID="P302_SP00009" HPOS="879" VPOS="136" WIDTH="21"/>
						<String ID="P302_ST00012" HPOS="900" VPOS="113" WIDTH="14" HEIGHT="16" CONTENT="a" WC="1.00" CC="0"/>
					</TextLine>
					<TextLine ID="P302_TL00004" HPOS="102" VPOS="151" WIDTH="313" HEIGHT="36">
						<String ID="P302_ST00013" HPOS="102" VPOS="151" WIDTH="153" HEIGHT="36" CONTENT="superficial" WC="0.94" CC="00002000003"/>
						<SP ID="P302_SP00010" HPOS="255" VPOS="187" WIDTH="15"/>
						<String ID="P302_ST00014" HPOS="270" VPOS="152" WIDTH="145" HEIGHT="25" CONTENT="attention." WC="0.86" CC="0000064020"/>
					</TextLine>
				</TextBlock>
				<TextBlock ID="P302_TB00004" HPOS="99" VPOS="196" WIDTH="818" HEIGHT="1127" STYLEREFS="TXT_1 PAR_LEFT">
					<TextLine ID="P302_TL00005" HPOS="138" VPOS="197" WIDTH="777" HEIGHT="36">
						<String ID="P302_ST00015" HPOS="138" VPOS="198" WIDTH="58" HEIGHT="27" CONTENT="The" WC="0.89" CC="030"/>
						<SP ID="P302_SP00011" HPOS="196" VPOS="225" WIDTH="27"/>
						<String ID="P302_ST00016" HPOS="223" VPOS="202" WIDTH="71" HEIGHT="22" CONTENT="most" WC="0.82" CC="2040"/>
						<SP ID="P302_SP00012" HPOS="294" VPOS="225" WIDTH="23"/>
						<String ID="P302_ST00017" HPOS="317" VPOS="197" WIDTH="111" HEIGHT="36" CONTENT="hopeful" WC="0.76" CC="7000071"/>
						<SP ID="P302_SP00013" HPOS="428" VPOS="233" WIDTH="27"/>
						<String ID="P302_ST00018" HPOS="455" VPOS="197" WIDTH="198" HEIGHT="27" CONTENT="circumstance" WC="0.71" CC="027054662000"/>
						<SP ID="P302_SP00014" HPOS="653" VPOS="233" WIDTH="28"/>
						<String ID="P302_ST00019" HPOS="681" VPOS="197" WIDTH="165" HEIGHT="36" CONTENT="concerning" WC="0.82" CC="0060001009"/>
						<SP ID="P302_SP00015" HPOS="846" VPOS="233" WIDTH="26"/>
						<String ID="P302_ST00020" HPOS="872" VPOS="197" WIDTH="43" HEIGHT="28" CONTENT="the" WC="0.70" CC="260"/>
					</TextLine>
					<TextLine ID="P302_TL00006" HPOS="102" VPOS="244" WIDTH="812" HEIGHT="36">
						<String ID="P302_ST00021" HPOS="102" VPOS="245" WIDTH="121" HEIGHT="32" CONTENT="mission," WC="0.75" CC="62040060"/>
						<SP ID="P302_SP00016" HPOS="223" VPOS="277" WIDTH="9"/>
						<String ID="P302_ST00022" HPOS="232" VPOS="245" WIDTH="22" HEIGHT="26" CONTENT="is" WC="1.00" CC="00"/>
						<SP ID="P302_SP00017" HPOS="254" VPOS="277" WIDTH="11"/>
						<String ID="P302_ST00023" HPOS="265" VPOS="245" WIDTH="44" HEIGHT="26" CONTENT="the" WC="0.75" CC="070"/>
						<SP ID="P302_SP00018" HPOS="309" VPOS="277" WIDTH="10"/>
						<String ID="P302_ST00024" HPOS="319" VPOS="245" WIDTH="114" HEIGHT="26" CONTENT="number" WC="0.59" CC="059502"/>
						<SP ID="P302_SP00019" HPOS="433" VPOS="277" WIDTH="11"/>
						<String ID="P302_ST00025" HPOS="444" VPOS="245" WIDTH="195" HEIGHT="26" CONTENT="ofattendants" WC="0.61" CC="007550800756"/>
						<SP ID="P302_SP00020" HPOS="639" VPOS="277" WIDTH="12"/>
						<String ID="P302_ST00026" HPOS="651" VPOS="254" WIDTH="72" HEIGHT="26" CONTENT="upon" WC="0.82" CC="7000"/>
						<SP ID="P302_SP00021" HPOS="723" VPOS="280" WIDTH="12"/>
						<String ID="P302_ST00027" HPOS="735" VPOS="254" WIDTH="49" HEIGHT="17" CONTENT="our" WC="0.83" CC="400"/>
						<SP ID="P302_SP00022" HPOS="784" VPOS="280" WIDTH="11"/>
						<String ID="P302_ST00028" HPOS="795" VPOS="244" WIDTH="119" HEIGHT="27" CONTENT="Sabbath" WC="0.79" CC="6000026"/>
					</TextLine>
					<TextLine ID="P302_TL00007" HPOS="102" VPOS="291" WIDTH="813" HEIGHT="37">
						<String ID="P302_ST00029" HPOS="102" VPOS="293" WIDTH="123" HEIGHT="27" CONTENT="services." WC="0.81" CC="603000034"/>
						<SP ID="P302_SP00023" HPOS="225" VPOS="320" WIDTH="40"/>
						<String ID="P302_ST00030" HPOS="265" VPOS="292" WIDTH="130" HEIGHT="27" CONTENT="Between" WC="0.82" CC="6000005"/>
						<SP ID="P302_SP00024" HPOS="395" VPOS="320" WIDTH="21"/>
						<String ID="P302_ST00031" HPOS="416" VPOS="292" WIDTH="97" HEIGHT="26" CONTENT="twelve" WC="0.83" CC="400500"/>
						<SP ID="P302_SP00025" HPOS="513" VPOS="320" WIDTH="15"/>
						<String ID="P302_ST00032" HPOS="528" VPOS="292" WIDTH="52" HEIGHT="26" CONTENT="and" WC="0.83" CC="050"/>
						<SP ID="P302_SP00026" HPOS="580" VPOS="320" WIDTH="21"/>
						<String ID="P302_ST00033" HPOS="601" VPOS="296" WIDTH="102" HEIGHT="32" CONTENT="twenty" WC="0.81" CC="000820"/>
						<SP ID="P302_SP00027" HPOS="703" VPOS="328" WIDTH="15"/>
						<String ID="P302_ST00034" HPOS="718" VPOS="291" WIDTH="118" HEIGHT="28" CONTENT="Chinese" WC="0.85" CC="0703000"/>
						<SP ID="P302_SP00028" HPOS="836" VPOS="328" WIDTH="14"/>
						<String ID="P302_ST00035" HPOS="850" VPOS="292" WIDTH="65" HEIGHT="27" CONTENT="have" WC="0.76" CC="5030"/>
					</TextLine>
					<TextLine ID="P302_TL00008" HPOS="101" VPOS="339" WIDTH="812" HEIGHT="37">
						<String ID="P302_ST00036" HPOS="101" VPOS="341" WIDTH="137" HEIGHT="35" CONTENT="generally" WC="0.83" CC="002024500"/>
						<SP ID="P302_SP00029" HPOS="238" VPOS="376" WIDTH="15"/>
						<String ID="P302_ST00037" HPOS="253" VPOS="341" WIDTH="68" HEIGHT="26" CONTENT="been" WC="0.79" CC="0008"/>
						<SP ID="P302_SP00030" HPOS="321" VPOS="376" WIDTH="24"/>
						<String ID="P302_ST00038" HPOS="345" VPOS="343" WIDTH="108" HEIGHT="33" CONTENT="present" WC="0.82" CC="0100370"/>
						<String ID="P302_ST00039" HPOS="455" VPOS="355" WIDTH="35" HEIGHT="4" CONTENT="—" WC="0.20" CC="8"/>
						<String ID="P302_ST00040" HPOS="493" VPOS="340" WIDTH="49" HEIGHT="26" CONTENT="few" WC="1.00" CC="000"/>
						<SP ID="P302_SP00031" HPOS="542" VPOS="376" WIDTH="21"/>
						<String ID="P302_ST00041" HPOS="563" VPOS="339" WIDTH="107" HEIGHT="30" CONTENT="indeed," WC="0.79" CC="0490000"/>
						<SP ID="P302_SP00032" HPOS="670" VPOS="376" WIDTH="14"/>
						<String ID="P302_ST00042" HPOS="684" VPOS="340" WIDTH="155" HEIGHT="27" CONTENT="contrasted" WC="0.89" CC="0050100400"/>
						<SP ID="P302_SP00033" HPOS="839" VPOS="376" WIDTH="14"/>
						<String ID="P302_ST00043" HPOS="853" VPOS="340" WIDTH="60" HEIGHT="27" CONTENT="with" WC="0.78" CC="0052"/>
					</TextLine>
					<TextLine ID="P302_TL00009" HPOS="100" VPOS="387" WIDTH="813" HEIGHT="37">
						<String ID="P302_ST00044" HPOS="100" VPOS="388" WIDTH="47" HEIGHT="28" CONTENT="the" WC="0.83" CC="040"/>
						<SP ID="P302_SP00034" HPOS="147" VPOS="416" WIDTH="20"/>
						<String ID="P302_ST00045" HPOS="167" VPOS="388" WIDTH="120" HEIGHT="36" CONTENT="myriads" WC="0.76" CC="5040060"/>
						<SP ID="P302_SP00035" HPOS="287" VPOS="424" WIDTH="20"/>
						<String ID="P302_ST00046" HPOS="307" VPOS="388" WIDTH="60" HEIGHT="26" CONTENT="who" WC="0.76" CC="070"/>
						<SP ID="P302_SP00036" HPOS="367" VPOS="424" WIDTH="20"/>
						<String ID="P302_ST00047" HPOS="387" VPOS="388" WIDTH="75" HEIGHT="35" CONTENT="cling" WC="0.80" CC="01080"/>
						<SP ID="P302_SP00037" HPOS="462" VPOS="424" WIDTH="19"/>
						<String ID="P302_ST00048" HPOS="481" VPOS="387" WIDTH="66" HEIGHT="26" CONTENT="with" WC="0.77" CC="0205"/>
						<SP ID="P302_SP00038" HPOS="547" VPOS="424" WIDTH="20"/>
						<String ID="P302_ST00049" HPOS="567" VPOS="388" WIDTH="127" HEIGHT="25" CONTENT="madness" WC="0.76" CC="0900401"/>
						<SP ID="P302_SP00039" HPOS="694" VPOS="424" WIDTH="15"/>
						<String ID="P302_ST00050" HPOS="709" VPOS="391" WIDTH="28" HEIGHT="22" CONTENT="to" WC="1.00" CC="00"/>
						<SP ID="P302_SP00040" HPOS="737" VPOS="424" WIDTH="14"/>
						<String ID="P302_ST00051" HPOS="751" VPOS="387" WIDTH="70" HEIGHT="26" CONTENT="their" WC="0.88" CC="60000"/>
						<SP ID="P302_SP00041" HPOS="821" VPOS="424" WIDTH="17"/>
						<String ID="P302_ST00052" HPOS="838" VPOS="387" WIDTH="75" HEIGHT="33" CONTENT="idols," WC="0.82" CC="400311"/>
					</TextLine>
					<TextLine ID="P302_TL00010" HPOS="99" VPOS="434" WIDTH="815" HEIGHT="37">
						<String ID="P302_ST00053" HPOS="99" VPOS="436" WIDTH="51" HEIGHT="26" CONTENT="but" WC="0.89" CC="300"/>
						<SP ID="P302_SP00042" HPOS="150" VPOS="462" WIDTH="13"/>
						<String ID="P302_ST00054" HPOS="163" VPOS="435" WIDTH="185" HEIGHT="36" CONTENT="encouraging" WC="0.88" CC="00000010038"/>
						<SP ID="P302_SP00043" HPOS="348" VPOS="471" WIDTH="13"/>
						<String ID="P302_ST00055" HPOS="361" VPOS="434" WIDTH="76" HEIGHT="28" CONTENT="when" WC="0.64" CC="0706"/>
						<SP ID="P302_SP00044" HPOS="437" VPOS="471" WIDTH="16"/>
						<String ID="P302_ST00056" HPOS="453" VPOS="434" WIDTH="144" HEIGHT="37" CONTENT="compared" WC="0.82" CC="00403600"/>
						<SP ID="P302_SP00045" HPOS="597" VPOS="471" WIDTH="16"/>
						<String ID="P302_ST00057" HPOS="613" VPOS="434" WIDTH="65" HEIGHT="27" CONTENT="with" WC="0.83" CC="0023"/>
						<SP ID="P302_SP00046" HPOS="678" VPOS="471" WIDTH="17"/>
						<String ID="P302_ST00058" HPOS="695" VPOS="434" WIDTH="46" HEIGHT="27" CONTENT="the" WC="0.78" CC="060"/>
						<SP ID="P302_SP00047" HPOS="741" VPOS="471" WIDTH="15"/>
						<String ID="P302_ST00059" HPOS="756" VPOS="439" WIDTH="69" HEIGHT="31" CONTENT="past." WC="0.98" CC="00000"/>
						<SP ID="P302_SP00048" HPOS="825" VPOS="471" WIDTH="32"/>
						<String ID="P302_ST00060" HPOS="857" VPOS="434" WIDTH="57" HEIGHT="28" CONTENT="Our" WC="0.61" CC="506"/>
					</TextLine>
					<TextLine ID="P302_TL00011" HPOS="100" VPOS="482" WIDTH="817" HEIGHT="36">
						<String ID="P302_ST00061" HPOS="100" VPOS="483" WIDTH="125" HEIGHT="35" CONTENT="auditory" WC="0.93" CC="00030200"/>
						<SP ID="P302_SP00049" HPOS="225" VPOS="518" WIDTH="15"/>
						<String ID="P302_ST00062" HPOS="240" VPOS="483" WIDTH="49" HEIGHT="26" CONTENT="has" WC="0.75" CC="205"/>
						<SP ID="P302_SP00050" HPOS="289" VPOS="518" WIDTH="17"/>
						<String ID="P302_ST00063" HPOS="306" VPOS="483" WIDTH="65" HEIGHT="26" CONTENT="been" WC="0.87" CC="0005"/>
						<SP ID="P302_SP00051" HPOS="371" VPOS="518" WIDTH="14"/>
						<String ID="P302_ST00064" HPOS="385" VPOS="482" WIDTH="143" HEIGHT="36" CONTENT="gradually" WC="0.70" CC="900005308"/>
						<SP ID="P302_SP00052" HPOS="528" VPOS="518" WIDTH="14"/>
						<String ID="P302_ST00065" HPOS="542" VPOS="483" WIDTH="138" HEIGHT="26" CONTENT="increased" WC="0.78" CC="250400330"/>
						<SP ID="P302_SP00053" HPOS="680" VPOS="518" WIDTH="16"/>
						<String ID="P302_ST00066" HPOS="696" VPOS="482" WIDTH="36" HEIGHT="36" CONTENT="by" WC="0.67" CC="60"/>
						<SP ID="P302_SP00054" HPOS="732" VPOS="518" WIDTH="15"/>
						<String ID="P302_ST00067" HPOS="747" VPOS="491" WIDTH="15" HEIGHT="17" CONTENT="a" WC="1.00" CC="0"/>
						<SP ID="P302_SP00055" HPOS="762" VPOS="518" WIDTH="15"/>
						<String ID="P302_ST00068" HPOS="777" VPOS="483" WIDTH="101" HEIGHT="35" CONTENT="species" WC="0.82" CC="5000007"/>
						<SP ID="P302_SP00056" HPOS="878" VPOS="518" WIDTH="11"/>
						<String ID="P302_ST00069" HPOS="889" VPOS="484" WIDTH="28" HEIGHT="26" CONTENT="of" WC="0.81" CC="30"/>
					</TextLine>
					<TextLine ID="P302_TL00012" HPOS="100" VPOS="529" WIDTH="812" HEIGHT="37">
						<String ID="P302_ST00070" HPOS="100" VPOS="534" WIDTH="200" HEIGHT="32" CONTENT="management," WC="0.68" CC="70609050500"/>
						<SP ID="P302_SP00057" HPOS="300" VPOS="566" WIDTH="14"/>
						<String ID="P302_ST00071" HPOS="314" VPOS="529" WIDTH="96" HEIGHT="31" CONTENT="which," WC="0.78" CC="030072"/>
						<SP ID="P302_SP00058" HPOS="410" VPOS="566" WIDTH="10"/>
						<String ID="P302_ST00072" HPOS="420" VPOS="529" WIDTH="54" HEIGHT="27" CONTENT="had" WC="0.67" CC="620"/>
						<SP ID="P302_SP00059" HPOS="474" VPOS="566" WIDTH="16"/>
						<String ID="P302_ST00073" HPOS="490" VPOS="529" WIDTH="11" HEIGHT="27" CONTENT="I" WC="1.00" CC="0"/>
						<SP ID="P302_SP00060" HPOS="501" VPOS="566" WIDTH="16"/>
						<String ID="P302_ST00074" HPOS="517" VPOS="529" WIDTH="148" HEIGHT="32" CONTENT="remained," WC="0.71" CC="309002090"/>
						<SP ID="P302_SP00061" HPOS="665" VPOS="566" WIDTH="15"/>
						<String ID="P302_ST00075" HPOS="680" VPOS="529" WIDTH="88" HEIGHT="27" CONTENT="would" WC="0.90" CC="00220"/>
						<SP ID="P302_SP00062" HPOS="768" VPOS="566" WIDTH="18"/>
						<String ID="P302_ST00076" HPOS="786" VPOS="530" WIDTH="126" HEIGHT="36" CONTENT="probably" WC="0.83" CC="30006300"/>
					</TextLine>
					<TextLine ID="P302_TL00013" HPOS="100" VPOS="577" WIDTH="813" HEIGHT="36">
						<String ID="P302_ST00077" HPOS="100" VPOS="578" WIDTH="68" HEIGHT="26" CONTENT="have" WC="0.85" CC="6000"/>
						<SP ID="P302_SP00063" HPOS="168" VPOS="604" WIDTH="9"/>
						<String ID="P302_ST00078" HPOS="177" VPOS="578" WIDTH="107" HEIGHT="26" CONTENT="swelled" WC="0.91" CC="0000500"/>
						<SP ID="P302_SP00064" HPOS="284" VPOS="604" WIDTH="12"/>
						<String ID="P302_ST00079" HPOS="296" VPOS="578" WIDTH="19" HEIGHT="25" CONTENT="it" WC="0.63" CC="33"/>
						<SP ID="P302_SP00065" HPOS="315" VPOS="604" WIDTH="13"/>
						<String ID="P302_ST00080" HPOS="328" VPOS="582" WIDTH="28" HEIGHT="22" CONTENT="to" WC="1.00" CC="00"/>
						<SP ID="P302_SP00066" HPOS="356" VPOS="604" WIDTH="11"/>
						<String ID="P302_ST00081" HPOS="367" VPOS="587" WIDTH="14" HEIGHT="16" CONTENT="a" WC="1.00" CC="0"/>
						<SP ID="P302_SP00067" HPOS="381" VPOS="604" WIDTH="11"/>
						<String ID="P302_ST00082" HPOS="392" VPOS="578" WIDTH="73" HEIGHT="35" CONTENT="large" WC="0.60" CC="32490"/>
						<SP ID="P302_SP00068" HPOS="465" VPOS="613" WIDTH="10"/>
						<String ID="P302_ST00083" HPOS="475" VPOS="578" WIDTH="205" HEIGHT="35" CONTENT="congregation." WC="0.68" CC="0060109930360"/>
						<SP ID="P302_SP00069" HPOS="680" VPOS="613" WIDTH="32"/>
						<String ID="P302_ST00084" HPOS="712" VPOS="577" WIDTH="31" HEIGHT="26" CONTENT="In" WC="0.64" CC="07"/>
						<SP ID="P302_SP00070" HPOS="743" VPOS="613" WIDTH="14"/>
						<String ID="P302_ST00085" HPOS="757" VPOS="578" WIDTH="156" HEIGHT="35" CONTENT="conversing" WC="0.69" CC="0060045157"/>
					</TextLine>
					<TextLine ID="P302_TL00014" HPOS="100" VPOS="624" WIDTH="812" HEIGHT="37">
						<String ID="P302_ST00086" HPOS="100" VPOS="625" WIDTH="65" HEIGHT="27" CONTENT="with" WC="0.62" CC="0266"/>
						<SP ID="P302_SP00071" HPOS="165" VPOS="652" WIDTH="23"/>
						<String ID="P302_ST00087" HPOS="188" VPOS="625" WIDTH="46" HEIGHT="26" CONTENT="the" WC="0.78" CC="060"/>
						<SP ID="P302_SP00072" HPOS="234" VPOS="652" WIDTH="24"/>
						<String ID="P302_ST00088" HPOS="258" VPOS="634" WIDTH="146" HEIGHT="17" CONTENT="numerous" WC="0.84" CC="51003001"/>
						<SP ID="P302_SP00073" HPOS="404" VPOS="652" WIDTH="16"/>
						<String ID="P302_ST00089" HPOS="420" VPOS="625" WIDTH="155" HEIGHT="36" CONTENT="applicants" WC="0.63" CC="2096020572"/>
						<SP ID="P302_SP00074" HPOS="575" VPOS="661" WIDTH="21"/>
						<String ID="P302_ST00090" HPOS="596" VPOS="624" WIDTH="41" HEIGHT="27" CONTENT="for" WC="0.70" CC="503"/>
						<SP ID="P302_SP00075" HPOS="637" VPOS="661" WIDTH="22"/>
						<String ID="P302_ST00091" HPOS="659" VPOS="624" WIDTH="142" HEIGHT="32" CONTENT="medicine," WC="0.69" CC="900300670"/>
						<SP ID="P302_SP00076" HPOS="801" VPOS="661" WIDTH="23"/>
						<String ID="P302_ST00092" HPOS="824" VPOS="625" WIDTH="10" HEIGHT="25" CONTENT="I" WC="1.00" CC="0"/>
						<SP ID="P302_SP00077" HPOS="834" VPOS="661" WIDTH="25"/>
						<String ID="P302_ST00093" HPOS="859" VPOS="626" WIDTH="53" HEIGHT="26" CONTENT="told" WC="0.89" CC="0040"/>
					</TextLine>
					<TextLine ID="P302_TL00015" HPOS="100" VPOS="672" WIDTH="812" HEIGHT="36">
						<String ID="P302_ST00094" HPOS="100" VPOS="673" WIDTH="66" HEIGHT="26" CONTENT="such" WC="0.81" CC="0007"/>
						<SP ID="P302_SP00078" HPOS="166" VPOS="699" WIDTH="17"/>
						<String ID="P302_ST00095" HPOS="183" VPOS="683" WIDTH="28" HEIGHT="16" CONTENT="as" WC="1.00" CC="00"/>
						<SP ID="P302_SP00079" HPOS="211" VPOS="699" WIDTH="16"/>
						<String ID="P302_ST00096" HPOS="227" VPOS="672" WIDTH="11" HEIGHT="27" CONTENT="I" WC="0.47" CC="5"/>
						<SP ID="P302_SP00080" HPOS="238" VPOS="699" WIDTH="16"/>
						<String ID="P302_ST00097" HPOS="254" VPOS="672" WIDTH="120" HEIGHT="36" CONTENT="thought" WC="0.74" CC="4303060"/>
						<SP ID="P302_SP00081" HPOS="374" VPOS="708" WIDTH="14"/>
						<String ID="P302_ST00098" HPOS="388" VPOS="672" WIDTH="79" HEIGHT="27" CONTENT="could" WC="0.97" CC="00100"/>
						<SP ID="P302_SP00082" HPOS="467" VPOS="708" WIDTH="16"/>
						<String ID="P302_ST00099" HPOS="483" VPOS="673" WIDTH="59" HEIGHT="26" CONTENT="well" WC="0.81" CC="0016"/>
						<SP ID="P302_SP00083" HPOS="542" VPOS="708" WIDTH="13"/>
						<String ID="P302_ST00100" HPOS="555" VPOS="672" WIDTH="107" HEIGHT="33" CONTENT="attend," WC="0.82" CC="3000602"/>
						<SP ID="P302_SP00084" HPOS="662" VPOS="708" WIDTH="21"/>
						<String ID="P302_ST00101" HPOS="683" VPOS="672" WIDTH="31" HEIGHT="27" CONTENT="of" WC="0.48" CC="54"/>
						<SP ID="P302_SP00085" HPOS="714" VPOS="708" WIDTH="17"/>
						<String ID="P302_ST00102" HPOS="731" VPOS="682" WIDTH="48" HEIGHT="17" CONTENT="our" WC="1.00" CC="000"/>
						<SP ID="P302_SP00086" HPOS="779" VPOS="708" WIDTH="16"/>
						<String ID="P302_ST00103" HPOS="795" VPOS="672" WIDTH="117" HEIGHT="27" CONTENT="Sabbath" WC="0.84" CC="6000030"/>
					</TextLine>
					<TextLine ID="P302_TL00016" HPOS="100" VPOS="719" WIDTH="813" HEIGHT="36">
						<String ID="P302_ST00104" HPOS="100" VPOS="720" WIDTH="110" HEIGHT="32" CONTENT="service," WC="0.82" CC="20042004"/>
						<SP ID="P302_SP00087" HPOS="210" VPOS="752" WIDTH="23"/>
						<String ID="P302_ST00105" HPOS="233" VPOS="720" WIDTH="54" HEIGHT="26" CONTENT="and" WC="0.50" CC="950"/>
						<SP ID="P302_SP00088" HPOS="287" VPOS="752" WIDTH="22"/>
						<String ID="P302_ST00106" HPOS="309" VPOS="720" WIDTH="147" HEIGHT="35" CONTENT="appointed" WC="0.91" CC="000034000"/>
						<SP ID="P302_SP00089" HPOS="456" VPOS="755" WIDTH="24"/>
						<String ID="P302_ST00107" HPOS="480" VPOS="719" WIDTH="61" HEIGHT="27" CONTENT="that" WC="0.85" CC="0500"/>
						<SP ID="P302_SP00090" HPOS="541" VPOS="755" WIDTH="17"/>
						<String ID="P302_ST00108" HPOS="558" VPOS="720" WIDTH="54" HEIGHT="35" CONTENT="day" WC="0.74" CC="070"/>
						<SP ID="P302_SP00091" HPOS="612" VPOS="755" WIDTH="15"/>
						<String ID="P302_ST00109" HPOS="627" VPOS="721" WIDTH="52" HEIGHT="24" CONTENT="and" WC="0.90" CC="200"/>
						<SP ID="P302_SP00092" HPOS="679" VPOS="755" WIDTH="23"/>
						<String ID="P302_ST00110" HPOS="702" VPOS="720" WIDTH="69" HEIGHT="26" CONTENT="hour" WC="0.65" CC="7004"/>
						<SP ID="P302_SP00093" HPOS="771" VPOS="755" WIDTH="14"/>
						<String ID="P302_ST00111" HPOS="785" VPOS="720" WIDTH="39" HEIGHT="26" CONTENT="for" WC="0.77" CC="051"/>
						<SP ID="P302_SP00094" HPOS="824" VPOS="755" WIDTH="20"/>
						<String ID="P302_ST00112" HPOS="844" VPOS="720" WIDTH="69" HEIGHT="27" CONTENT="them" WC="0.55" CC="0763"/>
					</TextLine>
					<TextLine ID="P302_TL00017" HPOS="100" VPOS="766" WIDTH="813" HEIGHT="38">
						<String ID="P302_ST00113" HPOS="100" VPOS="772" WIDTH="27" HEIGHT="22" CONTENT="to" WC="1.00" CC="00"/>
						<SP ID="P302_SP00095" HPOS="127" VPOS="794" WIDTH="15"/>
						<String ID="P302_ST00114" HPOS="142" VPOS="777" WIDTH="75" HEIGHT="17" CONTENT="come" WC="0.93" CC="0200"/>
						<SP ID="P302_SP00096" HPOS="217" VPOS="794" WIDTH="15"/>
						<String ID="P302_ST00115" HPOS="232" VPOS="768" WIDTH="39" HEIGHT="26" CONTENT="for" WC="0.95" CC="000"/>
						<SP ID="P302_SP00097" HPOS="271" VPOS="794" WIDTH="14"/>
						<String ID="P302_ST00116" HPOS="285" VPOS="777" WIDTH="15" HEIGHT="16" CONTENT="a" WC="1.00" CC="0"/>
						<SP ID="P302_SP00098" HPOS="300" VPOS="794" WIDTH="15"/>
						<String ID="P302_ST00117" HPOS="315" VPOS="767" WIDTH="71" HEIGHT="26" CONTENT="fresh" WC="0.63" CC="05056"/>
						<SP ID="P302_SP00099" HPOS="386" VPOS="794" WIDTH="20"/>
						<String ID="P302_ST00118" HPOS="406" VPOS="767" WIDTH="101" HEIGHT="37" CONTENT="supply" WC="0.50" CC="139139"/>
						<SP ID="P302_SP00100" HPOS="507" VPOS="804" WIDTH="13"/>
						<String ID="P302_ST00119" HPOS="520" VPOS="767" WIDTH="32" HEIGHT="26" CONTENT="of" WC="0.95" CC="01"/>
						<SP ID="P302_SP00101" HPOS="552" VPOS="804" WIDTH="17"/>
						<String ID="P302_ST00120" HPOS="569" VPOS="767" WIDTH="144" HEIGHT="26" CONTENT="medicine." WC="0.80" CC="500500500"/>
						<SP ID="P302_SP00102" HPOS="713" VPOS="804" WIDTH="42"/>
						<String ID="P302_ST00121" HPOS="755" VPOS="766" WIDTH="86" HEIGHT="37" CONTENT="Many" WC="0.64" CC="0850"/>
						<SP ID="P302_SP00103" HPOS="841" VPOS="804" WIDTH="16"/>
						<String ID="P302_ST00122" HPOS="857" VPOS="767" WIDTH="56" HEIGHT="26" CONTENT="who" WC="1.00" CC="000"/>
					</TextLine>
					<TextLine ID="P302_TL00018" HPOS="105" VPOS="815" WIDTH="808" HEIGHT="35">
						<String ID="P302_ST00123" HPOS="105" VPOS="815" WIDTH="175" HEIGHT="27" CONTENT="commenced" WC="0.79" CC="006001009"/>
						<SP ID="P302_SP00104" HPOS="280" VPOS="842" WIDTH="24"/>
						<String ID="P302_ST00124" HPOS="304" VPOS="815" WIDTH="71" HEIGHT="26" CONTENT="their" WC="0.79" CC="27000"/>
						<SP ID="P302_SP00105" HPOS="375" VPOS="842" WIDTH="18"/>
						<String ID="P302_ST00125" HPOS="393" VPOS="815" WIDTH="166" HEIGHT="27" CONTENT="attendance" WC="0.77" CC="0260107400"/>
						<SP ID="P302_SP00106" HPOS="559" VPOS="842" WIDTH="21"/>
						<String ID="P302_ST00126" HPOS="580" VPOS="815" WIDTH="118" HEIGHT="35" CONTENT="through" WC="0.44" CC="0760797"/>
						<SP ID="P302_SP00107" HPOS="698" VPOS="850" WIDTH="20"/>
						<String ID="P302_ST00127" HPOS="718" VPOS="815" WIDTH="76" HEIGHT="27" CONTENT="these" WC="0.72" CC="66000"/>
						<SP ID="P302_SP00108" HPOS="794" VPOS="850" WIDTH="22"/>
						<String ID="P302_ST00128" HPOS="816" VPOS="824" WIDTH="97" HEIGHT="23" CONTENT="means," WC="0.81" CC="003340"/>
					</TextLine>
					<TextLine ID="P302_TL00019" HPOS="100" VPOS="862" WIDTH="816" HEIGHT="36">
						<String ID="P302_ST00129" HPOS="100" VPOS="863" WIDTH="110" HEIGHT="26" CONTENT="became" WC="0.84" CC="000090"/>
						<SP ID="P302_SP00109" HPOS="210" VPOS="889" WIDTH="22"/>
						<String ID="P302_ST00130" HPOS="232" VPOS="867" WIDTH="45" HEIGHT="22" CONTENT="too" WC="0.92" CC="020"/>
						<SP ID="P302_SP00110" HPOS="277" VPOS="889" WIDTH="22"/>
						<String ID="P302_ST00131" HPOS="299" VPOS="862" WIDTH="81" HEIGHT="27" CONTENT="much" WC="0.68" CC="5007"/>
						<SP ID="P302_SP00111" HPOS="380" VPOS="889" WIDTH="24"/>
						<String ID="P302_ST00132" HPOS="404" VPOS="862" WIDTH="145" HEIGHT="27" CONTENT="interested" WC="0.73" CC="1400904005"/>
						<SP ID="P302_SP00112" HPOS="549" VPOS="889" WIDTH="24"/>
						<String ID="P302_ST00133" HPOS="573" VPOS="862" WIDTH="26" HEIGHT="26" CONTENT="in" WC="0.75" CC="40"/>
						<SP ID="P302_SP00113" HPOS="599" VPOS="889" WIDTH="17"/>
						<String ID="P302_ST00134" HPOS="616" VPOS="862" WIDTH="70" HEIGHT="26" CONTENT="their" WC="0.37" CC="67529"/>
						<SP ID="P302_SP00114" HPOS="686" VPOS="889" WIDTH="15"/>
						<String ID="P302_ST00135" HPOS="701" VPOS="871" WIDTH="57" HEIGHT="17" CONTENT="new" WC="0.81" CC="203"/>
						<SP ID="P302_SP00115" HPOS="758" VPOS="889" WIDTH="15"/>
						<String ID="P302_ST00136" HPOS="773" VPOS="863" WIDTH="103" HEIGHT="35" CONTENT="pursuit" WC="0.84" CC="0004500"/>
						<SP ID="P302_SP00116" HPOS="876" VPOS="898" WIDTH="14"/>
						<String ID="P302_ST00137" HPOS="890" VPOS="867" WIDTH="26" HEIGHT="21" CONTENT="to" WC="0.92" CC="01"/>
					</TextLine>
					<TextLine ID="P302_TL00020" HPOS="100" VPOS="909" WIDTH="814" HEIGHT="33">
						<String ID="P302_ST00138" HPOS="100" VPOS="909" WIDTH="171" HEIGHT="28" CONTENT="discontinue" WC="0.81" CC="03300200460"/>
						<SP ID="P302_SP00117" HPOS="271" VPOS="937" WIDTH="12"/>
						<String ID="P302_ST00139" HPOS="283" VPOS="909" WIDTH="30" HEIGHT="27" CONTENT="it." WC="0.94" CC="010"/>
						<SP ID="P302_SP00118" HPOS="313" VPOS="937" WIDTH="41"/>
						<String ID="P302_ST00140" HPOS="354" VPOS="909" WIDTH="116" HEIGHT="27" CONTENT="Besides" WC="0.81" CC="6000007"/>
						<SP ID="P302_SP00119" HPOS="470" VPOS="937" WIDTH="11"/>
						<String ID="P302_ST00141" HPOS="481" VPOS="909" WIDTH="66" HEIGHT="33" CONTENT="this," WC="0.67" CC="35033"/>
						<SP ID="P302_SP00120" HPOS="547" VPOS="942" WIDTH="11"/>
						<String ID="P302_ST00142" HPOS="558" VPOS="910" WIDTH="84" HEIGHT="26" CONTENT="about" WC="0.59" CC="67600"/>
						<SP ID="P302_SP00121" HPOS="642" VPOS="942" WIDTH="10"/>
						<String ID="P302_ST00143" HPOS="652" VPOS="909" WIDTH="60" HEIGHT="27" CONTENT="half" WC="0.85" CC="2003"/>
						<SP ID="P302_SP00122" HPOS="712" VPOS="942" WIDTH="10"/>
						<String ID="P302_ST00144" HPOS="722" VPOS="919" WIDTH="14" HEIGHT="17" CONTENT="a" WC="1.00" CC="0"/>
						<SP ID="P302_SP00123" HPOS="736" VPOS="942" WIDTH="15"/>
						<String ID="P302_ST00145" HPOS="751" VPOS="909" WIDTH="83" HEIGHT="27" CONTENT="dozen" WC="0.76" CC="00506"/>
						<SP ID="P302_SP00124" HPOS="834" VPOS="942" WIDTH="15"/>
						<String ID="P302_ST00146" HPOS="849" VPOS="909" WIDTH="65" HEIGHT="27" CONTENT="have" WC="0.82" CC="7000"/>
					</TextLine>
					<TextLine ID="P302_TL00021" HPOS="100" VPOS="957" WIDTH="813" HEIGHT="36">
						<String ID="P302_ST00147" HPOS="100" VPOS="957" WIDTH="115" HEIGHT="36" CONTENT="enjoyed" WC="0.90" CC="0303000"/>
						<SP ID="P302_SP00125" HPOS="215" VPOS="993" WIDTH="15"/>
						<String ID="P302_ST00148" HPOS="230" VPOS="957" WIDTH="46" HEIGHT="26" CONTENT="the" WC="0.90" CC="020"/>
						<SP ID="P302_SP00126" HPOS="276" VPOS="993" WIDTH="15"/>
						<String ID="P302_ST00149" HPOS="291" VPOS="957" WIDTH="101" HEIGHT="26" CONTENT="benefit" WC="0.86" CC="0030005"/>
						<SP ID="P302_SP00127" HPOS="392" VPOS="993" WIDTH="14"/>
						<String ID="P302_ST00150" HPOS="406" VPOS="957" WIDTH="30" HEIGHT="26" CONTENT="of" WC="1.00" CC="00"/>
						<SP ID="P302_SP00128" HPOS="436" VPOS="993" WIDTH="16"/>
						<String ID="P302_ST00151" HPOS="452" VPOS="957" WIDTH="73" HEIGHT="35" CONTENT="daily" WC="0.88" CC="00050"/>
						<SP ID="P302_SP00129" HPOS="525" VPOS="993" WIDTH="14"/>
						<String ID="P302_ST00152" HPOS="539" VPOS="957" WIDTH="117" HEIGHT="35" CONTENT="worship" WC="0.65" CC="8061700"/>
						<SP ID="P302_SP00130" HPOS="656" VPOS="993" WIDTH="14"/>
						<String ID="P302_ST00153" HPOS="670" VPOS="957" WIDTH="54" HEIGHT="26" CONTENT="and" WC="0.67" CC="900"/>
						<SP ID="P302_SP00131" HPOS="724" VPOS="993" WIDTH="14"/>
						<String ID="P302_ST00154" HPOS="738" VPOS="957" WIDTH="175" HEIGHT="26" CONTENT="catechetical" WC="0.80" CC="064006040010"/>
					</TextLine>
					<TextLine ID="P302_TL00022" HPOS="99" VPOS="1003" WIDTH="816" HEIGHT="37">
						<String ID="P302_ST00155" HPOS="99" VPOS="1004" WIDTH="173" HEIGHT="27" CONTENT="instruction." WC="0.81" CC="007034001050"/>
						<SP ID="P302_SP00132" HPOS="272" VPOS="1031" WIDTH="38"/>
						<String ID="P302_ST00156" HPOS="310" VPOS="1003" WIDTH="58" HEIGHT="28" CONTENT="The" WC="1.00" CC="000"/>
						<SP ID="P302_SP00133" HPOS="368" VPOS="1031" WIDTH="20"/>
						<String ID="P302_ST00157" HPOS="388" VPOS="1003" WIDTH="81" HEIGHT="28" CONTENT="effect" WC="0.89" CC="000401"/>
						<SP ID="P302_SP00134" HPOS="469" VPOS="1031" WIDTH="20"/>
						<String ID="P302_ST00158" HPOS="489" VPOS="1004" WIDTH="50" HEIGHT="27" CONTENT="has" WC="0.64" CC="730"/>
						<SP ID="P302_SP00135" HPOS="539" VPOS="1031" WIDTH="20"/>
						<String ID="P302_ST00159" HPOS="559" VPOS="1004" WIDTH="77" HEIGHT="31" CONTENT="been," WC="0.85" CC="00070"/>
						<SP ID="P302_SP00136" HPOS="636" VPOS="1035" WIDTH="22"/>
						<String ID="P302_ST00160" HPOS="658" VPOS="1004" WIDTH="60" HEIGHT="26" CONTENT="that" WC="0.89" CC="4000"/>
						<SP ID="P302_SP00137" HPOS="718" VPOS="1035" WIDTH="16"/>
						<String ID="P302_ST00161" HPOS="734" VPOS="1004" WIDTH="45" HEIGHT="27" CONTENT="the" WC="0.56" CC="570"/>
						<SP ID="P302_SP00138" HPOS="779" VPOS="1035" WIDTH="15"/>
						<String ID="P302_ST00162" HPOS="794" VPOS="1003" WIDTH="121" HEIGHT="37" CONTENT="majority" WC="0.81" CC="43200030"/>
					</TextLine>
					<TextLine ID="P302_TL00023" HPOS="101" VPOS="1051" WIDTH="814" HEIGHT="35">
						<String ID="P302_ST00163" HPOS="101" VPOS="1052" WIDTH="69" HEIGHT="27" CONTENT="have" WC="0.97" CC="0100"/>
						<SP ID="P302_SP00139" HPOS="170" VPOS="1079" WIDTH="20"/>
						<String ID="P302_ST00164" HPOS="190" VPOS="1052" WIDTH="53" HEIGHT="26" CONTENT="had" WC="0.85" CC="400"/>
						<SP ID="P302_SP00140" HPOS="243" VPOS="1079" WIDTH="20"/>
						<String ID="P302_ST00165" HPOS="263" VPOS="1052" WIDTH="69" HEIGHT="26" CONTENT="their" WC="0.74" CC="03026"/>
						<SP ID="P302_SP00141" HPOS="332" VPOS="1079" WIDTH="14"/>
						<String ID="P302_ST00166" HPOS="346" VPOS="1052" WIDTH="74" HEIGHT="26" CONTENT="ideas" WC="0.75" CC="48000"/>
						<SP ID="P302_SP00142" HPOS="420" VPOS="1079" WIDTH="14"/>
						<String ID="P302_ST00167" HPOS="434" VPOS="1061" WIDTH="33" HEIGHT="17" CONTENT="on" WC="0.74" CC="05"/>
						<SP ID="P302_SP00143" HPOS="467" VPOS="1079" WIDTH="16"/>
						<String ID="P302_ST00168" HPOS="483" VPOS="1052" WIDTH="47" HEIGHT="26" CONTENT="the" WC="0.70" CC="260"/>
						<SP ID="P302_SP00144" HPOS="530" VPOS="1079" WIDTH="14"/>
						<String ID="P302_ST00169" HPOS="544" VPOS="1052" WIDTH="137" HEIGHT="26" CONTENT="doctrines" WC="0.82" CC="000170700"/>
						<SP ID="P302_SP00145" HPOS="681" VPOS="1079" WIDTH="14"/>
						<String ID="P302_ST00170" HPOS="695" VPOS="1052" WIDTH="30" HEIGHT="26" CONTENT="of" WC="0.42" CC="47"/>
						<SP ID="P302_SP00146" HPOS="725" VPOS="1079" WIDTH="12"/>
						<String ID="P302_ST00171" HPOS="737" VPOS="1051" WIDTH="178" HEIGHT="35" CONTENT="Christianity" WC="0.69" CC="001397007230"/>
					</TextLine>
					<TextLine ID="P302_TL00024" HPOS="101" VPOS="1099" WIDTH="815" HEIGHT="37">
						<String ID="P302_ST00172" HPOS="101" VPOS="1099" WIDTH="106" HEIGHT="37" CONTENT="greatly" WC="0.74" CC="9400210"/>
						<SP ID="P302_SP00147" HPOS="207" VPOS="1136" WIDTH="14"/>
						<String ID="P302_ST00173" HPOS="221" VPOS="1099" WIDTH="137" HEIGHT="36" CONTENT="enlarged," WC="0.81" CC="046050000"/>
						<SP ID="P302_SP00148" HPOS="358" VPOS="1136" WIDTH="21"/>
						<String ID="P302_ST00174" HPOS="379" VPOS="1099" WIDTH="53" HEIGHT="26" CONTENT="aud" WC="0.78" CC="060"/>
						<SP ID="P302_SP00149" HPOS="432" VPOS="1136" WIDTH="16"/>
						<String ID="P302_ST00175" HPOS="448" VPOS="1108" WIDTH="14" HEIGHT="17" CONTENT="a" WC="1.00" CC="0"/>
						<SP ID="P302_SP00150" HPOS="462" VPOS="1136" WIDTH="15"/>
						<String ID="P302_ST00176" HPOS="477" VPOS="1100" WIDTH="51" HEIGHT="26" CONTENT="few" WC="1.00" CC="000"/>
						<SP ID="P302_SP00151" HPOS="528" VPOS="1136" WIDTH="16"/>
						<String ID="P302_ST00177" HPOS="544" VPOS="1099" WIDTH="68" HEIGHT="26" CONTENT="have" WC="0.91" CC="3000"/>
						<SP ID="P302_SP00152" HPOS="612" VPOS="1136" WIDTH="14"/>
						<String ID="P302_ST00178" HPOS="626" VPOS="1099" WIDTH="163" HEIGHT="26" CONTENT="manifested" WC="0.60" CC="6655006620"/>
						<SP ID="P302_SP00153" HPOS="789" VPOS="1136" WIDTH="16"/>
						<String ID="P302_ST00179" HPOS="805" VPOS="1099" WIDTH="64" HEIGHT="26" CONTENT="such" WC="0.78" CC="3500"/>
						<SP ID="P302_SP00154" HPOS="869" VPOS="1136" WIDTH="15"/>
						<String ID="P302_ST00180" HPOS="884" VPOS="1108" WIDTH="32" HEIGHT="17" CONTENT="an" WC="0.61" CC="43"/>
					</TextLine>
					<TextLine ID="P302_TL00025" HPOS="101" VPOS="1146" WIDTH="816" HEIGHT="36">
						<String ID="P302_ST00181" HPOS="101" VPOS="1147" WIDTH="82" HEIGHT="27" CONTENT="effect" WC="0.92" CC="000004"/>
						<SP ID="P302_SP00155" HPOS="183" VPOS="1174" WIDTH="20"/>
						<String ID="P302_ST00182" HPOS="203" VPOS="1147" WIDTH="30" HEIGHT="26" CONTENT="of" WC="1.00" CC="00"/>
						<SP ID="P302_SP00156" HPOS="233" VPOS="1174" WIDTH="18"/>
						<String ID="P302_ST00183" HPOS="251" VPOS="1147" WIDTH="48" HEIGHT="26" CONTENT="the" WC="0.76" CC="070"/>
						<SP ID="P302_SP00157" HPOS="299" VPOS="1174" WIDTH="20"/>
						<String ID="P302_ST00184" HPOS="319" VPOS="1147" WIDTH="76" HEIGHT="26" CONTENT="truth" WC="0.79" CC="00063"/>
						<SP ID="P302_SP00158" HPOS="395" VPOS="1174" WIDTH="23"/>
						<String ID="P302_ST00185" HPOS="418" VPOS="1156" WIDTH="73" HEIGHT="26" CONTENT="upon" WC="0.67" CC="3045"/>
						<SP ID="P302_SP00159" HPOS="491" VPOS="1182" WIDTH="17"/>
						<String ID="P302_ST00186" HPOS="508" VPOS="1147" WIDTH="68" HEIGHT="26" CONTENT="their" WC="0.66" CC="05028"/>
						<SP ID="P302_SP00160" HPOS="576" VPOS="1182" WIDTH="14"/>
						<String ID="P302_ST00187" HPOS="590" VPOS="1146" WIDTH="92" HEIGHT="27" CONTENT="hearts" WC="0.82" CC="100350"/>
						<SP ID="P302_SP00161" HPOS="682" VPOS="1182" WIDTH="21"/>
						<String ID="P302_ST00188" HPOS="703" VPOS="1156" WIDTH="31" HEIGHT="17" CONTENT="as" WC="0.71" CC="05"/>
						<SP ID="P302_SP00162" HPOS="734" VPOS="1182" WIDTH="23"/>
						<String ID="P302_ST00189" HPOS="757" VPOS="1147" WIDTH="10" HEIGHT="26" CONTENT="I" WC="1.00" CC="0"/>
						<SP ID="P302_SP00163" HPOS="767" VPOS="1182" WIDTH="23"/>
						<String ID="P302_ST00190" HPOS="790" VPOS="1147" WIDTH="127" HEIGHT="35" CONTENT="sincerely" WC="0.95" CC="001000020"/>
					</TextLine>
					<TextLine ID="P302_TL00026" HPOS="101" VPOS="1194" WIDTH="816" HEIGHT="36">
						<String ID="P302_ST00191" HPOS="101" VPOS="1194" WIDTH="71" HEIGHT="36" CONTENT="hope" WC="0.73" CC="6400"/>
						<SP ID="P302_SP00164" HPOS="172" VPOS="1230" WIDTH="22"/>
						<String ID="P302_ST00192" HPOS="194" VPOS="1203" WIDTH="60" HEIGHT="27" CONTENT="may" WC="0.57" CC="920"/>
						<SP ID="P302_SP00165" HPOS="254" VPOS="1230" WIDTH="15"/>
						<String ID="P302_ST00193" HPOS="269" VPOS="1203" WIDTH="80" HEIGHT="27" CONTENT="prove" WC="0.86" CC="02400"/>
						<SP ID="P302_SP00166" HPOS="349" VPOS="1230" WIDTH="21"/>
						<String ID="P302_ST00194" HPOS="370" VPOS="1199" WIDTH="27" HEIGHT="21" CONTENT="to" WC="0.71" CC="23"/>
						<SP ID="P302_SP00167" HPOS="397" VPOS="1230" WIDTH="15"/>
						<String ID="P302_ST00195" HPOS="412" VPOS="1195" WIDTH="75" HEIGHT="26" CONTENT="them" WC="0.58" CC="4704"/>
						<SP ID="P302_SP00168" HPOS="487" VPOS="1230" WIDTH="15"/>
						<String ID="P302_ST00196" HPOS="502" VPOS="1194" WIDTH="45" HEIGHT="27" CONTENT="the" WC="0.71" CC="350"/>
						<SP ID="P302_SP00169" HPOS="547" VPOS="1230" WIDTH="14"/>
						<String ID="P302_ST00197" HPOS="561" VPOS="1194" WIDTH="80" HEIGHT="27" CONTENT="dawn" WC="0.87" CC="0005"/>
						<SP ID="P302_SP00170" HPOS="641" VPOS="1230" WIDTH="14"/>
						<String ID="P302_ST00198" HPOS="655" VPOS="1194" WIDTH="30" HEIGHT="27" CONTENT="of" WC="0.87" CC="20"/>
						<SP ID="P302_SP00171" HPOS="685" VPOS="1230" WIDTH="11"/>
						<String ID="P302_ST00199" HPOS="696" VPOS="1203" WIDTH="33" HEIGHT="17" CONTENT="an" WC="0.70" CC="05"/>
						<SP ID="P302_SP00172" HPOS="729" VPOS="1230" WIDTH="16"/>
						<String ID="P302_ST00200" HPOS="745" VPOS="1195" WIDTH="100" HEIGHT="26" CONTENT="eternal" WC="0.75" CC="0000654"/>
						<SP ID="P302_SP00173" HPOS="845" VPOS="1230" WIDTH="12"/>
						<String ID="P302_ST00201" HPOS="857" VPOS="1195" WIDTH="60" HEIGHT="35" CONTENT="day." WC="0.92" CC="0003"/>
					</TextLine>
					<TextLine ID="P302_TL00027" HPOS="100" VPOS="1241" WIDTH="817" HEIGHT="36">
						<String ID="P302_ST00202" HPOS="100" VPOS="1241" WIDTH="88" HEIGHT="27" CONTENT="These" WC="0.86" CC="07000"/>
						<SP ID="P302_SP00174" HPOS="188" VPOS="1268" WIDTH="21"/>
						<String ID="P302_ST00203" HPOS="209" VPOS="1241" WIDTH="68" HEIGHT="27" CONTENT="have" WC="0.98" CC="0000"/>
						<SP ID="P302_SP00175" HPOS="277" VPOS="1268" WIDTH="19"/>
						<String ID="P302_ST00204" HPOS="296" VPOS="1241" WIDTH="118" HEIGHT="36" CONTENT="rejected" WC="0.93" CC="00000500"/>
						<SP ID="P302_SP00176" HPOS="414" VPOS="1277" WIDTH="15"/>
						<String ID="P302_ST00205" HPOS="429" VPOS="1241" WIDTH="70" HEIGHT="27" CONTENT="their" WC="0.82" CC="05003"/>
						<SP ID="P302_SP00177" HPOS="499" VPOS="1277" WIDTH="15"/>
						<String ID="P302_ST00206" HPOS="514" VPOS="1241" WIDTH="78" HEIGHT="32" CONTENT="idols," WC="0.88" CC="004010"/>
						<SP ID="P302_SP00178" HPOS="592" VPOS="1277" WIDTH="23"/>
						<String ID="P302_ST00207" HPOS="615" VPOS="1241" WIDTH="54" HEIGHT="27" CONTENT="and" WC="0.76" CC="070"/>
						<SP ID="P302_SP00179" HPOS="669" VPOS="1277" WIDTH="21"/>
						<String ID="P302_ST00208" HPOS="690" VPOS="1241" WIDTH="167" HEIGHT="27" CONTENT="established" WC="0.86" CC="00000507200"/>
						<SP ID="P302_SP00180" HPOS="857" VPOS="1277" WIDTH="17"/>
						<String ID="P302_ST00209" HPOS="874" VPOS="1241" WIDTH="43" HEIGHT="27" CONTENT="the" WC="1.00" CC="000"/>
					</TextLine>
					<TextLine ID="P302_TL00028" HPOS="102" VPOS="1288" WIDTH="478" HEIGHT="35">
						<String ID="P302_ST00210" HPOS="102" VPOS="1288" WIDTH="74" HEIGHT="35" CONTENT="daily" WC="0.82" CC="05210"/>
						<SP ID="P302_SP00181" HPOS="176" VPOS="1323" WIDTH="13"/>
						<String ID="P302_ST00211" HPOS="189" VPOS="1288" WIDTH="119" HEIGHT="35" CONTENT="worship" WC="0.94" CC="0200200"/>
						<SP ID="P302_SP00182" HPOS="308" VPOS="1323" WIDTH="14"/>
						<String ID="P302_ST00212" HPOS="322" VPOS="1289" WIDTH="32" HEIGHT="26" CONTENT="of" WC="0.75" CC="50"/>
						<SP ID="P302_SP00183" HPOS="354" VPOS="1323" WIDTH="16"/>
						<String ID="P302_ST00213" HPOS="370" VPOS="1289" WIDTH="47" HEIGHT="26" CONTENT="the" WC="0.52" CC="760"/>
						<SP ID="P302_SP00184" HPOS="417" VPOS="1323" WIDTH="16"/>
						<String ID="P302_ST00214" HPOS="433" VPOS="1293" WIDTH="58" HEIGHT="22" CONTENT="true" WC="0.95" CC="2000"/>
						<SP ID="P302_SP00185" HPOS="491" VPOS="1323" WIDTH="16"/>
						<String ID="P302_ST00215" HPOS="507" VPOS="1289" WIDTH="73" HEIGHT="26" CONTENT="God." WC="0.90" CC="0300"/>
					</TextLine>
				</TextBlock>
				<TextBlock ID="P302_TB00005" HPOS="101" VPOS="1335" WIDTH="820" HEIGHT="133" STYLEREFS="TXT_1 PAR_LEFT">
					<TextLine ID="P302_TL00029" HPOS="141" VPOS="1335" WIDTH="777" HEIGHT="38">
						<String ID="P302_ST00216" HPOS="141" VPOS="1335" WIDTH="11" HEIGHT="26" CONTENT="I" WC="0.36" CC="6"/>
						<SP ID="P302_SP00186" HPOS="152" VPOS="1361" WIDTH="16"/>
						<String ID="P302_ST00217" HPOS="168" VPOS="1335" WIDTH="69" HEIGHT="27" CONTENT="have" WC="0.67" CC="2064"/>
						<SP ID="P302_SP00187" HPOS="237" VPOS="1362" WIDTH="19"/>
						<String ID="P302_ST00218" HPOS="256" VPOS="1340" WIDTH="48" HEIGHT="22" CONTENT="not" WC="0.85" CC="400"/>
						<SP ID="P302_SP00188" HPOS="304" VPOS="1362" WIDTH="12"/>
						<String ID="P302_ST00219" HPOS="316" VPOS="1336" WIDTH="132" HEIGHT="26" CONTENT="ventured" WC="0.67" CC="30715009"/>
						<SP ID="P302_SP00189" HPOS="448" VPOS="1362" WIDTH="22"/>
						<String ID="P302_ST00220" HPOS="470" VPOS="1340" WIDTH="29" HEIGHT="22" CONTENT="to" WC="0.82" CC="03"/>
						<SP ID="P302_SP00190" HPOS="499" VPOS="1362" WIDTH="23"/>
						<String ID="P302_ST00221" HPOS="522" VPOS="1336" WIDTH="109" HEIGHT="37" CONTENT="baptize" WC="0.91" CC="0204000"/>
						<SP ID="P302_SP00191" HPOS="631" VPOS="1373" WIDTH="20"/>
						<String ID="P302_ST00222" HPOS="651" VPOS="1345" WIDTH="64" HEIGHT="28" CONTENT="any," WC="0.75" CC="0504"/>
						<SP ID="P302_SP00192" HPOS="715" VPOS="1373" WIDTH="23"/>
						<String ID="P302_ST00223" HPOS="738" VPOS="1336" WIDTH="65" HEIGHT="33" CONTENT="and," WC="0.48" CC="6094"/>
						<SP ID="P302_SP00193" HPOS="803" VPOS="1373" WIDTH="25"/>
						<String ID="P302_ST00224" HPOS="828" VPOS="1345" WIDTH="90" HEIGHT="18" CONTENT="conse" SUBS_TYPE="HypPart1" SUBS_CONTENT="consequently," WC="0.85" CC="003103"/>
						<HYP CONTENT="-"/>
					</TextLine>
					<TextLine ID="P302_TL00030" HPOS="104" VPOS="1383" WIDTH="817" HEIGHT="34">
						<String ID="P302_ST00225" HPOS="104" VPOS="1383" WIDTH="123" HEIGHT="34" CONTENT="quently," SUBS_TYPE="HypPart2" SUBS_CONTENT="consequently," WC="0.85" CC="03030500"/>
						<SP ID="P302_SP00194" HPOS="227" VPOS="1417" WIDTH="24"/>
						<String ID="P302_ST00226" HPOS="251" VPOS="1388" WIDTH="69" HEIGHT="21" CONTENT="term" WC="0.70" CC="0029"/>
						<SP ID="P302_SP00195" HPOS="320" VPOS="1417" WIDTH="23"/>
						<String ID="P302_ST00227" HPOS="343" VPOS="1392" WIDTH="72" HEIGHT="18" CONTENT="none" WC="0.90" CC="1010"/>
						<SP ID="P302_SP00196" HPOS="415" VPOS="1417" WIDTH="22"/>
						<String ID="P302_ST00228" HPOS="437" VPOS="1384" WIDTH="32" HEIGHT="26" CONTENT="of" WC="1.00" CC="00"/>
						<SP ID="P302_SP00197" HPOS="469" VPOS="1417" WIDTH="23"/>
						<String ID="P302_ST00229" HPOS="492" VPOS="1384" WIDTH="75" HEIGHT="26" CONTENT="them" WC="0.83" CC="0600"/>
						<SP ID="P302_SP00198" HPOS="567" VPOS="1417" WIDTH="20"/>
						<String ID="P302_ST00230" HPOS="587" VPOS="1390" WIDTH="135" HEIGHT="21" CONTENT="converts." WC="0.73" CC="002900460"/>
						<SP ID="P302_SP00199" HPOS="722" VPOS="1417" WIDTH="52"/>
						<String ID="P302_ST00231" HPOS="774" VPOS="1384" WIDTH="58" HEIGHT="27" CONTENT="The" WC="0.75" CC="070"/>
						<SP ID="P302_SP00200" HPOS="832" VPOS="1417" WIDTH="20"/>
						<String ID="P302_ST00232" HPOS="852" VPOS="1388" WIDTH="69" HEIGHT="22" CONTENT="most" WC="0.62" CC="7043"/>
					</TextLine>
					<TextLine ID="P302_TL00031" HPOS="101" VPOS="1428" WIDTH="820" HEIGHT="40">
						<String ID="P302_ST00233" HPOS="101" VPOS="1428" WIDTH="114" HEIGHT="36" CONTENT="hopeful" WC="0.70" CC="5070007"/>
						<SP ID="P302_SP00201" HPOS="215" VPOS="1464" WIDTH="14"/>
						<String ID="P302_ST00234" HPOS="229" VPOS="1429" WIDTH="68" HEIGHT="27" CONTENT="have" WC="0.80" CC="0080"/>
						<SP ID="P302_SP00202" HPOS="297" VPOS="1464" WIDTH="21"/>
						<String ID="P302_ST00235" HPOS="318" VPOS="1429" WIDTH="69" HEIGHT="27" CONTENT="lived" WC="0.61" CC="44900"/>
						<SP ID="P302_SP00203" HPOS="387" VPOS="1464" WIDTH="21"/>
						<String ID="P302_ST00236" HPOS="408" VPOS="1435" WIDTH="45" HEIGHT="22" CONTENT="too" WC="1.00" CC="000"/>
						<SP ID="P302_SP00204" HPOS="453" VPOS="1464" WIDTH="21"/>
						<String ID="P302_ST00237" HPOS="474" VPOS="1431" WIDTH="40" HEIGHT="26" CONTENT="far" WC="0.57" CC="066"/>
						<SP ID="P302_SP00205" HPOS="514" VPOS="1464" WIDTH="14"/>
						<String ID="P302_ST00238" HPOS="528" VPOS="1430" WIDTH="47" HEIGHT="33" CONTENT="off," WC="0.78" CC="3113"/>
						<SP ID="P302_SP00206" HPOS="575" VPOS="1464" WIDTH="23"/>
						<String ID="P302_ST00239" HPOS="598" VPOS="1436" WIDTH="27" HEIGHT="22" CONTENT="to" WC="0.57" CC="34"/>
						<SP ID="P302_SP00207" HPOS="625" VPOS="1464" WIDTH="21"/>
						<String ID="P302_ST00240" HPOS="646" VPOS="1432" WIDTH="81" HEIGHT="36" CONTENT="bring" WC="0.60" CC="06029"/>
						<SP ID="P302_SP00208" HPOS="727" VPOS="1468" WIDTH="21"/>
						<String ID="P302_ST00241" HPOS="748" VPOS="1432" WIDTH="76" HEIGHT="27" CONTENT="them" WC="0.73" CC="4500"/>
						<SP ID="P302_SP00209" HPOS="824" VPOS="1468" WIDTH="16"/>
						<String ID="P302_ST00242" HPOS="840" VPOS="1431" WIDTH="81" HEIGHT="27" CONTENT="under" WC="1.00" CC="00000"/>
					</TextLine>
				</TextBlock>
			</PrintSpace>
		</Page>
	</Layout>
</alto>
