<?xml version="1.0" encoding="UTF-8"?>
<alto xmlns:xsi="http://www.w3.org/2001/XMLSchema-instance" xsi:noNamespaceSchemaLocation="http://www.bl.uk/schemas/alto/alto-1-4.xsd" xmlns:xlink="http://www.w3.org/1999/xlink">
	<Description>
		<MeasurementUnit>mm10</MeasurementUnit>
		<sourceImageInformation>
			<fileName>//head1/IN/2008-15/A0011390163/004881.jp2</fileName>
		</sourceImageInformation>
		<OCRProcessing ID="OCRPROCESSING_1">
			<preProcessingStep>
				<processingSoftware>
					<softwareCreator>CCS Content Conversion Specialists GmbH, Germany</softwareCreator>
					<softwareName>CCS docWORKS</softwareName>
					<softwareVersion>6.1-0.67</softwareVersion>
				</processingSoftware>
			</preProcessingStep>
			<ocrProcessingStep>
				<processingSoftware>
					<softwareCreator>ABBYY (BIT Software), Russia</softwareCreator>
					<softwareName>Finereader</softwareName>
				</processingSoftware>
			</ocrProcessingStep>
		</OCRProcessing>
	</Description>
	<Styles>
		<TextStyle ID="TXT_0" FONTSIZE="10" FONTFAMILY="Courier New"/>
		<TextStyle ID="TXT_1" FONTSIZE="9" FONTFAMILY="Courier New"/>
		<ParagraphStyle ID="PAR_RIGHT" ALIGN="Right"/>
		<ParagraphStyle ID="PAR_CENTER" ALIGN="Center"/>
		<ParagraphStyle ID="PAR_LEFT" ALIGN="Left"/>
	</Styles>
	<Layout>
		<Page ID="P119" PHYSICAL_IMG_NR="119" HEIGHT="1595" WIDTH="960" PRINTED_IMG_NR="81" POSITION="Right" ACCURACY="75.25">
			<TopMargin ID="P119_TM00001" HPOS="0" VPOS="0" WIDTH="960" HEIGHT="71">
				<TextBlock ID="P119_TB00001" HPOS="830" VPOS="44" WIDTH="33" HEIGHT="26" STYLEREFS="TXT_0 PAR_RIGHT">
					<TextLine ID="P119_TL00001" HPOS="832" VPOS="45" WIDTH="31" HEIGHT="25">
						<String ID="P119_ST00001" HPOS="832" VPOS="45" WIDTH="31" HEIGHT="25" CONTENT="81" WC="0.42" CC="91"/>
					</TextLine>
				</TextBlock>
				<TextBlock ID="P119_TB00002" HPOS="404" VPOS="53" WIDTH="113" HEIGHT="18" STYLEREFS="TXT_1 PAR_CENTER">
					<TextLine ID="P119_TL00002" HPOS="404" VPOS="53" WIDTH="113" HEIGHT="18">
						<String ID="P119_ST00002" HPOS="404" VPOS="53" WIDTH="113" HEIGHT="18" CONTENT="CHINA." WC="0.35" CC="785754"/>
					</TextLine>
				</TextBlock>
			</TopMargin>
			<LeftMargin ID="P119_LM00001" HPOS="0" VPOS="71" WIDTH="55" HEIGHT="1427"/>
			<RightMargin ID="P119_RM00001" HPOS="872" VPOS="71" WIDTH="88" HEIGHT="1427"/>
			<BottomMargin ID="P119_BM00001" HPOS="0" VPOS="1498" WIDTH="960" HEIGHT="97"/>
			<PrintSpace ID="P119_PS00001" HPOS="55" VPOS="71" WIDTH="817" HEIGHT="1427">
				<TextBlock ID="P119_TB00003" HPOS="55" VPOS="114" WIDTH="816" HEIGHT="598" STYLEREFS="TXT_1 PAR_LEFT">
					<TextLine ID="P119_TL00003" HPOS="56" VPOS="114" WIDTH="811" HEIGHT="37">
						<String ID="P119_ST00003" HPOS="56" VPOS="114" WIDTH="175" HEIGHT="36" CONTENT="thoughtless" WC="0.84" CC="62000700000"/>
						<SP ID="P119_SP00001" HPOS="231" VPOS="150" WIDTH="21"/>
						<String ID="P119_ST00004" HPOS="252" VPOS="114" WIDTH="95" HEIGHT="36" CONTENT="youth." WC="0.70" CC="801060"/>
						<SP ID="P119_SP00002" HPOS="347" VPOS="150" WIDTH="43"/>
						<String ID="P119_ST00005" HPOS="390" VPOS="115" WIDTH="25" HEIGHT="26" CONTENT="It" WC="0.50" CC="45"/>
						<SP ID="P119_SP00003" HPOS="415" VPOS="150" WIDTH="18"/>
						<String ID="P119_ST00006" HPOS="433" VPOS="116" WIDTH="22" HEIGHT="26" CONTENT="is" WC="1.00" CC="00"/>
						<SP ID="P119_SP00004" HPOS="455" VPOS="150" WIDTH="15"/>
						<String ID="P119_ST00007" HPOS="470" VPOS="116" WIDTH="131" HEIGHT="35" CONTENT="singular," WC="0.65" CC="527005504"/>
						<SP ID="P119_SP00005" HPOS="601" VPOS="151" WIDTH="25"/>
						<String ID="P119_ST00008" HPOS="626" VPOS="116" WIDTH="60" HEIGHT="26" CONTENT="that" WC="0.77" CC="4202"/>
						<SP ID="P119_SP00006" HPOS="686" VPOS="151" WIDTH="20"/>
						<String ID="P119_ST00009" HPOS="706" VPOS="115" WIDTH="77" HEIGHT="28" CONTENT="those" WC="0.76" CC="05060"/>
						<SP ID="P119_SP00007" HPOS="783" VPOS="151" WIDTH="24"/>
						<String ID="P119_ST00010" HPOS="807" VPOS="116" WIDTH="60" HEIGHT="26" CONTENT="who" WC="0.48" CC="960"/>
					</TextLine>
					<TextLine ID="P119_TL00004" HPOS="60" VPOS="161" WIDTH="808" HEIGHT="38">
						<String ID="P119_ST00011" HPOS="60" VPOS="161" WIDTH="45" HEIGHT="27" CONTENT="fall" WC="0.58" CC="0915"/>
						<SP ID="P119_SP00008" HPOS="105" VPOS="188" WIDTH="17"/>
						<String ID="P119_ST00012" HPOS="122" VPOS="161" WIDTH="66" HEIGHT="27" CONTENT="from" WC="0.78" CC="6010"/>
						<SP ID="P119_SP00009" HPOS="188" VPOS="188" WIDTH="22"/>
						<String ID="P119_ST00013" HPOS="210" VPOS="162" WIDTH="46" HEIGHT="27" CONTENT="the" WC="0.75" CC="610"/>
						<SP ID="P119_SP00010" HPOS="256" VPOS="189" WIDTH="21"/>
						<String ID="P119_ST00014" HPOS="277" VPOS="163" WIDTH="86" HEIGHT="36" CONTENT="ships," WC="0.56" CC="170933"/>
						<SP ID="P119_SP00011" HPOS="363" VPOS="199" WIDTH="23"/>
						<String ID="P119_ST00015" HPOS="386" VPOS="163" WIDTH="122" HEIGHT="26" CONTENT="however" WC="0.84" CC="6000003"/>
						<SP ID="P119_SP00012" HPOS="508" VPOS="199" WIDTH="20"/>
						<String ID="P119_ST00016" HPOS="528" VPOS="167" WIDTH="94" HEIGHT="31" CONTENT="expert" WC="0.75" CC="090400"/>
						<SP ID="P119_SP00013" HPOS="622" VPOS="199" WIDTH="17"/>
						<String ID="P119_ST00017" HPOS="639" VPOS="162" WIDTH="63" HEIGHT="37" CONTENT="they" WC="0.69" CC="3710"/>
						<SP ID="P119_SP00014" HPOS="702" VPOS="199" WIDTH="14"/>
						<String ID="P119_ST00018" HPOS="716" VPOS="172" WIDTH="59" HEIGHT="26" CONTENT="may" WC="1.00" CC="000"/>
						<SP ID="P119_SP00015" HPOS="775" VPOS="199" WIDTH="12"/>
						<String ID="P119_ST00019" HPOS="787" VPOS="162" WIDTH="32" HEIGHT="27" CONTENT="be" WC="0.75" CC="40"/>
						<SP ID="P119_SP00016" HPOS="819" VPOS="199" WIDTH="21"/>
						<String ID="P119_ST00020" HPOS="840" VPOS="166" WIDTH="28" HEIGHT="22" CONTENT="at" WC="1.00" CC="00"/>
					</TextLine>
					<TextLine ID="P119_TL00005" HPOS="57" VPOS="208" WIDTH="811" HEIGHT="37">
						<String ID="P119_ST00021" HPOS="57" VPOS="208" WIDTH="165" HEIGHT="37" CONTENT="swimming," WC="0.68" CC="290044500"/>
						<SP ID="P119_SP00017" HPOS="222" VPOS="245" WIDTH="22"/>
						<String ID="P119_ST00022" HPOS="244" VPOS="210" WIDTH="51" HEIGHT="26" CONTENT="and" WC="0.84" CC="300"/>
						<SP ID="P119_SP00018" HPOS="295" VPOS="245" WIDTH="16"/>
						<String ID="P119_ST00023" HPOS="311" VPOS="219" WIDTH="65" HEIGHT="17" CONTENT="even" WC="0.89" CC="0004"/>
						<SP ID="P119_SP00019" HPOS="376" VPOS="245" WIDTH="17"/>
						<String ID="P119_ST00024" HPOS="393" VPOS="210" WIDTH="175" HEIGHT="27" CONTENT="accustomed" WC="0.80" CC="4006000700"/>
						<SP ID="P119_SP00020" HPOS="568" VPOS="245" WIDTH="16"/>
						<String ID="P119_ST00025" HPOS="584" VPOS="216" WIDTH="27" HEIGHT="20" CONTENT="to" WC="0.83" CC="30"/>
						<SP ID="P119_SP00021" HPOS="611" VPOS="245" WIDTH="14"/>
						<String ID="P119_ST00026" HPOS="625" VPOS="210" WIDTH="116" HEIGHT="26" CONTENT="exercise" WC="0.66" CC="09050460"/>
						<SP ID="P119_SP00022" HPOS="741" VPOS="245" WIDTH="14"/>
						<String ID="P119_ST00027" HPOS="755" VPOS="209" WIDTH="58" HEIGHT="27" CONTENT="that" WC="0.56" CC="0637"/>
						<SP ID="P119_SP00023" HPOS="813" VPOS="245" WIDTH="13"/>
						<String ID="P119_ST00028" HPOS="826" VPOS="214" WIDTH="42" HEIGHT="21" CONTENT="art" WC="0.77" CC="330"/>
					</TextLine>
					<TextLine ID="P119_TL00006" HPOS="59" VPOS="255" WIDTH="809" HEIGHT="37">
						<String ID="P119_ST00029" HPOS="59" VPOS="255" WIDTH="27" HEIGHT="27" CONTENT="in" WC="0.52" CC="18"/>
						<SP ID="P119_SP00024" HPOS="86" VPOS="282" WIDTH="21"/>
						<String ID="P119_ST00030" HPOS="107" VPOS="256" WIDTH="56" HEIGHT="26" CONTENT="this" WC="0.82" CC="0700"/>
						<SP ID="P119_SP00025" HPOS="163" VPOS="282" WIDTH="14"/>
						<String ID="P119_ST00031" HPOS="177" VPOS="266" WIDTH="63" HEIGHT="26" CONTENT="very" WC="0.84" CC="0060"/>
						<SP ID="P119_SP00026" HPOS="240" VPOS="292" WIDTH="15"/>
						<String ID="P119_ST00032" HPOS="255" VPOS="257" WIDTH="76" HEIGHT="32" CONTENT="river," WC="0.67" CC="206053"/>
						<SP ID="P119_SP00027" HPOS="331" VPOS="292" WIDTH="21"/>
						<String ID="P119_ST00033" HPOS="352" VPOS="257" WIDTH="102" HEIGHT="26" CONTENT="seldom" WC="0.96" CC="200000"/>
						<SP ID="P119_SP00028" HPOS="454" VPOS="292" WIDTH="15"/>
						<String ID="P119_ST00034" HPOS="469" VPOS="256" WIDTH="51" HEIGHT="26" CONTENT="rise" WC="0.54" CC="7540"/>
						<SP ID="P119_SP00029" HPOS="520" VPOS="292" WIDTH="16"/>
						<String ID="P119_ST00035" HPOS="536" VPOS="261" WIDTH="26" HEIGHT="21" CONTENT="to" WC="0.80" CC="40"/>
						<SP ID="P119_SP00030" HPOS="562" VPOS="292" WIDTH="14"/>
						<String ID="P119_ST00036" HPOS="576" VPOS="256" WIDTH="46" HEIGHT="26" CONTENT="the" WC="0.69" CC="260"/>
						<SP ID="P119_SP00031" HPOS="622" VPOS="292" WIDTH="19"/>
						<String ID="P119_ST00037" HPOS="641" VPOS="256" WIDTH="116" HEIGHT="31" CONTENT="surface," WC="0.88" CC="02204000"/>
						<SP ID="P119_SP00032" HPOS="757" VPOS="292" WIDTH="18"/>
						<String ID="P119_ST00038" HPOS="775" VPOS="265" WIDTH="28" HEIGHT="17" CONTENT="or" WC="0.69" CC="06"/>
						<SP ID="P119_SP00033" HPOS="803" VPOS="292" WIDTH="20"/>
						<String ID="P119_ST00039" HPOS="823" VPOS="265" WIDTH="45" HEIGHT="17" CONTENT="are" WC="0.87" CC="300"/>
					</TextLine>
					<TextLine ID="P119_TL00007" HPOS="58" VPOS="303" WIDTH="810" HEIGHT="35">
						<String ID="P119_ST00040" HPOS="58" VPOS="303" WIDTH="114" HEIGHT="26" CONTENT="rescued" WC="0.89" CC="4000200"/>
						<SP ID="P119_SP00034" HPOS="172" VPOS="329" WIDTH="16"/>
						<String ID="P119_ST00041" HPOS="188" VPOS="303" WIDTH="67" HEIGHT="26" CONTENT="from" WC="0.72" CC="5301"/>
						<SP ID="P119_SP00035" HPOS="255" VPOS="329" WIDTH="16"/>
						<String ID="P119_ST00042" HPOS="271" VPOS="303" WIDTH="46" HEIGHT="26" CONTENT="the" WC="1.00" CC="000"/>
						<SP ID="P119_SP00036" HPOS="317" VPOS="329" WIDTH="15"/>
						<String ID="P119_ST00043" HPOS="332" VPOS="312" WIDTH="81" HEIGHT="26" CONTENT="grasp" WC="0.56" CC="06338"/>
						<SP ID="P119_SP00037" HPOS="413" VPOS="338" WIDTH="13"/>
						<String ID="P119_ST00044" HPOS="426" VPOS="304" WIDTH="30" HEIGHT="25" CONTENT="of" WC="0.82" CC="21"/>
						<SP ID="P119_SP00038" HPOS="456" VPOS="338" WIDTH="10"/>
						<String ID="P119_ST00045" HPOS="466" VPOS="303" WIDTH="92" HEIGHT="26" CONTENT="death." WC="0.72" CC="009430"/>
						<SP ID="P119_SP00039" HPOS="558" VPOS="338" WIDTH="22"/>
						<String ID="P119_ST00046" HPOS="580" VPOS="303" WIDTH="81" HEIGHT="27" CONTENT="Some" WC="0.69" CC="5060"/>
						<SP ID="P119_SP00040" HPOS="661" VPOS="338" WIDTH="11"/>
						<String ID="P119_ST00047" HPOS="672" VPOS="304" WIDTH="130" HEIGHT="26" CONTENT="attribute" WC="0.81" CC="022204301"/>
						<SP ID="P119_SP00041" HPOS="802" VPOS="338" WIDTH="12"/>
						<String ID="P119_ST00048" HPOS="814" VPOS="303" WIDTH="54" HEIGHT="26" CONTENT="this" WC="0.60" CC="6503"/>
					</TextLine>
					<TextLine ID="P119_TL00008" HPOS="61" VPOS="349" WIDTH="807" HEIGHT="36">
						<String ID="P119_ST00049" HPOS="61" VPOS="352" WIDTH="28" HEIGHT="24" CONTENT="to" WC="0.74" CC="50"/>
						<SP ID="P119_SP00042" HPOS="89" VPOS="376" WIDTH="10"/>
						<String ID="P119_ST00050" HPOS="99" VPOS="358" WIDTH="34" HEIGHT="18" CONTENT="an" WC="0.68" CC="15"/>
						<SP ID="P119_SP00043" HPOS="133" VPOS="376" WIDTH="11"/>
						<String ID="P119_ST00051" HPOS="144" VPOS="349" WIDTH="208" HEIGHT="27" CONTENT="under-current" WC="0.90" CC="0400000001070"/>
						<SP ID="P119_SP00044" HPOS="352" VPOS="376" WIDTH="8"/>
						<String ID="P119_ST00052" HPOS="360" VPOS="349" WIDTH="32" HEIGHT="27" CONTENT="of" WC="0.67" CC="60"/>
						<SP ID="P119_SP00045" HPOS="392" VPOS="376" WIDTH="7"/>
						<String ID="P119_ST00053" HPOS="399" VPOS="349" WIDTH="130" HEIGHT="27" CONTENT="resistless" WC="0.67" CC="0540590051"/>
						<SP ID="P119_SP00046" HPOS="529" VPOS="376" WIDTH="11"/>
						<String ID="P119_ST00054" HPOS="540" VPOS="359" WIDTH="86" HEIGHT="26" CONTENT="power" WC="0.51" CC="92802"/>
						<SP ID="P119_SP00047" HPOS="626" VPOS="385" WIDTH="12"/>
						<String ID="P119_ST00055" HPOS="638" VPOS="360" WIDTH="7" HEIGHT="22" CONTENT=";" WC="0.33" CC="6"/>
						<SP ID="P119_SP00048" HPOS="645" VPOS="385" WIDTH="15"/>
						<String ID="P119_ST00056" HPOS="660" VPOS="350" WIDTH="49" HEIGHT="26" CONTENT="but" WC="0.81" CC="400"/>
						<SP ID="P119_SP00049" HPOS="709" VPOS="385" WIDTH="12"/>
						<String ID="P119_ST00057" HPOS="721" VPOS="349" WIDTH="75" HEIGHT="27" CONTENT="those" WC="0.58" CC="67060"/>
						<SP ID="P119_SP00050" HPOS="796" VPOS="385" WIDTH="13"/>
						<String ID="P119_ST00058" HPOS="809" VPOS="349" WIDTH="59" HEIGHT="27" CONTENT="who" WC="0.67" CC="900"/>
					</TextLine>
					<TextLine ID="P119_TL00009" HPOS="60" VPOS="396" WIDTH="808" HEIGHT="35">
						<String ID="P119_ST00059" HPOS="60" VPOS="404" WIDTH="46" HEIGHT="18" CONTENT="are" WC="1.00" CC="000"/>
						<SP ID="P119_SP00051" HPOS="106" VPOS="422" WIDTH="19"/>
						<String ID="P119_ST00060" HPOS="125" VPOS="396" WIDTH="28" HEIGHT="25" CONTENT="in" WC="0.61" CC="16"/>
						<SP ID="P119_SP00052" HPOS="153" VPOS="422" WIDTH="14"/>
						<String ID="P119_ST00061" HPOS="167" VPOS="396" WIDTH="47" HEIGHT="26" CONTENT="the" WC="0.83" CC="040"/>
						<SP ID="P119_SP00053" HPOS="214" VPOS="422" WIDTH="15"/>
						<String ID="P119_ST00062" HPOS="229" VPOS="396" WIDTH="77" HEIGHT="27" CONTENT="habit" WC="0.84" CC="20005"/>
						<SP ID="P119_SP00054" HPOS="306" VPOS="423" WIDTH="14"/>
						<String ID="P119_ST00063" HPOS="320" VPOS="397" WIDTH="29" HEIGHT="26" CONTENT="of" WC="0.77" CC="04"/>
						<SP ID="P119_SP00055" HPOS="349" VPOS="423" WIDTH="17"/>
						<String ID="P119_ST00064" HPOS="366" VPOS="396" WIDTH="93" HEIGHT="35" CONTENT="diving" WC="0.69" CC="030238"/>
						<SP ID="P119_SP00056" HPOS="459" VPOS="431" WIDTH="16"/>
						<String ID="P119_ST00065" HPOS="475" VPOS="396" WIDTH="40" HEIGHT="26" CONTENT="for" WC="1.00" CC="000"/>
						<SP ID="P119_SP00057" HPOS="515" VPOS="431" WIDTH="13"/>
						<String ID="P119_ST00066" HPOS="528" VPOS="397" WIDTH="119" HEIGHT="34" CONTENT="pleasure" WC="0.84" CC="04005120"/>
						<SP ID="P119_SP00058" HPOS="647" VPOS="431" WIDTH="15"/>
						<String ID="P119_ST00067" HPOS="662" VPOS="396" WIDTH="157" HEIGHT="35" CONTENT="experience" WC="0.88" CC="0040130200"/>
						<SP ID="P119_SP00059" HPOS="819" VPOS="431" WIDTH="14"/>
						<String ID="P119_ST00068" HPOS="833" VPOS="405" WIDTH="35" HEIGHT="17" CONTENT="no" WC="0.75" CC="50"/>
					</TextLine>
					<TextLine ID="P119_TL00010" HPOS="60" VPOS="442" WIDTH="808" HEIGHT="36">
						<String ID="P119_ST00069" HPOS="60" VPOS="442" WIDTH="138" HEIGHT="36" CONTENT="difficulty" WC="0.88" CC="9000000300"/>
						<SP ID="P119_SP00060" HPOS="198" VPOS="478" WIDTH="13"/>
						<String ID="P119_ST00070" HPOS="211" VPOS="442" WIDTH="27" HEIGHT="27" CONTENT="in" WC="0.72" CC="32"/>
						<SP ID="P119_SP00061" HPOS="238" VPOS="478" WIDTH="16"/>
						<String ID="P119_ST00071" HPOS="254" VPOS="443" WIDTH="83" HEIGHT="35" CONTENT="rising" WC="0.83" CC="003050"/>
						<SP ID="P119_SP00062" HPOS="337" VPOS="478" WIDTH="15"/>
						<String ID="P119_ST00072" HPOS="352" VPOS="448" WIDTH="26" HEIGHT="22" CONTENT="to" WC="1.00" CC="00"/>
						<SP ID="P119_SP00063" HPOS="378" VPOS="478" WIDTH="14"/>
						<String ID="P119_ST00073" HPOS="392" VPOS="442" WIDTH="45" HEIGHT="27" CONTENT="the" WC="0.69" CC="170"/>
						<SP ID="P119_SP00064" HPOS="437" VPOS="478" WIDTH="15"/>
						<String ID="P119_ST00074" HPOS="452" VPOS="442" WIDTH="114" HEIGHT="27" CONTENT="surface." WC="0.89" CC="60200000"/>
						<SP ID="P119_SP00065" HPOS="566" VPOS="478" WIDTH="40"/>
						<String ID="P119_ST00075" HPOS="606" VPOS="442" WIDTH="86" HEIGHT="36" CONTENT="Many" WC="1.00" CC="0000"/>
						<SP ID="P119_SP00066" HPOS="692" VPOS="478" WIDTH="9"/>
						<String ID="P119_ST00076" HPOS="701" VPOS="452" WIDTH="16" HEIGHT="17" CONTENT="a" WC="1.00" CC="0"/>
						<SP ID="P119_SP00067" HPOS="717" VPOS="478" WIDTH="12"/>
						<String ID="P119_ST00077" HPOS="729" VPOS="443" WIDTH="101" HEIGHT="26" CONTENT="mound" WC="0.76" CC="80300"/>
						<SP ID="P119_SP00068" HPOS="830" VPOS="478" WIDTH="17"/>
						<String ID="P119_ST00078" HPOS="847" VPOS="443" WIDTH="21" HEIGHT="25" CONTENT="is" WC="0.54" CC="17"/>
					</TextLine>
					<TextLine ID="P119_TL00011" HPOS="60" VPOS="488" WIDTH="807" HEIGHT="37">
						<String ID="P119_ST00079" HPOS="60" VPOS="489" WIDTH="111" HEIGHT="36" CONTENT="pointed" WC="0.55" CC="9937000"/>
						<SP ID="P119_SP00069" HPOS="171" VPOS="525" WIDTH="23"/>
						<String ID="P119_ST00080" HPOS="194" VPOS="494" WIDTH="49" HEIGHT="22" CONTENT="out" WC="0.60" CC="334"/>
						<SP ID="P119_SP00070" HPOS="243" VPOS="525" WIDTH="23"/>
						<String ID="P119_ST00081" HPOS="266" VPOS="490" WIDTH="88" HEIGHT="26" CONTENT="where" WC="0.73" CC="76000"/>
						<SP ID="P119_SP00071" HPOS="354" VPOS="525" WIDTH="21"/>
						<String ID="P119_ST00082" HPOS="375" VPOS="490" WIDTH="73" HEIGHT="35" CONTENT="sleep" WC="0.72" CC="40009"/>
						<SP ID="P119_SP00072" HPOS="448" VPOS="525" WIDTH="25"/>
						<String ID="P119_ST00083" HPOS="473" VPOS="489" WIDTH="44" HEIGHT="25" CONTENT="the" WC="0.83" CC="500"/>
						<SP ID="P119_SP00073" HPOS="517" VPOS="525" WIDTH="23"/>
						<String ID="P119_ST00084" HPOS="540" VPOS="489" WIDTH="92" HEIGHT="26" CONTENT="bodies" WC="0.71" CC="109104"/>
						<SP ID="P119_SP00074" HPOS="632" VPOS="525" WIDTH="22"/>
						<String ID="P119_ST00085" HPOS="654" VPOS="489" WIDTH="31" HEIGHT="26" CONTENT="of" WC="0.69" CC="60"/>
						<SP ID="P119_SP00075" HPOS="685" VPOS="525" WIDTH="20"/>
						<String ID="P119_ST00086" HPOS="705" VPOS="488" WIDTH="76" HEIGHT="27" CONTENT="those" WC="0.92" CC="00030"/>
						<SP ID="P119_SP00076" HPOS="781" VPOS="525" WIDTH="26"/>
						<String ID="P119_ST00087" HPOS="807" VPOS="490" WIDTH="60" HEIGHT="25" CONTENT="who" WC="0.91" CC="002"/>
					</TextLine>
					<TextLine ID="P119_TL00012" HPOS="61" VPOS="536" WIDTH="807" HEIGHT="36">
						<String ID="P119_ST00088" HPOS="61" VPOS="545" WIDTH="67" HEIGHT="17" CONTENT="were" WC="0.96" CC="0100"/>
						<SP ID="P119_SP00077" HPOS="128" VPOS="562" WIDTH="14"/>
						<String ID="P119_ST00089" HPOS="142" VPOS="536" WIDTH="121" HEIGHT="36" CONTENT="healthy," WC="0.72" CC="70004703"/>
						<SP ID="P119_SP00078" HPOS="263" VPOS="572" WIDTH="19"/>
						<String ID="P119_ST00090" HPOS="282" VPOS="546" WIDTH="63" HEIGHT="25" CONTENT="gay," WC="0.69" CC="9002"/>
						<SP ID="P119_SP00079" HPOS="345" VPOS="572" WIDTH="22"/>
						<String ID="P119_ST00091" HPOS="367" VPOS="536" WIDTH="233" HEIGHT="35" CONTENT="unapprehensive" WC="0.67" CC="08000047065490"/>
						<SP ID="P119_SP00080" HPOS="600" VPOS="572" WIDTH="19"/>
						<String ID="P119_ST00092" HPOS="619" VPOS="536" WIDTH="32" HEIGHT="26" CONTENT="of" WC="0.96" CC="00"/>
						<SP ID="P119_SP00081" HPOS="651" VPOS="572" WIDTH="19"/>
						<String ID="P119_ST00093" HPOS="670" VPOS="536" WIDTH="70" HEIGHT="26" CONTENT="their" WC="0.94" CC="02000"/>
						<SP ID="P119_SP00082" HPOS="740" VPOS="572" WIDTH="12"/>
						<String ID="P119_ST00094" HPOS="752" VPOS="536" WIDTH="116" HEIGHT="35" CONTENT="change," WC="0.71" CC="0095040"/>
					</TextLine>
					<TextLine ID="P119_TL00013" HPOS="60" VPOS="582" WIDTH="811" HEIGHT="37">
						<String ID="P119_ST00095" HPOS="60" VPOS="583" WIDTH="46" HEIGHT="26" CONTENT="the" WC="0.85" CC="040"/>
						<SP ID="P119_SP00083" HPOS="106" VPOS="609" WIDTH="15"/>
						<String ID="P119_ST00096" HPOS="121" VPOS="592" WIDTH="62" HEIGHT="27" CONTENT="very" WC="1.00" CC="0000"/>
						<SP ID="P119_SP00084" HPOS="183" VPOS="619" WIDTH="14"/>
						<String ID="P119_ST00097" HPOS="197" VPOS="588" WIDTH="120" HEIGHT="22" CONTENT="moment" WC="0.58" CC="909050"/>
						<SP ID="P119_SP00085" HPOS="317" VPOS="619" WIDTH="14"/>
						<String ID="P119_ST00098" HPOS="331" VPOS="583" WIDTH="89" HEIGHT="26" CONTENT="before" WC="0.77" CC="000670"/>
						<SP ID="P119_SP00086" HPOS="420" VPOS="619" WIDTH="14"/>
						<String ID="P119_ST00099" HPOS="434" VPOS="582" WIDTH="21" HEIGHT="26" CONTENT="it" WC="0.96" CC="00"/>
						<SP ID="P119_SP00087" HPOS="455" VPOS="619" WIDTH="11"/>
						<String ID="P119_ST00100" HPOS="466" VPOS="582" WIDTH="137" HEIGHT="26" CONTENT="occurred." WC="0.92" CC="000340000"/>
						<SP ID="P119_SP00088" HPOS="603" VPOS="619" WIDTH="41"/>
						<String ID="P119_ST00101" HPOS="644" VPOS="582" WIDTH="31" HEIGHT="26" CONTENT="In" WC="0.90" CC="02"/>
						<SP ID="P119_SP00089" HPOS="675" VPOS="619" WIDTH="12"/>
						<String ID="P119_ST00102" HPOS="687" VPOS="582" WIDTH="46" HEIGHT="27" CONTENT="the" WC="0.77" CC="060"/>
						<SP ID="P119_SP00090" HPOS="733" VPOS="619" WIDTH="14"/>
						<String ID="P119_ST00103" HPOS="747" VPOS="582" WIDTH="83" HEIGHT="26" CONTENT="midst" WC="0.66" CC="35044"/>
						<SP ID="P119_SP00091" HPOS="830" VPOS="619" WIDTH="11"/>
						<String ID="P119_ST00104" HPOS="841" VPOS="583" WIDTH="30" HEIGHT="26" CONTENT="of" WC="1.00" CC="00"/>
					</TextLine>
					<TextLine ID="P119_TL00014" HPOS="60" VPOS="629" WIDTH="809" HEIGHT="36">
						<String ID="P119_ST00105" HPOS="60" VPOS="630" WIDTH="120" HEIGHT="27" CONTENT="cheerful" WC="0.77" CC="03005063"/>
						<SP ID="P119_SP00092" HPOS="180" VPOS="657" WIDTH="14"/>
						<String ID="P119_ST00106" HPOS="194" VPOS="630" WIDTH="187" HEIGHT="27" CONTENT="conversation" WC="0.83" CC="014004002600"/>
						<SP ID="P119_SP00093" HPOS="381" VPOS="657" WIDTH="15"/>
						<String ID="P119_ST00107" HPOS="396" VPOS="630" WIDTH="74" HEIGHT="26" CONTENT="there" WC="0.78" CC="13050"/>
						<SP ID="P119_SP00094" HPOS="470" VPOS="657" WIDTH="15"/>
						<String ID="P119_ST00108" HPOS="485" VPOS="638" WIDTH="55" HEIGHT="18" CONTENT="was" WC="1.00" CC="000"/>
						<SP ID="P119_SP00095" HPOS="540" VPOS="657" WIDTH="20"/>
						<String ID="P119_ST00109" HPOS="560" VPOS="639" WIDTH="35" HEIGHT="16" CONTENT="an" WC="0.75" CC="04"/>
						<SP ID="P119_SP00096" HPOS="595" VPOS="657" WIDTH="20"/>
						<String ID="P119_ST00110" HPOS="615" VPOS="629" WIDTH="98" HEIGHT="35" CONTENT="abrupt" WC="0.58" CC="900096"/>
						<SP ID="P119_SP00097" HPOS="713" VPOS="664" WIDTH="19"/>
						<String ID="P119_ST00111" HPOS="732" VPOS="638" WIDTH="82" HEIGHT="27" CONTENT="pause" WC="0.92" CC="00120"/>
						<String ID="P119_ST00112" HPOS="817" VPOS="645" WIDTH="32" HEIGHT="3" CONTENT="—" WC="0.20" CC="8"/>
						<String ID="P119_ST00113" HPOS="853" VPOS="639" WIDTH="16" HEIGHT="17" CONTENT="a" WC="1.00" CC="0"/>
					</TextLine>
					<TextLine ID="P119_TL00015" HPOS="59" VPOS="676" WIDTH="528" HEIGHT="36">
						<String ID="P119_ST00114" HPOS="59" VPOS="677" WIDTH="103" HEIGHT="26" CONTENT="sudden" WC="0.76" CC="700007"/>
						<SP ID="P119_SP00098" HPOS="162" VPOS="703" WIDTH="16"/>
						<String ID="P119_ST00115" HPOS="178" VPOS="677" WIDTH="101" HEIGHT="35" CONTENT="plunge" WC="0.71" CC="036600"/>
						<String ID="P119_ST00116" HPOS="282" VPOS="692" WIDTH="35" HEIGHT="4" CONTENT="—" WC="0.20" CC="8"/>
						<String ID="P119_ST00117" HPOS="319" VPOS="686" WIDTH="33" HEIGHT="16" CONTENT="an" WC="0.84" CC="03"/>
						<SP ID="P119_SP00099" HPOS="352" VPOS="712" WIDTH="15"/>
						<String ID="P119_ST00118" HPOS="367" VPOS="676" WIDTH="81" HEIGHT="26" CONTENT="awful" WC="0.43" CC="69065"/>
						<SP ID="P119_SP00100" HPOS="448" VPOS="712" WIDTH="14"/>
						<String ID="P119_ST00119" HPOS="462" VPOS="677" WIDTH="125" HEIGHT="35" CONTENT="eternity." WC="0.69" CC="000612097"/>
					</TextLine>
				</TextBlock>
				<TextBlock ID="P119_TB00004" HPOS="59" VPOS="723" WIDTH="810" HEIGHT="411" STYLEREFS="TXT_1 PAR_LEFT">
					<TextLine ID="P119_TL00016" HPOS="96" VPOS="724" WIDTH="773" HEIGHT="36">
						<String ID="P119_ST00120" HPOS="96" VPOS="724" WIDTH="89" HEIGHT="27" CONTENT="Those" WC="0.79" CC="05050"/>
						<SP ID="P119_SP00101" HPOS="185" VPOS="751" WIDTH="13"/>
						<String ID="P119_ST00121" HPOS="198" VPOS="724" WIDTH="146" HEIGHT="35" CONTENT="foreigners" WC="0.80" CC="0000096001"/>
						<SP ID="P119_SP00102" HPOS="344" VPOS="759" WIDTH="21"/>
						<String ID="P119_ST00122" HPOS="365" VPOS="724" WIDTH="61" HEIGHT="26" CONTENT="who" WC="0.97" CC="000"/>
						<SP ID="P119_SP00103" HPOS="426" VPOS="759" WIDTH="20"/>
						<String ID="P119_ST00123" HPOS="446" VPOS="724" WIDTH="43" HEIGHT="26" CONTENT="die" WC="1.00" CC="000"/>
						<SP ID="P119_SP00104" HPOS="489" VPOS="759" WIDTH="20"/>
						<String ID="P119_ST00124" HPOS="509" VPOS="729" WIDTH="28" HEIGHT="21" CONTENT="at" WC="1.00" CC="00"/>
						<SP ID="P119_SP00105" HPOS="537" VPOS="759" WIDTH="15"/>
						<String ID="P119_ST00125" HPOS="552" VPOS="724" WIDTH="106" HEIGHT="27" CONTENT="Canton" WC="0.64" CC="004906"/>
						<SP ID="P119_SP00106" HPOS="658" VPOS="759" WIDTH="13"/>
						<String ID="P119_ST00126" HPOS="671" VPOS="733" WIDTH="46" HEIGHT="18" CONTENT="are" WC="0.46" CC="960"/>
						<SP ID="P119_SP00107" HPOS="717" VPOS="759" WIDTH="16"/>
						<String ID="P119_ST00127" HPOS="733" VPOS="724" WIDTH="136" HEIGHT="36" CONTENT="generally" WC="0.62" CC="034049236"/>
					</TextLine>
					<TextLine ID="P119_TL00017" HPOS="60" VPOS="770" WIDTH="809" HEIGHT="37">
						<String ID="P119_ST00128" HPOS="60" VPOS="771" WIDTH="116" HEIGHT="26" CONTENT="interred" WC="0.71" CC="65600400"/>
						<SP ID="P119_SP00108" HPOS="176" VPOS="797" WIDTH="16"/>
						<String ID="P119_ST00129" HPOS="192" VPOS="780" WIDTH="35" HEIGHT="18" CONTENT="on" WC="0.79" CC="04"/>
						<SP ID="P119_SP00109" HPOS="227" VPOS="798" WIDTH="20"/>
						<String ID="P119_ST00130" HPOS="247" VPOS="771" WIDTH="55" HEIGHT="26" CONTENT="this" WC="0.51" CC="6607"/>
						<SP ID="P119_SP00110" HPOS="302" VPOS="798" WIDTH="26"/>
						<String ID="P119_ST00131" HPOS="328" VPOS="770" WIDTH="87" HEIGHT="26" CONTENT="island" WC="0.81" CC="060040"/>
						<SP ID="P119_SP00111" HPOS="415" VPOS="798" WIDTH="12"/>
						<String ID="P119_ST00132" HPOS="427" VPOS="781" WIDTH="6" HEIGHT="22" CONTENT=";" WC="0.97" CC="0"/>
						<SP ID="P119_SP00112" HPOS="433" VPOS="803" WIDTH="26"/>
						<String ID="P119_ST00133" HPOS="459" VPOS="770" WIDTH="55" HEIGHT="26" CONTENT="and" WC="0.58" CC="029"/>
						<SP ID="P119_SP00113" HPOS="514" VPOS="803" WIDTH="17"/>
						<String ID="P119_ST00134" HPOS="531" VPOS="771" WIDTH="22" HEIGHT="25" CONTENT="it" WC="0.85" CC="02"/>
						<SP ID="P119_SP00114" HPOS="553" VPOS="803" WIDTH="12"/>
						<String ID="P119_ST00135" HPOS="565" VPOS="780" WIDTH="112" HEIGHT="27" CONTENT="appears" WC="0.99" CC="0000000"/>
						<SP ID="P119_SP00115" HPOS="677" VPOS="807" WIDTH="21"/>
						<String ID="P119_ST00136" HPOS="698" VPOS="771" WIDTH="60" HEIGHT="26" CONTENT="that" WC="0.75" CC="0612"/>
						<SP ID="P119_SP00116" HPOS="758" VPOS="807" WIDTH="21"/>
						<String ID="P119_ST00137" HPOS="779" VPOS="771" WIDTH="90" HEIGHT="26" CONTENT="Death" WC="0.59" CC="60444"/>
					</TextLine>
					<TextLine ID="P119_TL00018" HPOS="60" VPOS="817" WIDTH="808" HEIGHT="37">
						<String ID="P119_ST00138" HPOS="60" VPOS="819" WIDTH="50" HEIGHT="26" CONTENT="has" WC="0.76" CC="700"/>
						<SP ID="P119_SP00117" HPOS="110" VPOS="845" WIDTH="15"/>
						<String ID="P119_ST00139" HPOS="125" VPOS="818" WIDTH="65" HEIGHT="27" CONTENT="been" WC="0.75" CC="2007"/>
						<SP ID="P119_SP00118" HPOS="190" VPOS="845" WIDTH="16"/>
						<String ID="P119_ST00140" HPOS="206" VPOS="818" WIDTH="147" HEIGHT="36" CONTENT="peculiarly" WC="0.85" CC="0502006000"/>
						<SP ID="P119_SP00119" HPOS="353" VPOS="854" WIDTH="19"/>
						<String ID="P119_ST00141" HPOS="372" VPOS="818" WIDTH="170" HEIGHT="36" CONTENT="triumphant" WC="0.80" CC="0600504003"/>
						<SP ID="P119_SP00120" HPOS="542" VPOS="854" WIDTH="18"/>
						<String ID="P119_ST00142" HPOS="560" VPOS="817" WIDTH="99" HEIGHT="35" CONTENT="during" WC="0.61" CC="075630"/>
						<SP ID="P119_SP00121" HPOS="659" VPOS="854" WIDTH="15"/>
						<String ID="P119_ST00143" HPOS="674" VPOS="818" WIDTH="45" HEIGHT="26" CONTENT="the" WC="0.64" CC="550"/>
						<SP ID="P119_SP00122" HPOS="719" VPOS="854" WIDTH="14"/>
						<String ID="P119_ST00144" HPOS="733" VPOS="818" WIDTH="52" HEIGHT="25" CONTENT="last" WC="0.48" CC="0694"/>
						<SP ID="P119_SP00123" HPOS="785" VPOS="854" WIDTH="12"/>
						<String ID="P119_ST00145" HPOS="797" VPOS="827" WIDTH="71" HEIGHT="25" CONTENT="year." WC="0.72" CC="90400"/>
					</TextLine>
					<TextLine ID="P119_TL00019" HPOS="61" VPOS="864" WIDTH="808" HEIGHT="37">
						<String ID="P119_ST00146" HPOS="61" VPOS="865" WIDTH="61" HEIGHT="27" CONTENT="One" WC="0.81" CC="050"/>
						<SP ID="P119_SP00124" HPOS="122" VPOS="892" WIDTH="25"/>
						<String ID="P119_ST00147" HPOS="147" VPOS="866" WIDTH="31" HEIGHT="25" CONTENT="of" WC="1.00" CC="00"/>
						<SP ID="P119_SP00125" HPOS="178" VPOS="892" WIDTH="16"/>
						<String ID="P119_ST00148" HPOS="194" VPOS="875" WIDTH="48" HEIGHT="16" CONTENT="our" WC="1.00" CC="000"/>
						<SP ID="P119_SP00126" HPOS="242" VPOS="892" WIDTH="21"/>
						<String ID="P119_ST00149" HPOS="263" VPOS="870" WIDTH="87" HEIGHT="31" CONTENT="party," WC="1.00" CC="000000"/>
						<SP ID="P119_SP00127" HPOS="350" VPOS="901" WIDTH="25"/>
						<String ID="P119_ST00150" HPOS="375" VPOS="865" WIDTH="58" HEIGHT="25" CONTENT="who" WC="0.80" CC="050"/>
						<SP ID="P119_SP00128" HPOS="433" VPOS="901" WIDTH="23"/>
						<String ID="P119_ST00151" HPOS="456" VPOS="865" WIDTH="53" HEIGHT="25" CONTENT="had" WC="0.99" CC="000"/>
						<SP ID="P119_SP00129" HPOS="509" VPOS="901" WIDTH="18"/>
						<String ID="P119_ST00152" HPOS="527" VPOS="864" WIDTH="60" HEIGHT="36" CONTENT="just" WC="0.68" CC="0155"/>
						<SP ID="P119_SP00130" HPOS="587" VPOS="901" WIDTH="22"/>
						<String ID="P119_ST00153" HPOS="609" VPOS="864" WIDTH="124" HEIGHT="26" CONTENT="returned" WC="0.65" CC="27500506"/>
						<SP ID="P119_SP00131" HPOS="733" VPOS="901" WIDTH="24"/>
						<String ID="P119_ST00154" HPOS="757" VPOS="865" WIDTH="66" HEIGHT="25" CONTENT="from" WC="0.82" CC="0700"/>
						<SP ID="P119_SP00132" HPOS="823" VPOS="901" WIDTH="31"/>
						<String ID="P119_ST00155" HPOS="854" VPOS="873" WIDTH="15" HEIGHT="17" CONTENT="a" WC="0.07" CC="9"/>
					</TextLine>
					<TextLine ID="P119_TL00020" HPOS="60" VPOS="911" WIDTH="809" HEIGHT="37">
						<String ID="P119_ST00156" HPOS="60" VPOS="913" WIDTH="109" HEIGHT="35" CONTENT="trading" WC="0.96" CC="0000020"/>
						<SP ID="P119_SP00133" HPOS="169" VPOS="948" WIDTH="13"/>
						<String ID="P119_ST00157" HPOS="182" VPOS="922" WIDTH="115" HEIGHT="26" CONTENT="voyage," WC="0.78" CC="4005004"/>
						<SP ID="P119_SP00134" HPOS="297" VPOS="948" WIDTH="15"/>
						<String ID="P119_ST00158" HPOS="312" VPOS="912" WIDTH="62" HEIGHT="27" CONTENT="read" WC="0.87" CC="1040"/>
						<SP ID="P119_SP00135" HPOS="374" VPOS="948" WIDTH="24"/>
						<String ID="P119_ST00159" HPOS="398" VPOS="912" WIDTH="47" HEIGHT="26" CONTENT="the" WC="0.86" CC="120"/>
						<SP ID="P119_SP00136" HPOS="445" VPOS="948" WIDTH="15"/>
						<String ID="P119_ST00160" HPOS="460" VPOS="911" WIDTH="112" HEIGHT="35" CONTENT="epitaph" WC="0.61" CC="0940145"/>
						<SP ID="P119_SP00137" HPOS="572" VPOS="948" WIDTH="22"/>
						<String ID="P119_ST00161" HPOS="594" VPOS="911" WIDTH="31" HEIGHT="26" CONTENT="of" WC="1.00" CC="00"/>
						<SP ID="P119_SP00138" HPOS="625" VPOS="948" WIDTH="22"/>
						<String ID="P119_ST00162" HPOS="647" VPOS="915" WIDTH="50" HEIGHT="22" CONTENT="two" WC="0.70" CC="800"/>
						<SP ID="P119_SP00139" HPOS="697" VPOS="948" WIDTH="18"/>
						<String ID="P119_ST00163" HPOS="715" VPOS="911" WIDTH="31" HEIGHT="26" CONTENT="of" WC="1.00" CC="00"/>
						<SP ID="P119_SP00140" HPOS="746" VPOS="948" WIDTH="20"/>
						<String ID="P119_ST00164" HPOS="766" VPOS="911" WIDTH="41" HEIGHT="26" CONTENT="his" WC="1.00" CC="000"/>
						<SP ID="P119_SP00141" HPOS="807" VPOS="948" WIDTH="17"/>
						<String ID="P119_ST00165" HPOS="824" VPOS="920" WIDTH="45" HEIGHT="17" CONTENT="ac" SUBS_TYPE="HypPart1" SUBS_CONTENT="acquaintance," WC="0.45" CC="932"/>
						<HYP CONTENT="-"/>
					</TextLine>
					<TextLine ID="P119_TL00021" HPOS="60" VPOS="958" WIDTH="808" HEIGHT="38">
						<String ID="P119_ST00166" HPOS="60" VPOS="961" WIDTH="175" HEIGHT="35" CONTENT="quaintance," SUBS_TYPE="HypPart2" SUBS_CONTENT="acquaintance," WC="0.76" CC="00741432002"/>
						<SP ID="P119_SP00142" HPOS="235" VPOS="996" WIDTH="21"/>
						<String ID="P119_ST00167" HPOS="256" VPOS="964" WIDTH="26" HEIGHT="21" CONTENT="to" WC="0.64" CC="70"/>
						<SP ID="P119_SP00143" HPOS="282" VPOS="996" WIDTH="17"/>
						<String ID="P119_ST00168" HPOS="299" VPOS="959" WIDTH="85" HEIGHT="26" CONTENT="whom" WC="0.61" CC="9500"/>
						<SP ID="P119_SP00144" HPOS="384" VPOS="996" WIDTH="15"/>
						<String ID="P119_ST00169" HPOS="399" VPOS="958" WIDTH="33" HEIGHT="27" CONTENT="he" WC="0.64" CC="70"/>
						<SP ID="P119_SP00145" HPOS="432" VPOS="996" WIDTH="16"/>
						<String ID="P119_ST00170" HPOS="448" VPOS="959" WIDTH="68" HEIGHT="25" CONTENT="bade" WC="0.58" CC="8800"/>
						<SP ID="P119_SP00146" HPOS="516" VPOS="996" WIDTH="15"/>
						<String ID="P119_ST00171" HPOS="531" VPOS="958" WIDTH="80" HEIGHT="26" CONTENT="adieu" WC="0.87" CC="00006"/>
						<SP ID="P119_SP00147" HPOS="611" VPOS="996" WIDTH="19"/>
						<String ID="P119_ST00172" HPOS="630" VPOS="967" WIDTH="50" HEIGHT="17" CONTENT="one" WC="0.94" CC="100"/>
						<SP ID="P119_SP00148" HPOS="680" VPOS="996" WIDTH="15"/>
						<String ID="P119_ST00173" HPOS="695" VPOS="967" WIDTH="62" HEIGHT="27" CONTENT="year" WC="0.84" CC="0023"/>
						<SP ID="P119_SP00149" HPOS="757" VPOS="996" WIDTH="13"/>
						<String ID="P119_ST00174" HPOS="770" VPOS="967" WIDTH="51" HEIGHT="26" CONTENT="ago" WC="0.79" CC="600"/>
						<SP ID="P119_SP00150" HPOS="821" VPOS="996" WIDTH="21"/>
						<String ID="P119_ST00175" HPOS="842" VPOS="958" WIDTH="26" HEIGHT="26" CONTENT="in" WC="0.64" CC="07"/>
					</TextLine>
					<TextLine ID="P119_TL00022" HPOS="59" VPOS="1004" WIDTH="808" HEIGHT="38">
						<String ID="P119_ST00176" HPOS="59" VPOS="1006" WIDTH="102" HEIGHT="36" CONTENT="perfect" WC="0.88" CC="0030004"/>
						<SP ID="P119_SP00151" HPOS="161" VPOS="1042" WIDTH="17"/>
						<String ID="P119_ST00177" HPOS="178" VPOS="1006" WIDTH="104" HEIGHT="27" CONTENT="health." WC="0.82" CC="6300002"/>
						<SP ID="P119_SP00152" HPOS="282" VPOS="1042" WIDTH="39"/>
						<String ID="P119_ST00178" HPOS="321" VPOS="1006" WIDTH="56" HEIGHT="26" CONTENT="The" WC="0.84" CC="040"/>
						<SP ID="P119_SP00153" HPOS="377" VPOS="1042" WIDTH="15"/>
						<String ID="P119_ST00179" HPOS="392" VPOS="1007" WIDTH="59" HEIGHT="25" CONTENT="first" WC="0.59" CC="56260"/>
						<SP ID="P119_SP00154" HPOS="451" VPOS="1042" WIDTH="13"/>
						<String ID="P119_ST00180" HPOS="464" VPOS="1005" WIDTH="171" HEIGHT="26" CONTENT="intimations" WC="0.77" CC="40000161054"/>
						<SP ID="P119_SP00155" HPOS="635" VPOS="1042" WIDTH="17"/>
						<String ID="P119_ST00181" HPOS="652" VPOS="1004" WIDTH="30" HEIGHT="26" CONTENT="of" WC="0.83" CC="30"/>
						<SP ID="P119_SP00156" HPOS="682" VPOS="1042" WIDTH="17"/>
						<String ID="P119_ST00182" HPOS="699" VPOS="1004" WIDTH="69" HEIGHT="26" CONTENT="their" WC="0.84" CC="05002"/>
						<SP ID="P119_SP00157" HPOS="768" VPOS="1042" WIDTH="19"/>
						<String ID="P119_ST00183" HPOS="787" VPOS="1005" WIDTH="80" HEIGHT="26" CONTENT="death" WC="0.63" CC="00917"/>
					</TextLine>
					<TextLine ID="P119_TL00023" HPOS="60" VPOS="1050" WIDTH="808" HEIGHT="33">
						<String ID="P119_ST00184" HPOS="60" VPOS="1053" WIDTH="33" HEIGHT="26" CONTENT="he" WC="0.70" CC="50"/>
						<SP ID="P119_SP00158" HPOS="93" VPOS="1079" WIDTH="18"/>
						<String ID="P119_ST00185" HPOS="111" VPOS="1054" WIDTH="131" HEIGHT="29" CONTENT="received," WC="0.80" CC="610130003"/>
						<SP ID="P119_SP00159" HPOS="242" VPOS="1083" WIDTH="25"/>
						<String ID="P119_ST00186" HPOS="267" VPOS="1053" WIDTH="64" HEIGHT="26" CONTENT="with" WC="0.58" CC="9015"/>
						<SP ID="P119_SP00160" HPOS="331" VPOS="1083" WIDTH="20"/>
						<String ID="P119_ST00187" HPOS="351" VPOS="1052" WIDTH="209" HEIGHT="31" CONTENT="astonishment," WC="0.64" CC="7000537500754"/>
						<SP ID="P119_SP00161" HPOS="560" VPOS="1083" WIDTH="20"/>
						<String ID="P119_ST00188" HPOS="580" VPOS="1051" WIDTH="96" HEIGHT="26" CONTENT="within" WC="0.82" CC="060012"/>
						<SP ID="P119_SP00162" HPOS="676" VPOS="1083" WIDTH="15"/>
						<String ID="P119_ST00189" HPOS="691" VPOS="1061" WIDTH="16" HEIGHT="16" CONTENT="a" WC="1.00" CC="0"/>
						<SP ID="P119_SP00163" HPOS="707" VPOS="1083" WIDTH="13"/>
						<String ID="P119_ST00190" HPOS="720" VPOS="1050" WIDTH="75" HEIGHT="28" CONTENT="short" WC="0.85" CC="05020"/>
						<SP ID="P119_SP00164" HPOS="795" VPOS="1083" WIDTH="19"/>
						<String ID="P119_ST00191" HPOS="814" VPOS="1052" WIDTH="54" HEIGHT="25" CONTENT="dis" SUBS_TYPE="HypPart1" SUBS_CONTENT="distance" WC="0.48" CC="8451"/>
						<HYP CONTENT="-"/>
					</TextLine>
					<TextLine ID="P119_TL00024" HPOS="60" VPOS="1099" WIDTH="526" HEIGHT="35">
						<String ID="P119_ST00192" HPOS="60" VPOS="1105" WIDTH="79" HEIGHT="22" CONTENT="tance" SUBS_TYPE="HypPart2" SUBS_CONTENT="distance" WC="0.85" CC="30400"/>
						<SP ID="P119_SP00165" HPOS="139" VPOS="1127" WIDTH="14"/>
						<String ID="P119_ST00193" HPOS="153" VPOS="1100" WIDTH="30" HEIGHT="27" CONTENT="of" WC="0.84" CC="03"/>
						<SP ID="P119_SP00166" HPOS="183" VPOS="1127" WIDTH="11"/>
						<String ID="P119_ST00194" HPOS="194" VPOS="1100" WIDTH="69" HEIGHT="27" CONTENT="their" WC="0.87" CC="00014"/>
						<SP ID="P119_SP00167" HPOS="263" VPOS="1127" WIDTH="13"/>
						<String ID="P119_ST00195" HPOS="276" VPOS="1099" WIDTH="170" HEIGHT="35" CONTENT="mouldering" WC="0.94" CC="0000000050"/>
						<SP ID="P119_SP00168" HPOS="446" VPOS="1134" WIDTH="13"/>
						<String ID="P119_ST00196" HPOS="459" VPOS="1099" WIDTH="127" HEIGHT="26" CONTENT="remains." WC="0.74" CC="00500734"/>
					</TextLine>
				</TextBlock>
				<TextBlock ID="P119_TB00005" HPOS="55" VPOS="1144" WIDTH="817" HEIGHT="316" STYLEREFS="TXT_1 PAR_LEFT">
					<TextLine ID="P119_TL00025" HPOS="97" VPOS="1144" WIDTH="771" HEIGHT="37">
						<String ID="P119_ST00197" HPOS="97" VPOS="1147" WIDTH="113" HEIGHT="26" CONTENT="Besides" WC="0.93" CC="5000000"/>
						<SP ID="P119_SP00169" HPOS="210" VPOS="1173" WIDTH="14"/>
						<String ID="P119_ST00198" HPOS="224" VPOS="1147" WIDTH="46" HEIGHT="25" CONTENT="the" WC="0.51" CC="770"/>
						<SP ID="P119_SP00170" HPOS="270" VPOS="1173" WIDTH="14"/>
						<String ID="P119_ST00199" HPOS="284" VPOS="1146" WIDTH="114" HEIGHT="26" CONTENT="number" WC="0.91" CC="400001"/>
						<SP ID="P119_SP00171" HPOS="398" VPOS="1173" WIDTH="19"/>
						<String ID="P119_ST00200" HPOS="417" VPOS="1146" WIDTH="31" HEIGHT="26" CONTENT="of" WC="0.65" CC="70"/>
						<SP ID="P119_SP00172" HPOS="448" VPOS="1173" WIDTH="17"/>
						<String ID="P119_ST00201" HPOS="465" VPOS="1150" WIDTH="137" HEIGHT="31" CONTENT="strangers" WC="0.57" CC="607050747"/>
						<SP ID="P119_SP00173" HPOS="602" VPOS="1181" WIDTH="14"/>
						<String ID="P119_ST00202" HPOS="616" VPOS="1145" WIDTH="60" HEIGHT="26" CONTENT="who" WC="0.79" CC="005"/>
						<SP ID="P119_SP00174" HPOS="676" VPOS="1181" WIDTH="19"/>
						<String ID="P119_ST00203" HPOS="695" VPOS="1144" WIDTH="68" HEIGHT="27" CONTENT="have" WC="0.96" CC="1000"/>
						<SP ID="P119_SP00175" HPOS="763" VPOS="1181" WIDTH="21"/>
						<String ID="P119_ST00204" HPOS="784" VPOS="1145" WIDTH="84" HEIGHT="26" CONTENT="found" WC="0.66" CC="02049"/>
					</TextLine>
					<TextLine ID="P119_TL00026" HPOS="59" VPOS="1192" WIDTH="810" HEIGHT="36">
						<String ID="P119_ST00205" HPOS="59" VPOS="1193" WIDTH="70" HEIGHT="28" CONTENT="their" WC="0.68" CC="67001"/>
						<SP ID="P119_SP00176" HPOS="129" VPOS="1221" WIDTH="14"/>
						<String ID="P119_ST00206" HPOS="143" VPOS="1202" WIDTH="79" HEIGHT="26" CONTENT="grave" WC="0.80" CC="90000"/>
						<SP ID="P119_SP00177" HPOS="222" VPOS="1228" WIDTH="14"/>
						<String ID="P119_ST00207" HPOS="236" VPOS="1193" WIDTH="28" HEIGHT="26" CONTENT="in" WC="0.54" CC="26"/>
						<SP ID="P119_SP00178" HPOS="264" VPOS="1228" WIDTH="23"/>
						<String ID="P119_ST00208" HPOS="287" VPOS="1192" WIDTH="54" HEIGHT="27" CONTENT="this" WC="0.61" CC="2740"/>
						<SP ID="P119_SP00179" HPOS="341" VPOS="1228" WIDTH="23"/>
						<String ID="P119_ST00209" HPOS="364" VPOS="1192" WIDTH="117" HEIGHT="26" CONTENT="heathen" WC="0.77" CC="6004004"/>
						<SP ID="P119_SP00180" HPOS="481" VPOS="1228" WIDTH="21"/>
						<String ID="P119_ST00210" HPOS="502" VPOS="1192" WIDTH="73" HEIGHT="32" CONTENT="land," WC="0.90" CC="00400"/>
						<SP ID="P119_SP00181" HPOS="575" VPOS="1228" WIDTH="22"/>
						<String ID="P119_ST00211" HPOS="597" VPOS="1201" WIDTH="80" HEIGHT="26" CONTENT="many" WC="0.51" CC="9018"/>
						<SP ID="P119_SP00182" HPOS="677" VPOS="1228" WIDTH="19"/>
						<String ID="P119_ST00212" HPOS="696" VPOS="1192" WIDTH="30" HEIGHT="26" CONTENT="of" WC="1.00" CC="00"/>
						<SP ID="P119_SP00183" HPOS="726" VPOS="1228" WIDTH="15"/>
						<String ID="P119_ST00213" HPOS="741" VPOS="1192" WIDTH="45" HEIGHT="25" CONTENT="the" WC="1.00" CC="000"/>
						<SP ID="P119_SP00184" HPOS="786" VPOS="1228" WIDTH="21"/>
						<String ID="P119_ST00214" HPOS="807" VPOS="1192" WIDTH="62" HEIGHT="25" CONTENT="hills" WC="0.84" CC="10006"/>
					</TextLine>
					<TextLine ID="P119_TL00027" HPOS="58" VPOS="1238" WIDTH="812" HEIGHT="38">
						<String ID="P119_ST00215" HPOS="58" VPOS="1250" WIDTH="43" HEIGHT="17" CONTENT="are" WC="0.54" CC="570"/>
						<SP ID="P119_SP00185" HPOS="101" VPOS="1267" WIDTH="15"/>
						<String ID="P119_ST00216" HPOS="116" VPOS="1240" WIDTH="169" HEIGHT="36" CONTENT="repositories" WC="0.86" CC="060000009000"/>
						<SP ID="P119_SP00186" HPOS="285" VPOS="1276" WIDTH="14"/>
						<String ID="P119_ST00217" HPOS="299" VPOS="1239" WIDTH="31" HEIGHT="27" CONTENT="of" WC="0.70" CC="50"/>
						<SP ID="P119_SP00187" HPOS="330" VPOS="1276" WIDTH="17"/>
						<String ID="P119_ST00218" HPOS="347" VPOS="1239" WIDTH="130" HEIGHT="26" CONTENT="deceased" WC="0.95" CC="00000400"/>
						<SP ID="P119_SP00188" HPOS="477" VPOS="1276" WIDTH="15"/>
						<String ID="P119_ST00219" HPOS="492" VPOS="1238" WIDTH="114" HEIGHT="27" CONTENT="natives." WC="0.78" CC="61020060"/>
						<SP ID="P119_SP00189" HPOS="606" VPOS="1276" WIDTH="39"/>
						<String ID="P119_ST00220" HPOS="645" VPOS="1238" WIDTH="57" HEIGHT="26" CONTENT="The" WC="0.86" CC="004"/>
						<SP ID="P119_SP00190" HPOS="702" VPOS="1276" WIDTH="13"/>
						<String ID="P119_ST00221" HPOS="715" VPOS="1238" WIDTH="155" HEIGHT="35" CONTENT="sepulchres" WC="0.69" CC="5004007083"/>
					</TextLine>
					<TextLine ID="P119_TL00028" HPOS="58" VPOS="1285" WIDTH="814" HEIGHT="37">
						<String ID="P119_ST00222" HPOS="58" VPOS="1288" WIDTH="31" HEIGHT="27" CONTENT="of" WC="0.36" CC="56"/>
						<SP ID="P119_SP00191" HPOS="89" VPOS="1315" WIDTH="19"/>
						<String ID="P119_ST00223" HPOS="108" VPOS="1287" WIDTH="47" HEIGHT="28" CONTENT="the" WC="0.98" CC="000"/>
						<SP ID="P119_SP00192" HPOS="155" VPOS="1315" WIDTH="22"/>
						<String ID="P119_ST00224" HPOS="177" VPOS="1287" WIDTH="57" HEIGHT="27" CONTENT="rich" WC="0.77" CC="0107"/>
						<SP ID="P119_SP00193" HPOS="234" VPOS="1315" WIDTH="25"/>
						<String ID="P119_ST00225" HPOS="259" VPOS="1287" WIDTH="52" HEIGHT="26" CONTENT="and" WC="0.85" CC="040"/>
						<SP ID="P119_SP00194" HPOS="311" VPOS="1315" WIDTH="24"/>
						<String ID="P119_ST00226" HPOS="335" VPOS="1291" WIDTH="77" HEIGHT="31" CONTENT="great" WC="0.52" CC="99004"/>
						<SP ID="P119_SP00195" HPOS="412" VPOS="1322" WIDTH="21"/>
						<String ID="P119_ST00227" HPOS="433" VPOS="1295" WIDTH="43" HEIGHT="17" CONTENT="are" WC="0.84" CC="040"/>
						<SP ID="P119_SP00196" HPOS="476" VPOS="1322" WIDTH="20"/>
						<String ID="P119_ST00228" HPOS="496" VPOS="1285" WIDTH="136" HEIGHT="35" CONTENT="generally" WC="0.88" CC="004020300"/>
						<SP ID="P119_SP00197" HPOS="632" VPOS="1322" WIDTH="18"/>
						<String ID="P119_ST00229" HPOS="650" VPOS="1285" WIDTH="173" HEIGHT="26" CONTENT="constructed" WC="0.80" CC="00500340025"/>
						<SP ID="P119_SP00198" HPOS="823" VPOS="1322" WIDTH="20"/>
						<String ID="P119_ST00230" HPOS="843" VPOS="1286" WIDTH="29" HEIGHT="25" CONTENT="of" WC="0.20" CC="78"/>
					</TextLine>
					<TextLine ID="P119_TL00029" HPOS="58" VPOS="1331" WIDTH="810" HEIGHT="36">
						<String ID="P119_ST00231" HPOS="58" VPOS="1335" WIDTH="78" HEIGHT="27" CONTENT="hewn" WC="0.58" CC="6090"/>
						<SP ID="P119_SP00199" HPOS="136" VPOS="1362" WIDTH="15"/>
						<String ID="P119_ST00232" HPOS="151" VPOS="1338" WIDTH="87" HEIGHT="29" CONTENT="stone," WC="0.77" CC="620102"/>
						<SP ID="P119_SP00200" HPOS="238" VPOS="1367" WIDTH="26"/>
						<String ID="P119_ST00233" HPOS="264" VPOS="1334" WIDTH="25" HEIGHT="26" CONTENT="in" WC="0.70" CC="05"/>
						<SP ID="P119_SP00201" HPOS="289" VPOS="1367" WIDTH="23"/>
						<String ID="P119_ST00234" HPOS="312" VPOS="1343" WIDTH="15" HEIGHT="16" CONTENT="a" WC="0.05" CC="9"/>
						<SP ID="P119_SP00202" HPOS="327" VPOS="1367" WIDTH="23"/>
						<String ID="P119_ST00235" HPOS="350" VPOS="1331" WIDTH="196" HEIGHT="29" CONTENT="semi-circular" WC="0.69" CC="5200004900682"/>
						<SP ID="P119_SP00203" HPOS="546" VPOS="1367" WIDTH="22"/>
						<String ID="P119_ST00236" HPOS="568" VPOS="1341" WIDTH="29" HEIGHT="17" CONTENT="or" WC="0.83" CC="03"/>
						<SP ID="P119_SP00204" HPOS="597" VPOS="1367" WIDTH="18"/>
						<String ID="P119_ST00237" HPOS="615" VPOS="1331" WIDTH="156" HEIGHT="27" CONTENT="horse-shoe" WC="0.89" CC="1400010300"/>
						<SP ID="P119_SP00205" HPOS="771" VPOS="1367" WIDTH="21"/>
						<String ID="P119_ST00238" HPOS="792" VPOS="1331" WIDTH="76" HEIGHT="31" CONTENT="form," WC="0.98" CC="00000"/>
					</TextLine>
					<TextLine ID="P119_TL00030" HPOS="57" VPOS="1378" WIDTH="811" HEIGHT="40">
						<String ID="P119_ST00239" HPOS="57" VPOS="1381" WIDTH="214" HEIGHT="37" CONTENT="corresponding" WC="0.87" CC="0020027000300"/>
						<SP ID="P119_SP00206" HPOS="271" VPOS="1418" WIDTH="17"/>
						<String ID="P119_ST00240" HPOS="288" VPOS="1380" WIDTH="27" HEIGHT="28" CONTENT="in" WC="0.94" CC="01"/>
						<SP ID="P119_SP00207" HPOS="315" VPOS="1418" WIDTH="18"/>
						<String ID="P119_ST00241" HPOS="333" VPOS="1387" WIDTH="168" HEIGHT="29" CONTENT="appearance" WC="0.91" CC="5000030000"/>
						<SP ID="P119_SP00208" HPOS="501" VPOS="1418" WIDTH="30"/>
						<String ID="P119_ST00242" HPOS="531" VPOS="1383" WIDTH="27" HEIGHT="22" CONTENT="to" WC="1.00" CC="00"/>
						<SP ID="P119_SP00209" HPOS="558" VPOS="1418" WIDTH="23"/>
						<String ID="P119_ST00243" HPOS="581" VPOS="1378" WIDTH="47" HEIGHT="26" CONTENT="the" WC="0.81" CC="050"/>
						<SP ID="P119_SP00210" HPOS="628" VPOS="1418" WIDTH="21"/>
						<String ID="P119_ST00244" HPOS="649" VPOS="1378" WIDTH="125" HEIGHT="36" CONTENT="previous" WC="0.82" CC="00001075"/>
						<SP ID="P119_SP00211" HPOS="774" VPOS="1418" WIDTH="28"/>
						<String ID="P119_ST00245" HPOS="802" VPOS="1379" WIDTH="66" HEIGHT="25" CONTENT="rank" WC="0.40" CC="7465"/>
					</TextLine>
					<TextLine ID="P119_TL00031" HPOS="57" VPOS="1425" WIDTH="815" HEIGHT="35">
						<String ID="P119_ST00246" HPOS="57" VPOS="1438" WIDTH="30" HEIGHT="18" CONTENT="or" WC="0.36" CC="57"/>
						<SP ID="P119_SP00212" HPOS="87" VPOS="1456" WIDTH="30"/>
						<String ID="P119_ST00247" HPOS="117" VPOS="1429" WIDTH="212" HEIGHT="27" CONTENT="circumstances" WC="0.82" CC="0000536024000"/>
						<SP ID="P119_SP00213" HPOS="329" VPOS="1456" WIDTH="28"/>
						<String ID="P119_ST00248" HPOS="357" VPOS="1427" WIDTH="31" HEIGHT="27" CONTENT="of" WC="1.00" CC="00"/>
						<SP ID="P119_SP00214" HPOS="388" VPOS="1456" WIDTH="27"/>
						<String ID="P119_ST00249" HPOS="415" VPOS="1426" WIDTH="45" HEIGHT="27" CONTENT="the" WC="0.79" CC="320"/>
						<SP ID="P119_SP00215" HPOS="460" VPOS="1456" WIDTH="23"/>
						<String ID="P119_ST00250" HPOS="483" VPOS="1425" WIDTH="80" HEIGHT="35" CONTENT="lowly" WC="0.62" CC="40940"/>
						<SP ID="P119_SP00216" HPOS="563" VPOS="1460" WIDTH="22"/>
						<String ID="P119_ST00251" HPOS="585" VPOS="1430" WIDTH="104" HEIGHT="23" CONTENT="tenant." WC="0.72" CC="5060700"/>
						<SP ID="P119_SP00217" HPOS="689" VPOS="1460" WIDTH="49"/>
						<String ID="P119_ST00252" HPOS="738" VPOS="1425" WIDTH="80" HEIGHT="27" CONTENT="Some" WC="0.64" CC="0490"/>
						<SP ID="P119_SP00218" HPOS="818" VPOS="1460" WIDTH="24"/>
						<String ID="P119_ST00253" HPOS="842" VPOS="1425" WIDTH="30" HEIGHT="26" CONTENT="of" WC="0.65" CC="70"/>
					</TextLine>
				</TextBlock>
				<TextBlock ID="P119_TB00006" HPOS="423" VPOS="1478" WIDTH="45" HEIGHT="20" STYLEREFS="TXT_0 PAR_CENTER">
					<TextLine ID="P119_TL00032" HPOS="423" VPOS="1479" WIDTH="45" HEIGHT="19">
						<String ID="P119_ST00254" HPOS="423" VPOS="1481" WIDTH="16" HEIGHT="17" CONTENT="e" WC="1.00" CC="0"/>
						<SP ID="P119_SP00219" HPOS="439" VPOS="1498" WIDTH="14"/>
						<String ID="P119_ST00255" HPOS="453" VPOS="1479" WIDTH="15" HEIGHT="19" CONTENT="5" WC="0.31" CC="6"/>
					</TextLine>
				</TextBlock>
			</PrintSpace>
		</Page>
	</Layout>
</alto>
