<?xml version="1.0" encoding="UTF-8"?>
<alto xmlns:xsi="http://www.w3.org/2001/XMLSchema-instance" xsi:noNamespaceSchemaLocation="http://www.bl.uk/schemas/alto/alto-1-4.xsd" xmlns:xlink="http://www.w3.org/1999/xlink">
	<Description>
		<MeasurementUnit>mm10</MeasurementUnit>
		<sourceImageInformation>
			<fileName>//head1/IN/2008-15/A0011390163/004857.jp2</fileName>
		</sourceImageInformation>
		<OCRProcessing ID="OCRPROCESSING_1">
			<preProcessingStep>
				<processingSoftware>
					<softwareCreator>CCS Content Conversion Specialists GmbH, Germany</softwareCreator>
					<softwareName>CCS docWORKS</softwareName>
					<softwareVersion>6.1-0.67</softwareVersion>
				</processingSoftware>
			</preProcessingStep>
			<ocrProcessingStep>
				<processingSoftware>
					<softwareCreator>ABBYY (BIT Software), Russia</softwareCreator>
					<softwareName>Finereader</softwareName>
				</processingSoftware>
			</ocrProcessingStep>
		</OCRProcessing>
	</Description>
	<Styles>
		<TextStyle ID="TXT_0" FONTSIZE="10" FONTFAMILY="Courier New"/>
		<TextStyle ID="TXT_1" FONTSIZE="9" FONTFAMILY="Courier New"/>
		<ParagraphStyle ID="PAR_RIGHT" ALIGN="Right"/>
		<ParagraphStyle ID="PAR_LEFT" ALIGN="Left"/>
	</Styles>
	<Layout>
		<Page ID="P97" PHYSICAL_IMG_NR="97" HEIGHT="1595" WIDTH="960" PRINTED_IMG_NR="59" POSITION="Right" ACCURACY="80.01">
			<TopMargin ID="P97_TM00001" HPOS="0" VPOS="0" WIDTH="960" HEIGHT="88">
				<TextBlock ID="P97_TB00001" HPOS="815" VPOS="60" WIDTH="36" HEIGHT="27" STYLEREFS="TXT_0 PAR_RIGHT">
					<TextLine ID="P97_TL00001" HPOS="849" VPOS="71" WIDTH="2" HEIGHT="16">
						<String ID="P97_ST00001" HPOS="849" VPOS="71" WIDTH="2" HEIGHT="16" CONTENT="59" WC="1.00" CC="00"/>
					</TextLine>
				</TextBlock>
				<TextBlock ID="P97_TB00002" HPOS="394" VPOS="71" WIDTH="97" HEIGHT="17" STYLEREFS="TXT_0 PAR_LEFT">
					<TextLine ID="P97_TL00002" HPOS="396" VPOS="71" WIDTH="95" HEIGHT="17">
						<String ID="P97_ST00002" HPOS="396" VPOS="71" WIDTH="95" HEIGHT="17" CONTENT="CHINA" WC="0.37" CC="60589"/>
					</TextLine>
				</TextBlock>
			</TopMargin>
			<LeftMargin ID="P97_LM00001" HPOS="0" VPOS="88" WIDTH="37" HEIGHT="1388"/>
			<RightMargin ID="P97_RM00001" HPOS="852" VPOS="88" WIDTH="108" HEIGHT="1388"/>
			<BottomMargin ID="P97_BM00001" HPOS="0" VPOS="1476" WIDTH="960" HEIGHT="119"/>
			<PrintSpace ID="P97_PS00001" HPOS="37" VPOS="88" WIDTH="816" HEIGHT="1388">
				<TextBlock ID="P97_TB00003" HPOS="42" VPOS="131" WIDTH="810" HEIGHT="222" STYLEREFS="TXT_1 PAR_LEFT">
					<TextLine ID="P97_TL00003" HPOS="43" VPOS="131" WIDTH="809" HEIGHT="38">
						<String ID="P97_ST00003" HPOS="43" VPOS="131" WIDTH="113" HEIGHT="36" CONTENT="lodging" WC="0.61" CC="5009217"/>
						<SP ID="P97_SP00001" HPOS="156" VPOS="167" WIDTH="24"/>
						<String ID="P97_ST00004" HPOS="180" VPOS="140" WIDTH="35" HEIGHT="18" CONTENT="on" WC="1.00" CC="00"/>
						<SP ID="P97_SP00002" HPOS="215" VPOS="167" WIDTH="23"/>
						<String ID="P97_ST00005" HPOS="238" VPOS="131" WIDTH="136" HEIGHT="28" CONTENT="whatever" WC="0.77" CC="00320703"/>
						<SP ID="P97_SP00003" HPOS="374" VPOS="167" WIDTH="25"/>
						<String ID="P97_ST00006" HPOS="399" VPOS="133" WIDTH="71" HEIGHT="36" CONTENT="heap" WC="0.88" CC="0004"/>
						<SP ID="P97_SP00004" HPOS="470" VPOS="169" WIDTH="32"/>
						<String ID="P97_ST00007" HPOS="502" VPOS="133" WIDTH="31" HEIGHT="27" CONTENT="of" WC="0.71" CC="14"/>
						<SP ID="P97_SP00005" HPOS="533" VPOS="169" WIDTH="28"/>
						<String ID="P97_ST00008" HPOS="561" VPOS="133" WIDTH="116" HEIGHT="26" CONTENT="rubbish" WC="0.81" CC="0404004"/>
						<SP ID="P97_SP00006" HPOS="677" VPOS="169" WIDTH="24"/>
						<String ID="P97_ST00009" HPOS="701" VPOS="132" WIDTH="64" HEIGHT="34" CONTENT="they" WC="0.79" CC="5300"/>
						<SP ID="P97_SP00007" HPOS="765" VPOS="169" WIDTH="25"/>
						<String ID="P97_ST00010" HPOS="790" VPOS="140" WIDTH="62" HEIGHT="26" CONTENT="may" WC="0.84" CC="400"/>
					</TextLine>
					<TextLine ID="P97_TL00004" HPOS="43" VPOS="178" WIDTH="809" HEIGHT="37">
						<String ID="P97_ST00011" HPOS="43" VPOS="178" WIDTH="117" HEIGHT="26" CONTENT="stumble" WC="0.89" CC="6000010"/>
						<SP ID="P97_SP00008" HPOS="160" VPOS="204" WIDTH="14"/>
						<String ID="P97_ST00012" HPOS="174" VPOS="188" WIDTH="73" HEIGHT="27" CONTENT="upon" WC="0.72" CC="4006"/>
						<SP ID="P97_SP00009" HPOS="247" VPOS="215" WIDTH="14"/>
						<String ID="P97_ST00013" HPOS="261" VPOS="178" WIDTH="80" HEIGHT="27" CONTENT="when" WC="0.43" CC="9606"/>
						<SP ID="P97_SP00010" HPOS="341" VPOS="215" WIDTH="14"/>
						<String ID="P97_ST00014" HPOS="355" VPOS="179" WIDTH="100" HEIGHT="36" CONTENT="sleepy." WC="0.83" CC="2000900"/>
						<SP ID="P97_SP00011" HPOS="455" VPOS="215" WIDTH="42"/>
						<String ID="P97_ST00015" HPOS="497" VPOS="179" WIDTH="79" HEIGHT="27" CONTENT="Some" WC="0.77" CC="0090"/>
						<SP ID="P97_SP00012" HPOS="576" VPOS="215" WIDTH="14"/>
						<String ID="P97_ST00016" HPOS="590" VPOS="180" WIDTH="30" HEIGHT="26" CONTENT="of" WC="0.96" CC="00"/>
						<SP ID="P97_SP00013" HPOS="620" VPOS="215" WIDTH="16"/>
						<String ID="P97_ST00017" HPOS="636" VPOS="180" WIDTH="72" HEIGHT="26" CONTENT="them" WC="0.83" CC="0600"/>
						<SP ID="P97_SP00014" HPOS="708" VPOS="215" WIDTH="21"/>
						<String ID="P97_ST00018" HPOS="729" VPOS="188" WIDTH="43" HEIGHT="17" CONTENT="are" WC="0.75" CC="070"/>
						<SP ID="P97_SP00015" HPOS="772" VPOS="215" WIDTH="21"/>
						<String ID="P97_ST00019" HPOS="793" VPOS="182" WIDTH="59" HEIGHT="22" CONTENT="out" SUBS_TYPE="HypPart1" SUBS_CONTENT="outcast" WC="0.90" CC="0003"/>
						<HYP CONTENT="-"/>
					</TextLine>
					<TextLine ID="P97_TL00005" HPOS="43" VPOS="224" WIDTH="809" HEIGHT="38">
						<String ID="P97_ST00020" HPOS="43" VPOS="229" WIDTH="60" HEIGHT="22" CONTENT="cast" SUBS_TYPE="HypPart2" SUBS_CONTENT="outcast" WC="0.90" CC="0040"/>
						<SP ID="P97_SP00016" HPOS="103" VPOS="251" WIDTH="13"/>
						<String ID="P97_ST00021" HPOS="116" VPOS="225" WIDTH="96" HEIGHT="35" CONTENT="lepers," WC="0.86" CC="3000104"/>
						<SP ID="P97_SP00017" HPOS="212" VPOS="260" WIDTH="12"/>
						<String ID="P97_ST00022" HPOS="224" VPOS="226" WIDTH="62" HEIGHT="26" CONTENT="who" WC="0.52" CC="940"/>
						<SP ID="P97_SP00018" HPOS="286" VPOS="260" WIDTH="13"/>
						<String ID="P97_ST00023" HPOS="299" VPOS="235" WIDTH="44" HEIGHT="18" CONTENT="are" WC="0.94" CC="010"/>
						<SP ID="P97_SP00019" HPOS="343" VPOS="260" WIDTH="14"/>
						<String ID="P97_ST00024" HPOS="357" VPOS="226" WIDTH="108" HEIGHT="36" CONTENT="obliged" WC="0.93" CC="0040000"/>
						<SP ID="P97_SP00020" HPOS="465" VPOS="262" WIDTH="14"/>
						<String ID="P97_ST00025" HPOS="479" VPOS="226" WIDTH="35" HEIGHT="36" CONTENT="by" WC="1.00" CC="00"/>
						<SP ID="P97_SP00021" HPOS="514" VPOS="262" WIDTH="10"/>
						<String ID="P97_ST00026" HPOS="524" VPOS="226" WIDTH="50" HEIGHT="27" CONTENT="law" WC="0.79" CC="600"/>
						<SP ID="P97_SP00022" HPOS="574" VPOS="262" WIDTH="10"/>
						<String ID="P97_ST00027" HPOS="584" VPOS="231" WIDTH="27" HEIGHT="22" CONTENT="to" WC="0.93" CC="01"/>
						<SP ID="P97_SP00023" HPOS="611" VPOS="262" WIDTH="14"/>
						<String ID="P97_ST00028" HPOS="625" VPOS="235" WIDTH="70" HEIGHT="18" CONTENT="wear" WC="1.00" CC="0000"/>
						<SP ID="P97_SP00024" HPOS="695" VPOS="262" WIDTH="12"/>
						<String ID="P97_ST00029" HPOS="707" VPOS="235" WIDTH="16" HEIGHT="17" CONTENT="a" WC="0.95" CC="0"/>
						<SP ID="P97_SP00025" HPOS="723" VPOS="262" WIDTH="13"/>
						<String ID="P97_ST00030" HPOS="736" VPOS="224" WIDTH="116" HEIGHT="37" CONTENT="peculiar" WC="0.69" CC="70006009"/>
					</TextLine>
					<TextLine ID="P97_TL00006" HPOS="44" VPOS="271" WIDTH="808" HEIGHT="38">
						<String ID="P97_ST00031" HPOS="44" VPOS="271" WIDTH="58" HEIGHT="33" CONTENT="hat," WC="0.55" CC="5551"/>
						<SP ID="P97_SP00026" HPOS="102" VPOS="304" WIDTH="13"/>
						<String ID="P97_ST00032" HPOS="115" VPOS="272" WIDTH="52" HEIGHT="26" CONTENT="and" WC="0.82" CC="050"/>
						<SP ID="P97_SP00027" HPOS="167" VPOS="304" WIDTH="16"/>
						<String ID="P97_ST00033" HPOS="183" VPOS="276" WIDTH="57" HEIGHT="22" CONTENT="mat" WC="0.67" CC="090"/>
						<SP ID="P97_SP00028" HPOS="240" VPOS="304" WIDTH="13"/>
						<String ID="P97_ST00034" HPOS="253" VPOS="273" WIDTH="105" HEIGHT="26" CONTENT="around" WC="0.66" CC="760140"/>
						<SP ID="P97_SP00029" HPOS="358" VPOS="304" WIDTH="9"/>
						<String ID="P97_ST00035" HPOS="367" VPOS="273" WIDTH="47" HEIGHT="26" CONTENT="the" WC="0.92" CC="020"/>
						<SP ID="P97_SP00030" HPOS="414" VPOS="304" WIDTH="13"/>
						<String ID="P97_ST00036" HPOS="427" VPOS="273" WIDTH="149" HEIGHT="32" CONTENT="shoulders," WC="0.84" CC="0020600070"/>
						<SP ID="P97_SP00031" HPOS="576" VPOS="305" WIDTH="13"/>
						<String ID="P97_ST00037" HPOS="589" VPOS="277" WIDTH="27" HEIGHT="22" CONTENT="to" WC="1.00" CC="00"/>
						<SP ID="P97_SP00032" HPOS="616" VPOS="305" WIDTH="10"/>
						<String ID="P97_ST00038" HPOS="626" VPOS="272" WIDTH="142" HEIGHT="37" CONTENT="designate" WC="0.78" CC="004095000"/>
						<SP ID="P97_SP00033" HPOS="768" VPOS="309" WIDTH="11"/>
						<String ID="P97_ST00039" HPOS="779" VPOS="271" WIDTH="73" HEIGHT="27" CONTENT="them" WC="0.80" CC="0403"/>
					</TextLine>
					<TextLine ID="P97_TL00007" HPOS="45" VPOS="318" WIDTH="730" HEIGHT="35">
						<String ID="P97_ST00040" HPOS="45" VPOS="326" WIDTH="30" HEIGHT="18" CONTENT="as" WC="0.92" CC="01"/>
						<SP ID="P97_SP00034" HPOS="75" VPOS="344" WIDTH="14"/>
						<String ID="P97_ST00041" HPOS="89" VPOS="318" WIDTH="104" HEIGHT="35" CONTENT="objects" WC="0.93" CC="0000040"/>
						<SP ID="P97_SP00035" HPOS="193" VPOS="353" WIDTH="14"/>
						<String ID="P97_ST00042" HPOS="207" VPOS="320" WIDTH="32" HEIGHT="26" CONTENT="of" WC="1.00" CC="00"/>
						<SP ID="P97_SP00036" HPOS="239" VPOS="353" WIDTH="15"/>
						<String ID="P97_ST00043" HPOS="254" VPOS="319" WIDTH="140" HEIGHT="28" CONTENT="infection." WC="0.86" CC="1400051100"/>
						<SP ID="P97_SP00037" HPOS="394" VPOS="353" WIDTH="23"/>
						<String ID="P97_ST00044" HPOS="417" VPOS="320" WIDTH="64" HEIGHT="33" CONTENT="(See" WC="0.91" CC="0300"/>
						<SP ID="P97_SP00038" HPOS="481" VPOS="353" WIDTH="15"/>
						<String ID="P97_ST00045" HPOS="496" VPOS="320" WIDTH="137" HEIGHT="27" CONTENT="Leviticus" WC="0.79" CC="200306031"/>
						<SP ID="P97_SP00039" HPOS="633" VPOS="353" WIDTH="13"/>
						<String ID="P97_ST00046" HPOS="646" VPOS="320" WIDTH="56" HEIGHT="26" CONTENT="xiii." WC="0.73" CC="80500"/>
						<SP ID="P97_SP00040" HPOS="702" VPOS="353" WIDTH="16"/>
						<String ID="P97_ST00047" HPOS="718" VPOS="319" WIDTH="57" HEIGHT="31" CONTENT="45.)" WC="0.88" CC="0300"/>
					</TextLine>
				</TextBlock>
				<TextBlock ID="P97_TB00004" HPOS="38" VPOS="364" WIDTH="815" HEIGHT="971" STYLEREFS="TXT_1 PAR_LEFT">
					<TextLine ID="P97_TL00008" HPOS="83" VPOS="365" WIDTH="770" HEIGHT="38">
						<String ID="P97_ST00048" HPOS="83" VPOS="365" WIDTH="177" HEIGHT="27" CONTENT="Surrounded" WC="0.78" CC="3003356000"/>
						<SP ID="P97_SP00041" HPOS="260" VPOS="392" WIDTH="22"/>
						<String ID="P97_ST00049" HPOS="282" VPOS="367" WIDTH="37" HEIGHT="35" CONTENT="by" WC="0.64" CC="15"/>
						<SP ID="P97_SP00042" HPOS="319" VPOS="402" WIDTH="22"/>
						<String ID="P97_ST00050" HPOS="341" VPOS="366" WIDTH="46" HEIGHT="27" CONTENT="the" WC="1.00" CC="000"/>
						<SP ID="P97_SP00043" HPOS="387" VPOS="402" WIDTH="21"/>
						<String ID="P97_ST00051" HPOS="408" VPOS="367" WIDTH="64" HEIGHT="36" CONTENT="city," WC="0.80" CC="01080"/>
						<SP ID="P97_SP00044" HPOS="472" VPOS="403" WIDTH="28"/>
						<String ID="P97_ST00052" HPOS="500" VPOS="376" WIDTH="29" HEIGHT="17" CONTENT="or" WC="0.77" CC="04"/>
						<SP ID="P97_SP00045" HPOS="529" VPOS="403" WIDTH="20"/>
						<String ID="P97_ST00053" HPOS="549" VPOS="367" WIDTH="47" HEIGHT="26" CONTENT="the" WC="0.83" CC="050"/>
						<SP ID="P97_SP00046" HPOS="596" VPOS="403" WIDTH="21"/>
						<String ID="P97_ST00054" HPOS="617" VPOS="365" WIDTH="132" HEIGHT="27" CONTENT="unwalled" WC="0.87" CC="06030000"/>
						<SP ID="P97_SP00047" HPOS="749" VPOS="403" WIDTH="23"/>
						<String ID="P97_ST00055" HPOS="772" VPOS="370" WIDTH="81" HEIGHT="25" CONTENT="town," WC="0.64" CC="01464"/>
					</TextLine>
					<TextLine ID="P97_TL00009" HPOS="47" VPOS="411" WIDTH="806" HEIGHT="35">
						<String ID="P97_ST00056" HPOS="47" VPOS="411" WIDTH="90" HEIGHT="27" CONTENT="which" WC="0.61" CC="37404"/>
						<SP ID="P97_SP00048" HPOS="137" VPOS="438" WIDTH="18"/>
						<String ID="P97_ST00057" HPOS="155" VPOS="412" WIDTH="49" HEIGHT="27" CONTENT="has" WC="0.81" CC="500"/>
						<SP ID="P97_SP00049" HPOS="204" VPOS="439" WIDTH="23"/>
						<String ID="P97_ST00058" HPOS="227" VPOS="414" WIDTH="68" HEIGHT="26" CONTENT="been" WC="0.89" CC="0004"/>
						<SP ID="P97_SP00050" HPOS="295" VPOS="440" WIDTH="21"/>
						<String ID="P97_ST00059" HPOS="316" VPOS="413" WIDTH="151" HEIGHT="33" CONTENT="described," WC="0.84" CC="0030250004"/>
						<SP ID="P97_SP00051" HPOS="467" VPOS="446" WIDTH="19"/>
						<String ID="P97_ST00060" HPOS="486" VPOS="414" WIDTH="55" HEIGHT="26" CONTENT="and" WC="0.83" CC="050"/>
						<SP ID="P97_SP00052" HPOS="541" VPOS="446" WIDTH="23"/>
						<String ID="P97_ST00061" HPOS="564" VPOS="414" WIDTH="27" HEIGHT="25" CONTENT="in" WC="0.72" CC="05"/>
						<SP ID="P97_SP00053" HPOS="591" VPOS="446" WIDTH="19"/>
						<String ID="P97_ST00062" HPOS="610" VPOS="423" WIDTH="14" HEIGHT="16" CONTENT="a" WC="0.21" CC="7"/>
						<SP ID="P97_SP00054" HPOS="624" VPOS="446" WIDTH="23"/>
						<String ID="P97_ST00063" HPOS="647" VPOS="414" WIDTH="53" HEIGHT="25" CONTENT="line" WC="0.92" CC="3000"/>
						<SP ID="P97_SP00055" HPOS="700" VPOS="446" WIDTH="22"/>
						<String ID="P97_ST00064" HPOS="722" VPOS="412" WIDTH="64" HEIGHT="26" CONTENT="with" WC="0.74" CC="0333"/>
						<SP ID="P97_SP00056" HPOS="786" VPOS="446" WIDTH="22"/>
						<String ID="P97_ST00065" HPOS="808" VPOS="412" WIDTH="45" HEIGHT="25" CONTENT="the" WC="0.77" CC="060"/>
					</TextLine>
					<TextLine ID="P97_TL00010" HPOS="46" VPOS="458" WIDTH="807" HEIGHT="38">
						<String ID="P97_ST00066" HPOS="46" VPOS="458" WIDTH="77" HEIGHT="32" CONTENT="river," WC="0.74" CC="008051"/>
						<SP ID="P97_SP00057" HPOS="123" VPOS="490" WIDTH="21"/>
						<String ID="P97_ST00067" HPOS="144" VPOS="469" WIDTH="44" HEIGHT="17" CONTENT="are" WC="0.88" CC="030"/>
						<SP ID="P97_SP00058" HPOS="188" VPOS="490" WIDTH="14"/>
						<String ID="P97_ST00068" HPOS="202" VPOS="460" WIDTH="47" HEIGHT="26" CONTENT="the" WC="0.99" CC="000"/>
						<SP ID="P97_SP00059" HPOS="249" VPOS="490" WIDTH="20"/>
						<String ID="P97_ST00069" HPOS="269" VPOS="460" WIDTH="127" HEIGHT="26" CONTENT="factories" WC="0.87" CC="000002503"/>
						<SP ID="P97_SP00060" HPOS="396" VPOS="490" WIDTH="19"/>
						<String ID="P97_ST00070" HPOS="415" VPOS="460" WIDTH="126" HEIGHT="36" CONTENT="assigned" WC="0.65" CC="03509404"/>
						<SP ID="P97_SP00061" HPOS="541" VPOS="496" WIDTH="15"/>
						<String ID="P97_ST00071" HPOS="556" VPOS="464" WIDTH="28" HEIGHT="22" CONTENT="to" WC="1.00" CC="00"/>
						<SP ID="P97_SP00062" HPOS="584" VPOS="496" WIDTH="20"/>
						<String ID="P97_ST00072" HPOS="604" VPOS="460" WIDTH="46" HEIGHT="26" CONTENT="the" WC="0.95" CC="010"/>
						<SP ID="P97_SP00063" HPOS="650" VPOS="496" WIDTH="20"/>
						<String ID="P97_ST00073" HPOS="670" VPOS="459" WIDTH="103" HEIGHT="34" CONTENT="foreign" WC="0.67" CC="0004493"/>
						<SP ID="P97_SP00064" HPOS="773" VPOS="496" WIDTH="18"/>
						<String ID="P97_ST00074" HPOS="791" VPOS="458" WIDTH="62" HEIGHT="26" CONTENT="resi" SUBS_TYPE="HypPart1" SUBS_CONTENT="residents" WC="0.89" CC="40000"/>
						<HYP CONTENT="-"/>
					</TextLine>
					<TextLine ID="P97_TL00011" HPOS="45" VPOS="505" WIDTH="808" HEIGHT="37">
						<String ID="P97_ST00075" HPOS="45" VPOS="506" WIDTH="81" HEIGHT="26" CONTENT="dents" SUBS_TYPE="HypPart2" SUBS_CONTENT="residents" WC="0.79" CC="00234"/>
						<SP ID="P97_SP00065" HPOS="126" VPOS="532" WIDTH="13"/>
						<String ID="P97_ST00076" HPOS="139" VPOS="506" WIDTH="27" HEIGHT="26" CONTENT="in" WC="0.82" CC="21"/>
						<SP ID="P97_SP00066" HPOS="166" VPOS="532" WIDTH="16"/>
						<String ID="P97_ST00077" HPOS="182" VPOS="506" WIDTH="118" HEIGHT="27" CONTENT="Canton." WC="0.90" CC="3003000"/>
						<SP ID="P97_SP00067" HPOS="300" VPOS="533" WIDTH="31"/>
						<String ID="P97_ST00078" HPOS="331" VPOS="506" WIDTH="77" HEIGHT="36" CONTENT="They" WC="0.68" CC="0407"/>
						<SP ID="P97_SP00068" HPOS="408" VPOS="542" WIDTH="13"/>
						<String ID="P97_ST00079" HPOS="421" VPOS="516" WIDTH="44" HEIGHT="17" CONTENT="are" WC="0.89" CC="030"/>
						<SP ID="P97_SP00069" HPOS="465" VPOS="542" WIDTH="15"/>
						<String ID="P97_ST00080" HPOS="480" VPOS="507" WIDTH="140" HEIGHT="35" CONTENT="separated" WC="0.87" CC="500140000"/>
						<SP ID="P97_SP00070" HPOS="620" VPOS="542" WIDTH="15"/>
						<String ID="P97_ST00081" HPOS="635" VPOS="507" WIDTH="68" HEIGHT="25" CONTENT="from" WC="1.00" CC="0000"/>
						<SP ID="P97_SP00071" HPOS="703" VPOS="542" WIDTH="15"/>
						<String ID="P97_ST00082" HPOS="718" VPOS="506" WIDTH="44" HEIGHT="25" CONTENT="the" WC="0.89" CC="030"/>
						<SP ID="P97_SP00072" HPOS="762" VPOS="542" WIDTH="15"/>
						<String ID="P97_ST00083" HPOS="777" VPOS="505" WIDTH="76" HEIGHT="26" CONTENT="shore" WC="0.44" CC="66337"/>
					</TextLine>
					<TextLine ID="P97_TL00012" HPOS="45" VPOS="552" WIDTH="808" HEIGHT="37">
						<String ID="P97_ST00084" HPOS="45" VPOS="552" WIDTH="31" HEIGHT="27" CONTENT="of" WC="0.92" CC="10"/>
						<SP ID="P97_SP00073" HPOS="76" VPOS="579" WIDTH="11"/>
						<String ID="P97_ST00085" HPOS="87" VPOS="552" WIDTH="46" HEIGHT="27" CONTENT="the" WC="0.73" CC="430"/>
						<SP ID="P97_SP00074" HPOS="133" VPOS="579" WIDTH="14"/>
						<String ID="P97_ST00086" HPOS="147" VPOS="552" WIDTH="68" HEIGHT="27" CONTENT="river" WC="0.85" CC="05001"/>
						<SP ID="P97_SP00075" HPOS="215" VPOS="579" WIDTH="13"/>
						<String ID="P97_ST00087" HPOS="228" VPOS="552" WIDTH="37" HEIGHT="36" CONTENT="by" WC="1.00" CC="00"/>
						<SP ID="P97_SP00076" HPOS="265" VPOS="588" WIDTH="14"/>
						<String ID="P97_ST00088" HPOS="279" VPOS="552" WIDTH="46" HEIGHT="27" CONTENT="the" WC="0.75" CC="070"/>
						<SP ID="P97_SP00077" HPOS="325" VPOS="588" WIDTH="15"/>
						<String ID="P97_ST00089" HPOS="340" VPOS="552" WIDTH="108" HEIGHT="37" CONTENT="largest," WC="0.81" CC="04000441"/>
						<SP ID="P97_SP00078" HPOS="448" VPOS="589" WIDTH="15"/>
						<String ID="P97_ST00090" HPOS="463" VPOS="553" WIDTH="53" HEIGHT="26" CONTENT="and" WC="0.80" CC="050"/>
						<SP ID="P97_SP00079" HPOS="516" VPOS="589" WIDTH="14"/>
						<String ID="P97_ST00091" HPOS="530" VPOS="553" WIDTH="98" HEIGHT="27" CONTENT="almost" WC="0.95" CC="000030"/>
						<SP ID="P97_SP00080" HPOS="628" VPOS="589" WIDTH="13"/>
						<String ID="P97_ST00092" HPOS="641" VPOS="552" WIDTH="46" HEIGHT="27" CONTENT="the" WC="0.91" CC="020"/>
						<SP ID="P97_SP00081" HPOS="687" VPOS="589" WIDTH="14"/>
						<String ID="P97_ST00093" HPOS="701" VPOS="552" WIDTH="72" HEIGHT="35" CONTENT="only," WC="0.83" CC="07100"/>
						<SP ID="P97_SP00082" HPOS="773" VPOS="589" WIDTH="11"/>
						<String ID="P97_ST00094" HPOS="784" VPOS="560" WIDTH="69" HEIGHT="25" CONTENT="open" WC="0.77" CC="0900"/>
					</TextLine>
					<TextLine ID="P97_TL00013" HPOS="45" VPOS="597" WIDTH="808" HEIGHT="38">
						<String ID="P97_ST00095" HPOS="45" VPOS="607" WIDTH="82" HEIGHT="27" CONTENT="space" WC="0.82" CC="08000"/>
						<SP ID="P97_SP00083" HPOS="127" VPOS="634" WIDTH="23"/>
						<String ID="P97_ST00096" HPOS="150" VPOS="599" WIDTH="27" HEIGHT="25" CONTENT="in" WC="0.98" CC="00"/>
						<SP ID="P97_SP00084" HPOS="177" VPOS="634" WIDTH="22"/>
						<String ID="P97_ST00097" HPOS="199" VPOS="599" WIDTH="46" HEIGHT="26" CONTENT="the" WC="0.90" CC="020"/>
						<SP ID="P97_SP00085" HPOS="245" VPOS="634" WIDTH="21"/>
						<String ID="P97_ST00098" HPOS="266" VPOS="599" WIDTH="122" HEIGHT="36" CONTENT="vicinity." WC="0.83" CC="000724000"/>
						<SP ID="P97_SP00086" HPOS="388" VPOS="635" WIDTH="49"/>
						<String ID="P97_ST00099" HPOS="437" VPOS="599" WIDTH="58" HEIGHT="26" CONTENT="The" WC="0.92" CC="020"/>
						<SP ID="P97_SP00087" HPOS="495" VPOS="635" WIDTH="28"/>
						<String ID="P97_ST00100" HPOS="523" VPOS="604" WIDTH="53" HEIGHT="21" CONTENT="two" WC="1.00" CC="000"/>
						<SP ID="P97_SP00088" HPOS="576" VPOS="635" WIDTH="21"/>
						<String ID="P97_ST00101" HPOS="597" VPOS="598" WIDTH="131" HEIGHT="35" CONTENT="occupied" WC="0.95" CC="00040000"/>
						<SP ID="P97_SP00089" HPOS="728" VPOS="635" WIDTH="24"/>
						<String ID="P97_ST00102" HPOS="752" VPOS="598" WIDTH="35" HEIGHT="34" CONTENT="by" WC="0.76" CC="40"/>
						<SP ID="P97_SP00090" HPOS="787" VPOS="635" WIDTH="21"/>
						<String ID="P97_ST00103" HPOS="808" VPOS="597" WIDTH="45" HEIGHT="26" CONTENT="the" WC="1.00" CC="000"/>
					</TextLine>
					<TextLine ID="P97_TL00014" HPOS="45" VPOS="643" WIDTH="808" HEIGHT="39">
						<String ID="P97_ST00104" HPOS="45" VPOS="650" WIDTH="97" HEIGHT="31" CONTENT="agents" WC="0.79" CC="090020"/>
						<SP ID="P97_SP00091" HPOS="142" VPOS="681" WIDTH="21"/>
						<String ID="P97_ST00105" HPOS="163" VPOS="646" WIDTH="31" HEIGHT="27" CONTENT="of" WC="0.95" CC="00"/>
						<SP ID="P97_SP00092" HPOS="194" VPOS="681" WIDTH="16"/>
						<String ID="P97_ST00106" HPOS="210" VPOS="646" WIDTH="46" HEIGHT="26" CONTENT="the" WC="0.66" CC="370"/>
						<SP ID="P97_SP00093" HPOS="256" VPOS="681" WIDTH="20"/>
						<String ID="P97_ST00107" HPOS="276" VPOS="646" WIDTH="94" HEIGHT="26" CONTENT="Dutch" WC="0.73" CC="70005"/>
						<SP ID="P97_SP00094" HPOS="370" VPOS="681" WIDTH="22"/>
						<String ID="P97_ST00108" HPOS="392" VPOS="646" WIDTH="53" HEIGHT="26" CONTENT="and" WC="0.91" CC="020"/>
						<SP ID="P97_SP00095" HPOS="445" VPOS="681" WIDTH="17"/>
						<String ID="P97_ST00109" HPOS="462" VPOS="646" WIDTH="115" HEIGHT="36" CONTENT="English" WC="0.88" CC="0300220"/>
						<SP ID="P97_SP00096" HPOS="577" VPOS="682" WIDTH="25"/>
						<String ID="P97_ST00110" HPOS="602" VPOS="645" WIDTH="163" HEIGHT="36" CONTENT="Companies" WC="0.69" CC="019603401"/>
						<SP ID="P97_SP00097" HPOS="765" VPOS="682" WIDTH="21"/>
						<String ID="P97_ST00111" HPOS="786" VPOS="643" WIDTH="67" HEIGHT="26" CONTENT="have" WC="0.61" CC="7800"/>
					</TextLine>
					<TextLine ID="P97_TL00015" HPOS="45" VPOS="690" WIDTH="808" HEIGHT="35">
						<String ID="P97_ST00112" HPOS="45" VPOS="692" WIDTH="138" HEIGHT="26" CONTENT="extensive" WC="0.79" CC="090035000"/>
						<SP ID="P97_SP00098" HPOS="183" VPOS="718" WIDTH="15"/>
						<String ID="P97_ST00113" HPOS="198" VPOS="693" WIDTH="151" HEIGHT="25" CONTENT="verandahs" WC="0.80" CC="000050046"/>
						<SP ID="P97_SP00099" HPOS="349" VPOS="718" WIDTH="13"/>
						<String ID="P97_ST00114" HPOS="362" VPOS="692" WIDTH="25" HEIGHT="26" CONTENT="in" WC="0.63" CC="24"/>
						<SP ID="P97_SP00100" HPOS="387" VPOS="718" WIDTH="17"/>
						<String ID="P97_ST00115" HPOS="404" VPOS="693" WIDTH="80" HEIGHT="31" CONTENT="front," WC="0.83" CC="003700"/>
						<SP ID="P97_SP00101" HPOS="484" VPOS="724" WIDTH="22"/>
						<String ID="P97_ST00116" HPOS="506" VPOS="693" WIDTH="53" HEIGHT="25" CONTENT="and" WC="0.82" CC="050"/>
						<SP ID="P97_SP00102" HPOS="559" VPOS="724" WIDTH="15"/>
						<String ID="P97_ST00117" HPOS="574" VPOS="692" WIDTH="85" HEIGHT="26" CONTENT="walks" WC="0.83" CC="00044"/>
						<SP ID="P97_SP00103" HPOS="659" VPOS="724" WIDTH="20"/>
						<String ID="P97_ST00118" HPOS="679" VPOS="690" WIDTH="123" HEIGHT="28" CONTENT="enclosed" WC="0.89" CC="00020600"/>
						<SP ID="P97_SP00104" HPOS="802" VPOS="724" WIDTH="16"/>
						<String ID="P97_ST00119" HPOS="818" VPOS="691" WIDTH="35" HEIGHT="34" CONTENT="by" WC="0.18" CC="69"/>
					</TextLine>
					<TextLine ID="P97_TL00016" HPOS="45" VPOS="738" WIDTH="808" HEIGHT="36">
						<String ID="P97_ST00120" HPOS="45" VPOS="738" WIDTH="66" HEIGHT="35" CONTENT="high" WC="0.72" CC="6103"/>
						<SP ID="P97_SP00105" HPOS="111" VPOS="773" WIDTH="22"/>
						<String ID="P97_ST00121" HPOS="133" VPOS="739" WIDTH="76" HEIGHT="26" CONTENT="walls" WC="0.79" CC="00045"/>
						<SP ID="P97_SP00106" HPOS="209" VPOS="773" WIDTH="30"/>
						<String ID="P97_ST00122" HPOS="239" VPOS="742" WIDTH="28" HEIGHT="23" CONTENT="to" WC="1.00" CC="00"/>
						<SP ID="P97_SP00107" HPOS="267" VPOS="773" WIDTH="23"/>
						<String ID="P97_ST00123" HPOS="290" VPOS="739" WIDTH="47" HEIGHT="27" CONTENT="the" WC="0.82" CC="050"/>
						<SP ID="P97_SP00108" HPOS="337" VPOS="773" WIDTH="23"/>
						<String ID="P97_ST00124" HPOS="360" VPOS="740" WIDTH="105" HEIGHT="26" CONTENT="water's" WC="0.78" CC="9000103"/>
						<SP ID="P97_SP00109" HPOS="465" VPOS="773" WIDTH="32"/>
						<String ID="P97_ST00125" HPOS="497" VPOS="740" WIDTH="76" HEIGHT="34" CONTENT="edge." WC="0.75" CC="00902"/>
						<SP ID="P97_SP00110" HPOS="573" VPOS="774" WIDTH="47"/>
						<String ID="P97_ST00126" HPOS="620" VPOS="739" WIDTH="77" HEIGHT="26" CONTENT="Most" WC="0.93" CC="0020"/>
						<SP ID="P97_SP00111" HPOS="697" VPOS="774" WIDTH="29"/>
						<String ID="P97_ST00127" HPOS="726" VPOS="738" WIDTH="31" HEIGHT="27" CONTENT="of" WC="0.92" CC="01"/>
						<SP ID="P97_SP00112" HPOS="757" VPOS="774" WIDTH="22"/>
						<String ID="P97_ST00128" HPOS="779" VPOS="738" WIDTH="74" HEIGHT="25" CONTENT="them" WC="0.59" CC="1409"/>
					</TextLine>
					<TextLine ID="P97_TL00017" HPOS="45" VPOS="784" WIDTH="807" HEIGHT="33">
						<String ID="P97_ST00129" HPOS="45" VPOS="794" WIDTH="45" HEIGHT="18" CONTENT="are" WC="0.80" CC="600"/>
						<SP ID="P97_SP00113" HPOS="90" VPOS="812" WIDTH="21"/>
						<String ID="P97_ST00130" HPOS="111" VPOS="785" WIDTH="70" HEIGHT="26" CONTENT="built" WC="0.88" CC="00022"/>
						<SP ID="P97_SP00114" HPOS="181" VPOS="812" WIDTH="21"/>
						<String ID="P97_ST00131" HPOS="202" VPOS="785" WIDTH="27" HEIGHT="26" CONTENT="in" WC="0.65" CC="06"/>
						<SP ID="P97_SP00115" HPOS="229" VPOS="812" WIDTH="22"/>
						<String ID="P97_ST00132" HPOS="251" VPOS="795" WIDTH="15" HEIGHT="17" CONTENT="a" WC="0.34" CC="6"/>
						<SP ID="P97_SP00116" HPOS="266" VPOS="812" WIDTH="21"/>
						<String ID="P97_ST00133" HPOS="287" VPOS="795" WIDTH="63" HEIGHT="22" CONTENT="row," WC="0.91" CC="0003"/>
						<SP ID="P97_SP00117" HPOS="350" VPOS="817" WIDTH="31"/>
						<String ID="P97_ST00134" HPOS="381" VPOS="786" WIDTH="54" HEIGHT="26" CONTENT="and" WC="0.75" CC="070"/>
						<SP ID="P97_SP00118" HPOS="435" VPOS="817" WIDTH="23"/>
						<String ID="P97_ST00135" HPOS="458" VPOS="786" WIDTH="99" HEIGHT="26" CONTENT="extend" WC="0.77" CC="070060"/>
						<SP ID="P97_SP00119" HPOS="557" VPOS="817" WIDTH="22"/>
						<String ID="P97_ST00136" HPOS="579" VPOS="786" WIDTH="84" HEIGHT="26" CONTENT="about" WC="1.00" CC="00000"/>
						<SP ID="P97_SP00120" HPOS="663" VPOS="817" WIDTH="22"/>
						<String ID="P97_ST00137" HPOS="685" VPOS="795" WIDTH="16" HEIGHT="16" CONTENT="a" WC="1.00" CC="0"/>
						<SP ID="P97_SP00121" HPOS="701" VPOS="817" WIDTH="27"/>
						<String ID="P97_ST00138" HPOS="728" VPOS="784" WIDTH="124" HEIGHT="26" CONTENT="hundred" WC="0.72" CC="0630008"/>
					</TextLine>
					<TextLine ID="P97_TL00018" HPOS="45" VPOS="831" WIDTH="808" HEIGHT="36">
						<String ID="P97_ST00139" HPOS="45" VPOS="832" WIDTH="81" HEIGHT="34" CONTENT="yards" WC="0.83" CC="04004"/>
						<SP ID="P97_SP00122" HPOS="126" VPOS="866" WIDTH="23"/>
						<String ID="P97_ST00140" HPOS="149" VPOS="832" WIDTH="28" HEIGHT="25" CONTENT="in" WC="0.87" CC="20"/>
						<SP ID="P97_SP00123" HPOS="177" VPOS="866" WIDTH="19"/>
						<String ID="P97_ST00141" HPOS="196" VPOS="833" WIDTH="83" HEIGHT="26" CONTENT="front." WC="0.89" CC="000600"/>
						<SP ID="P97_SP00124" HPOS="279" VPOS="866" WIDTH="46"/>
						<String ID="P97_ST00142" HPOS="325" VPOS="834" WIDTH="23" HEIGHT="24" CONTENT="A" WC="1.00" CC="0"/>
						<SP ID="P97_SP00125" HPOS="348" VPOS="866" WIDTH="21"/>
						<String ID="P97_ST00143" HPOS="369" VPOS="836" WIDTH="82" HEIGHT="23" CONTENT="street" WC="0.74" CC="244003"/>
						<SP ID="P97_SP00126" HPOS="451" VPOS="866" WIDTH="26"/>
						<String ID="P97_ST00144" HPOS="477" VPOS="833" WIDTH="53" HEIGHT="26" CONTENT="and" WC="0.87" CC="300"/>
						<SP ID="P97_SP00127" HPOS="530" VPOS="866" WIDTH="31"/>
						<String ID="P97_ST00145" HPOS="561" VPOS="842" WIDTH="16" HEIGHT="16" CONTENT="a" WC="1.00" CC="0"/>
						<SP ID="P97_SP00128" HPOS="577" VPOS="866" WIDTH="26"/>
						<String ID="P97_ST00146" HPOS="603" VPOS="833" WIDTH="71" HEIGHT="34" CONTENT="large" WC="0.81" CC="30500"/>
						<SP ID="P97_SP00129" HPOS="674" VPOS="867" WIDTH="28"/>
						<String ID="P97_ST00147" HPOS="702" VPOS="831" WIDTH="151" HEIGHT="36" CONTENT="projecting" WC="0.86" CC="0000000049"/>
					</TextLine>
					<TextLine ID="P97_TL00019" HPOS="45" VPOS="878" WIDTH="808" HEIGHT="37">
						<String ID="P97_ST00148" HPOS="45" VPOS="878" WIDTH="135" HEIGHT="36" CONTENT="building," WC="0.78" CC="050205104"/>
						<SP ID="P97_SP00130" HPOS="180" VPOS="914" WIDTH="21"/>
						<String ID="P97_ST00149" HPOS="201" VPOS="878" WIDTH="130" HEIGHT="37" CONTENT="occupied" WC="0.90" CC="00025000"/>
						<SP ID="P97_SP00131" HPOS="331" VPOS="915" WIDTH="23"/>
						<String ID="P97_ST00150" HPOS="354" VPOS="879" WIDTH="36" HEIGHT="36" CONTENT="by" WC="0.61" CC="07"/>
						<SP ID="P97_SP00132" HPOS="390" VPOS="915" WIDTH="15"/>
						<String ID="P97_ST00151" HPOS="405" VPOS="888" WIDTH="50" HEIGHT="18" CONTENT="one" WC="0.89" CC="030"/>
						<SP ID="P97_SP00133" HPOS="455" VPOS="915" WIDTH="21"/>
						<String ID="P97_ST00152" HPOS="476" VPOS="879" WIDTH="30" HEIGHT="27" CONTENT="of" WC="0.40" CC="47"/>
						<SP ID="P97_SP00134" HPOS="506" VPOS="915" WIDTH="18"/>
						<String ID="P97_ST00153" HPOS="524" VPOS="879" WIDTH="45" HEIGHT="27" CONTENT="the" WC="1.00" CC="000"/>
						<SP ID="P97_SP00135" HPOS="569" VPOS="915" WIDTH="19"/>
						<String ID="P97_ST00154" HPOS="588" VPOS="879" WIDTH="83" HEIGHT="35" CONTENT="Hong" WC="0.69" CC="4240"/>
						<SP ID="P97_SP00136" HPOS="671" VPOS="915" WIDTH="19"/>
						<String ID="P97_ST00155" HPOS="690" VPOS="878" WIDTH="163" HEIGHT="29" CONTENT="merchants," WC="0.71" CC="7100507070"/>
					</TextLine>
					<TextLine ID="P97_TL00020" HPOS="44" VPOS="924" WIDTH="808" HEIGHT="37">
						<String ID="P97_ST00156" HPOS="44" VPOS="929" WIDTH="122" HEIGHT="32" CONTENT="separate" WC="0.83" CC="20600300"/>
						<SP ID="P97_SP00137" HPOS="166" VPOS="961" WIDTH="32"/>
						<String ID="P97_ST00157" HPOS="198" VPOS="926" WIDTH="54" HEIGHT="25" CONTENT="this" WC="0.75" CC="0540"/>
						<SP ID="P97_SP00138" HPOS="252" VPOS="961" WIDTH="33"/>
						<String ID="P97_ST00158" HPOS="285" VPOS="934" WIDTH="53" HEIGHT="18" CONTENT="row" WC="0.80" CC="005"/>
						<SP ID="P97_SP00139" HPOS="338" VPOS="961" WIDTH="33"/>
						<String ID="P97_ST00159" HPOS="371" VPOS="926" WIDTH="68" HEIGHT="26" CONTENT="from" WC="0.78" CC="8000"/>
						<SP ID="P97_SP00140" HPOS="439" VPOS="961" WIDTH="33"/>
						<String ID="P97_ST00160" HPOS="472" VPOS="926" WIDTH="100" HEIGHT="32" CONTENT="others," WC="0.57" CC="2560374"/>
						<SP ID="P97_SP00141" HPOS="572" VPOS="961" WIDTH="33"/>
						<String ID="P97_ST00161" HPOS="605" VPOS="926" WIDTH="99" HEIGHT="26" CONTENT="known" WC="0.61" CC="04076"/>
						<SP ID="P97_SP00142" HPOS="704" VPOS="961" WIDTH="32"/>
						<String ID="P97_ST00162" HPOS="736" VPOS="925" WIDTH="37" HEIGHT="35" CONTENT="by" WC="0.62" CC="07"/>
						<SP ID="P97_SP00143" HPOS="773" VPOS="961" WIDTH="33"/>
						<String ID="P97_ST00163" HPOS="806" VPOS="924" WIDTH="46" HEIGHT="26" CONTENT="the" WC="0.69" CC="350"/>
					</TextLine>
					<TextLine ID="P97_TL00021" HPOS="43" VPOS="971" WIDTH="809" HEIGHT="28">
						<String ID="P97_ST00164" HPOS="43" VPOS="980" WIDTH="79" HEIGHT="19" CONTENT="name" WC="0.96" CC="1000"/>
						<SP ID="P97_SP00144" HPOS="122" VPOS="999" WIDTH="20"/>
						<String ID="P97_ST00165" HPOS="142" VPOS="972" WIDTH="32" HEIGHT="27" CONTENT="of" WC="1.00" CC="00"/>
						<SP ID="P97_SP00145" HPOS="174" VPOS="999" WIDTH="15"/>
						<String ID="P97_ST00166" HPOS="189" VPOS="971" WIDTH="47" HEIGHT="28" CONTENT="the" WC="0.89" CC="030"/>
						<SP ID="P97_SP00146" HPOS="236" VPOS="999" WIDTH="15"/>
						<String ID="P97_ST00167" HPOS="251" VPOS="972" WIDTH="106" HEIGHT="27" CONTENT="French" WC="0.70" CC="500605"/>
						<SP ID="P97_SP00147" HPOS="357" VPOS="999" WIDTH="19"/>
						<String ID="P97_ST00168" HPOS="376" VPOS="972" WIDTH="54" HEIGHT="27" CONTENT="and" WC="0.77" CC="060"/>
						<SP ID="P97_SP00148" HPOS="430" VPOS="999" WIDTH="16"/>
						<String ID="P97_ST00169" HPOS="446" VPOS="972" WIDTH="106" HEIGHT="27" CONTENT="Danish" WC="0.46" CC="784046"/>
						<SP ID="P97_SP00149" HPOS="552" VPOS="999" WIDTH="21"/>
						<String ID="P97_ST00170" HPOS="573" VPOS="972" WIDTH="134" HEIGHT="27" CONTENT="factories." WC="1.00" CC="0000000000"/>
						<SP ID="P97_SP00150" HPOS="707" VPOS="999" WIDTH="40"/>
						<String ID="P97_ST00171" HPOS="747" VPOS="971" WIDTH="43" HEIGHT="26" CONTENT="All" WC="1.00" CC="000"/>
						<SP ID="P97_SP00151" HPOS="790" VPOS="999" WIDTH="16"/>
						<String ID="P97_ST00172" HPOS="806" VPOS="971" WIDTH="46" HEIGHT="26" CONTENT="the" WC="0.76" CC="042"/>
					</TextLine>
					<TextLine ID="P97_TL00022" HPOS="43" VPOS="1017" WIDTH="808" HEIGHT="38">
						<String ID="P97_ST00173" HPOS="43" VPOS="1019" WIDTH="127" HEIGHT="27" CONTENT="factories" WC="0.89" CC="500003000"/>
						<SP ID="P97_SP00152" HPOS="170" VPOS="1046" WIDTH="14"/>
						<String ID="P97_ST00174" HPOS="184" VPOS="1020" WIDTH="100" HEIGHT="26" CONTENT="extend" WC="0.86" CC="000070"/>
						<SP ID="P97_SP00153" HPOS="284" VPOS="1046" WIDTH="16"/>
						<String ID="P97_ST00175" HPOS="300" VPOS="1019" WIDTH="27" HEIGHT="26" CONTENT="in" WC="0.67" CC="32"/>
						<SP ID="P97_SP00154" HPOS="327" VPOS="1046" WIDTH="15"/>
						<String ID="P97_ST00176" HPOS="342" VPOS="1019" WIDTH="96" HEIGHT="27" CONTENT="blocks" WC="0.81" CC="560000"/>
						<SP ID="P97_SP00155" HPOS="438" VPOS="1046" WIDTH="15"/>
						<String ID="P97_ST00177" HPOS="453" VPOS="1023" WIDTH="28" HEIGHT="23" CONTENT="to" WC="0.93" CC="10"/>
						<SP ID="P97_SP00156" HPOS="481" VPOS="1046" WIDTH="14"/>
						<String ID="P97_ST00178" HPOS="495" VPOS="1029" WIDTH="33" HEIGHT="16" CONTENT="an" WC="0.67" CC="42"/>
						<SP ID="P97_SP00157" HPOS="528" VPOS="1046" WIDTH="15"/>
						<String ID="P97_ST00179" HPOS="543" VPOS="1019" WIDTH="129" HEIGHT="36" CONTENT="irregular" WC="0.79" CC="032002161"/>
						<SP ID="P97_SP00158" HPOS="672" VPOS="1055" WIDTH="18"/>
						<String ID="P97_ST00180" HPOS="690" VPOS="1018" WIDTH="94" HEIGHT="36" CONTENT="depth," WC="0.89" CC="000060"/>
						<SP ID="P97_SP00159" HPOS="784" VPOS="1055" WIDTH="15"/>
						<String ID="P97_ST00181" HPOS="799" VPOS="1017" WIDTH="52" HEIGHT="27" CONTENT="and" WC="0.40" CC="089"/>
					</TextLine>
					<TextLine ID="P97_TL00023" HPOS="42" VPOS="1064" WIDTH="807" HEIGHT="37">
						<String ID="P97_ST00182" HPOS="42" VPOS="1074" WIDTH="43" HEIGHT="18" CONTENT="are" WC="1.00" CC="000"/>
						<SP ID="P97_SP00160" HPOS="85" VPOS="1092" WIDTH="24"/>
						<String ID="P97_ST00183" HPOS="109" VPOS="1066" WIDTH="152" HEIGHT="35" CONTENT="separately" WC="0.94" CC="6000000000"/>
						<SP ID="P97_SP00161" HPOS="261" VPOS="1101" WIDTH="15"/>
						<String ID="P97_ST00184" HPOS="276" VPOS="1066" WIDTH="131" HEIGHT="35" CONTENT="occupied" WC="0.96" CC="00000300"/>
						<SP ID="P97_SP00162" HPOS="407" VPOS="1101" WIDTH="24"/>
						<String ID="P97_ST00185" HPOS="431" VPOS="1066" WIDTH="36" HEIGHT="35" CONTENT="by" WC="1.00" CC="00"/>
						<SP ID="P97_SP00163" HPOS="467" VPOS="1101" WIDTH="19"/>
						<String ID="P97_ST00186" HPOS="486" VPOS="1066" WIDTH="155" HEIGHT="27" CONTENT="merchants" WC="0.63" CC="905062700"/>
						<SP ID="P97_SP00164" HPOS="641" VPOS="1101" WIDTH="21"/>
						<String ID="P97_ST00187" HPOS="662" VPOS="1065" WIDTH="53" HEIGHT="26" CONTENT="and" WC="0.73" CC="340"/>
						<SP ID="P97_SP00165" HPOS="715" VPOS="1101" WIDTH="21"/>
						<String ID="P97_ST00188" HPOS="736" VPOS="1064" WIDTH="113" HEIGHT="26" CONTENT="visitors." WC="0.82" CC="003030350"/>
					</TextLine>
					<TextLine ID="P97_TL00024" HPOS="41" VPOS="1110" WIDTH="810" HEIGHT="37">
						<String ID="P97_ST00189" HPOS="41" VPOS="1111" WIDTH="58" HEIGHT="27" CONTENT="The" WC="0.68" CC="090"/>
						<SP ID="P97_SP00166" HPOS="99" VPOS="1138" WIDTH="13"/>
						<String ID="P97_ST00190" HPOS="112" VPOS="1112" WIDTH="230" HEIGHT="27" CONTENT="communication" WC="0.91" CC="0300040010000"/>
						<SP ID="P97_SP00167" HPOS="342" VPOS="1139" WIDTH="20"/>
						<String ID="P97_ST00191" HPOS="362" VPOS="1112" WIDTH="22" HEIGHT="26" CONTENT="is" WC="0.73" CC="05"/>
						<SP ID="P97_SP00168" HPOS="384" VPOS="1139" WIDTH="21"/>
						<String ID="P97_ST00192" HPOS="405" VPOS="1121" WIDTH="34" HEIGHT="17" CONTENT="an" WC="0.38" CC="92"/>
						<SP ID="P97_SP00169" HPOS="439" VPOS="1139" WIDTH="14"/>
						<String ID="P97_ST00193" HPOS="453" VPOS="1121" WIDTH="111" HEIGHT="22" CONTENT="avenue," WC="0.82" CC="0403400"/>
						<SP ID="P97_SP00170" HPOS="564" VPOS="1143" WIDTH="17"/>
						<String ID="P97_ST00194" HPOS="581" VPOS="1111" WIDTH="137" HEIGHT="36" CONTENT="generally" WC="0.82" CC="005022400"/>
						<SP ID="P97_SP00171" HPOS="718" VPOS="1147" WIDTH="14"/>
						<String ID="P97_ST00195" HPOS="732" VPOS="1110" WIDTH="119" HEIGHT="35" CONTENT="through" WC="0.58" CC="6750603"/>
					</TextLine>
					<TextLine ID="P97_TL00025" HPOS="41" VPOS="1158" WIDTH="809" HEIGHT="36">
						<String ID="P97_ST00196" HPOS="41" VPOS="1158" WIDTH="47" HEIGHT="27" CONTENT="the" WC="0.84" CC="040"/>
						<SP ID="P97_SP00172" HPOS="88" VPOS="1185" WIDTH="23"/>
						<String ID="P97_ST00197" HPOS="111" VPOS="1159" WIDTH="80" HEIGHT="27" CONTENT="lower" WC="0.73" CC="60600"/>
						<SP ID="P97_SP00173" HPOS="191" VPOS="1186" WIDTH="22"/>
						<String ID="P97_ST00198" HPOS="213" VPOS="1163" WIDTH="74" HEIGHT="31" CONTENT="story" WC="0.92" CC="03000"/>
						<SP ID="P97_SP00174" HPOS="287" VPOS="1194" WIDTH="22"/>
						<String ID="P97_ST00199" HPOS="309" VPOS="1159" WIDTH="31" HEIGHT="27" CONTENT="of" WC="1.00" CC="00"/>
						<SP ID="P97_SP00175" HPOS="340" VPOS="1194" WIDTH="16"/>
						<String ID="P97_ST00200" HPOS="356" VPOS="1159" WIDTH="77" HEIGHT="31" CONTENT="each," WC="0.85" CC="00060"/>
						<SP ID="P97_SP00176" HPOS="433" VPOS="1194" WIDTH="20"/>
						<String ID="P97_ST00201" HPOS="453" VPOS="1168" WIDTH="30" HEIGHT="17" CONTENT="or" WC="0.81" CC="03"/>
						<SP ID="P97_SP00177" HPOS="483" VPOS="1194" WIDTH="20"/>
						<String ID="P97_ST00202" HPOS="503" VPOS="1159" WIDTH="121" HEIGHT="26" CONTENT="between" WC="0.62" CC="4059006"/>
						<SP ID="P97_SP00178" HPOS="624" VPOS="1194" WIDTH="20"/>
						<String ID="P97_ST00203" HPOS="644" VPOS="1158" WIDTH="113" HEIGHT="26" CONTENT="distinct" WC="0.71" CC="02536005"/>
						<SP ID="P97_SP00179" HPOS="757" VPOS="1194" WIDTH="21"/>
						<String ID="P97_ST00204" HPOS="778" VPOS="1165" WIDTH="72" HEIGHT="18" CONTENT="com" SUBS_TYPE="HypPart1" SUBS_CONTENT="compartments." WC="0.75" CC="0234"/>
						<HYP CONTENT="-"/>
					</TextLine>
					<TextLine ID="P97_TL00026" HPOS="40" VPOS="1204" WIDTH="810" HEIGHT="38">
						<String ID="P97_ST00205" HPOS="40" VPOS="1210" WIDTH="161" HEIGHT="32" CONTENT="partments." SUBS_TYPE="HypPart2" SUBS_CONTENT="compartments." WC="0.77" CC="4050504200"/>
						<SP ID="P97_SP00180" HPOS="201" VPOS="1242" WIDTH="48"/>
						<String ID="P97_ST00206" HPOS="249" VPOS="1205" WIDTH="57" HEIGHT="27" CONTENT="The" WC="0.93" CC="010"/>
						<SP ID="P97_SP00181" HPOS="306" VPOS="1242" WIDTH="22"/>
						<String ID="P97_ST00207" HPOS="328" VPOS="1215" WIDTH="168" HEIGHT="27" CONTENT="appearance" WC="0.89" CC="0000501400"/>
						<SP ID="P97_SP00182" HPOS="496" VPOS="1242" WIDTH="23"/>
						<String ID="P97_ST00208" HPOS="519" VPOS="1206" WIDTH="31" HEIGHT="26" CONTENT="of" WC="1.00" CC="00"/>
						<SP ID="P97_SP00183" HPOS="550" VPOS="1242" WIDTH="17"/>
						<String ID="P97_ST00209" HPOS="567" VPOS="1205" WIDTH="75" HEIGHT="27" CONTENT="these" WC="0.78" CC="08020"/>
						<SP ID="P97_SP00184" HPOS="642" VPOS="1242" WIDTH="26"/>
						<String ID="P97_ST00210" HPOS="668" VPOS="1205" WIDTH="139" HEIGHT="35" CONTENT="buildings" WC="0.96" CC="000000200"/>
						<SP ID="P97_SP00185" HPOS="807" VPOS="1242" WIDTH="21"/>
						<String ID="P97_ST00211" HPOS="828" VPOS="1204" WIDTH="22" HEIGHT="26" CONTENT="is" WC="0.75" CC="05"/>
					</TextLine>
					<TextLine ID="P97_TL00027" HPOS="39" VPOS="1251" WIDTH="812" HEIGHT="39">
						<String ID="P97_ST00212" HPOS="39" VPOS="1254" WIDTH="77" HEIGHT="36" CONTENT="quite" WC="0.77" CC="60050"/>
						<SP ID="P97_SP00186" HPOS="116" VPOS="1290" WIDTH="15"/>
						<String ID="P97_ST00213" HPOS="131" VPOS="1253" WIDTH="146" HEIGHT="35" CONTENT="imposing," WC="0.84" CC="000400503"/>
						<SP ID="P97_SP00187" HPOS="277" VPOS="1290" WIDTH="21"/>
						<String ID="P97_ST00214" HPOS="298" VPOS="1253" WIDTH="144" HEIGHT="36" CONTENT="especially" WC="0.55" CC="0490049419"/>
						<SP ID="P97_SP00188" HPOS="442" VPOS="1290" WIDTH="15"/>
						<String ID="P97_ST00215" HPOS="457" VPOS="1253" WIDTH="77" HEIGHT="26" CONTENT="when" WC="0.69" CC="0605"/>
						<SP ID="P97_SP00189" HPOS="534" VPOS="1290" WIDTH="20"/>
						<String ID="P97_ST00216" HPOS="554" VPOS="1252" WIDTH="155" HEIGHT="27" CONTENT="contrasted" WC="0.87" CC="0080120000"/>
						<SP ID="P97_SP00190" HPOS="709" VPOS="1290" WIDTH="15"/>
						<String ID="P97_ST00217" HPOS="724" VPOS="1251" WIDTH="63" HEIGHT="27" CONTENT="with" WC="0.41" CC="9067"/>
						<SP ID="P97_SP00191" HPOS="787" VPOS="1290" WIDTH="16"/>
						<String ID="P97_ST00218" HPOS="803" VPOS="1251" WIDTH="48" HEIGHT="25" CONTENT="the" WC="0.52" CC="076"/>
					</TextLine>
					<TextLine ID="P97_TL00028" HPOS="39" VPOS="1299" WIDTH="235" HEIGHT="36">
						<String ID="P97_ST00219" HPOS="39" VPOS="1299" WIDTH="235" HEIGHT="36" CONTENT="neighbourhood." WC="0.80" CC="20507010350200"/>
					</TextLine>
				</TextBlock>
				<TextBlock ID="P97_TB00005" HPOS="37" VPOS="1345" WIDTH="813" HEIGHT="131" STYLEREFS="TXT_1 PAR_LEFT">
					<TextLine ID="P97_TL00029" HPOS="75" VPOS="1345" WIDTH="775" HEIGHT="37">
						<String ID="P97_ST00220" HPOS="75" VPOS="1347" WIDTH="58" HEIGHT="27" CONTENT="The" WC="0.97" CC="000"/>
						<SP ID="P97_SP00192" HPOS="133" VPOS="1374" WIDTH="14"/>
						<String ID="P97_ST00221" HPOS="147" VPOS="1356" WIDTH="70" HEIGHT="26" CONTENT="open" WC="0.85" CC="0006"/>
						<SP ID="P97_SP00193" HPOS="217" VPOS="1382" WIDTH="15"/>
						<String ID="P97_ST00222" HPOS="232" VPOS="1356" WIDTH="80" HEIGHT="26" CONTENT="space" WC="1.00" CC="00000"/>
						<SP ID="P97_SP00194" HPOS="312" VPOS="1382" WIDTH="14"/>
						<String ID="P97_ST00223" HPOS="326" VPOS="1347" WIDTH="92" HEIGHT="27" CONTENT="before" WC="1.00" CC="000000"/>
						<SP ID="P97_SP00195" HPOS="418" VPOS="1382" WIDTH="13"/>
						<String ID="P97_ST00224" HPOS="431" VPOS="1346" WIDTH="48" HEIGHT="26" CONTENT="the" WC="0.76" CC="070"/>
						<SP ID="P97_SP00196" HPOS="479" VPOS="1382" WIDTH="21"/>
						<String ID="P97_ST00225" HPOS="500" VPOS="1346" WIDTH="124" HEIGHT="26" CONTENT="factories" WC="0.84" CC="900030000"/>
						<SP ID="P97_SP00197" HPOS="624" VPOS="1382" WIDTH="15"/>
						<String ID="P97_ST00226" HPOS="639" VPOS="1345" WIDTH="21" HEIGHT="26" CONTENT="is" WC="0.73" CC="13"/>
						<SP ID="P97_SP00198" HPOS="660" VPOS="1382" WIDTH="19"/>
						<String ID="P97_ST00227" HPOS="679" VPOS="1345" WIDTH="45" HEIGHT="26" CONTENT="the" WC="0.76" CC="070"/>
						<SP ID="P97_SP00199" HPOS="724" VPOS="1382" WIDTH="15"/>
						<String ID="P97_ST00228" HPOS="739" VPOS="1345" WIDTH="111" HEIGHT="26" CONTENT="rendez" SUBS_TYPE="HypPart1" SUBS_CONTENT="rendezvous" WC="0.64" CC="6060047"/>
						<HYP CONTENT="-"/>
					</TextLine>
					<TextLine ID="P97_TL00030" HPOS="39" VPOS="1392" WIDTH="809" HEIGHT="36">
						<String ID="P97_ST00229" HPOS="39" VPOS="1403" WIDTH="66" HEIGHT="18" CONTENT="vous" SUBS_TYPE="HypPart2" SUBS_CONTENT="rendezvous" WC="0.66" CC="6204"/>
						<SP ID="P97_SP00200" HPOS="105" VPOS="1421" WIDTH="13"/>
						<String ID="P97_ST00230" HPOS="118" VPOS="1394" WIDTH="31" HEIGHT="27" CONTENT="of" WC="0.80" CC="04"/>
						<SP ID="P97_SP00201" HPOS="149" VPOS="1421" WIDTH="10"/>
						<String ID="P97_ST00231" HPOS="159" VPOS="1394" WIDTH="161" HEIGHT="27" CONTENT="multitudes" WC="0.85" CC="6022300000"/>
						<SP ID="P97_SP00202" HPOS="320" VPOS="1421" WIDTH="11"/>
						<String ID="P97_ST00232" HPOS="331" VPOS="1393" WIDTH="85" HEIGHT="28" CONTENT="ofthe" WC="0.86" CC="00060"/>
						<SP ID="P97_SP00203" HPOS="416" VPOS="1421" WIDTH="11"/>
						<String ID="P97_ST00233" HPOS="427" VPOS="1393" WIDTH="115" HEIGHT="31" CONTENT="natives," WC="0.90" CC="60000001"/>
						<SP ID="P97_SP00204" HPOS="542" VPOS="1424" WIDTH="12"/>
						<String ID="P97_ST00234" HPOS="554" VPOS="1392" WIDTH="60" HEIGHT="27" CONTENT="who" WC="0.43" CC="970"/>
						<SP ID="P97_SP00205" HPOS="614" VPOS="1424" WIDTH="10"/>
						<String ID="P97_ST00235" HPOS="624" VPOS="1392" WIDTH="130" HEIGHT="27" CONTENT="assemble" WC="0.86" CC="06200020"/>
						<SP ID="P97_SP00206" HPOS="754" VPOS="1424" WIDTH="12"/>
						<String ID="P97_ST00236" HPOS="766" VPOS="1392" WIDTH="82" HEIGHT="36" CONTENT="daily," WC="0.94" CC="000003"/>
					</TextLine>
					<TextLine ID="P97_TL00031" HPOS="39" VPOS="1439" WIDTH="807" HEIGHT="37">
						<String ID="P97_ST00237" HPOS="39" VPOS="1445" WIDTH="27" HEIGHT="24" CONTENT="to" WC="0.73" CC="05"/>
						<SP ID="P97_SP00207" HPOS="66" VPOS="1469" WIDTH="21"/>
						<String ID="P97_ST00238" HPOS="87" VPOS="1445" WIDTH="119" HEIGHT="24" CONTENT="transact" WC="0.75" CC="01900700"/>
						<SP ID="P97_SP00208" HPOS="206" VPOS="1469" WIDTH="21"/>
						<String ID="P97_ST00239" HPOS="227" VPOS="1441" WIDTH="135" HEIGHT="32" CONTENT="business," WC="0.92" CC="004020000"/>
						<SP ID="P97_SP00209" HPOS="362" VPOS="1473" WIDTH="22"/>
						<String ID="P97_ST00240" HPOS="384" VPOS="1440" WIDTH="101" HEIGHT="36" CONTENT="gratify" WC="0.84" CC="0100215"/>
						<SP ID="P97_SP00210" HPOS="485" VPOS="1476" WIDTH="12"/>
						<String ID="P97_ST00241" HPOS="497" VPOS="1439" WIDTH="138" HEIGHT="35" CONTENT="curiosity," WC="0.78" CC="0003550700"/>
						<SP ID="P97_SP00211" HPOS="635" VPOS="1476" WIDTH="22"/>
						<String ID="P97_ST00242" HPOS="657" VPOS="1448" WIDTH="29" HEIGHT="18" CONTENT="or" WC="0.93" CC="01"/>
						<SP ID="P97_SP00212" HPOS="686" VPOS="1476" WIDTH="16"/>
						<String ID="P97_ST00243" HPOS="702" VPOS="1439" WIDTH="49" HEIGHT="28" CONTENT="kill" WC="0.48" CC="6077"/>
						<SP ID="P97_SP00213" HPOS="751" VPOS="1476" WIDTH="22"/>
						<String ID="P97_ST00244" HPOS="773" VPOS="1439" WIDTH="73" HEIGHT="29" CONTENT="time," WC="0.75" CC="14500"/>
					</TextLine>
				</TextBlock>
			</PrintSpace>
		</Page>
	</Layout>
</alto>
