<?xml version="1.0" encoding="UTF-8"?>
<alto xmlns:xsi="http://www.w3.org/2001/XMLSchema-instance" xsi:noNamespaceSchemaLocation="http://www.bl.uk/schemas/alto/alto-1-4.xsd" xmlns:xlink="http://www.w3.org/1999/xlink">
	<Description>
		<MeasurementUnit>mm10</MeasurementUnit>
		<sourceImageInformation>
			<fileName>//head1/IN/2008-15/A0011390163/005133.jp2</fileName>
		</sourceImageInformation>
		<OCRProcessing ID="OCRPROCESSING_1">
			<preProcessingStep>
				<processingSoftware>
					<softwareCreator>CCS Content Conversion Specialists GmbH, Germany</softwareCreator>
					<softwareName>CCS docWORKS</softwareName>
					<softwareVersion>6.1-0.67</softwareVersion>
				</processingSoftware>
			</preProcessingStep>
			<ocrProcessingStep>
				<processingSoftware>
					<softwareCreator>ABBYY (BIT Software), Russia</softwareCreator>
					<softwareName>Finereader</softwareName>
				</processingSoftware>
			</ocrProcessingStep>
		</OCRProcessing>
	</Description>
	<Styles>
		<TextStyle ID="TXT_0" FONTSIZE="9" FONTFAMILY="Courier New"/>
		<TextStyle ID="TXT_1" FONTSIZE="10" FONTFAMILY="Courier New"/>
		<ParagraphStyle ID="PAR_LEFT" ALIGN="Left"/>
		<ParagraphStyle ID="PAR_RIGHT" ALIGN="Right"/>
		<ParagraphStyle ID="PAR_CENTER" ALIGN="Center"/>
	</Styles>
	<Layout>
		<Page ID="P357" PHYSICAL_IMG_NR="357" HEIGHT="1595" WIDTH="960" PRINTED_IMG_NR="319" POSITION="Right" ACCURACY="75.53">
			<TopMargin ID="P357_TM00001" HPOS="0" VPOS="0" WIDTH="960" HEIGHT="78">
				<TextBlock ID="P357_TB00001" HPOS="386" VPOS="56" WIDTH="132" HEIGHT="17" STYLEREFS="TXT_0 PAR_LEFT">
					<TextLine ID="P357_TL00001" HPOS="386" VPOS="57" WIDTH="132" HEIGHT="16">
						<String ID="P357_ST00001" HPOS="386" VPOS="57" WIDTH="132" HEIGHT="16" CONTENT="SOOLOO." WC="0.85" CC="0310103"/>
					</TextLine>
				</TextBlock>
				<TextBlock ID="P357_TB00002" HPOS="790" VPOS="50" WIDTH="54" HEIGHT="27" STYLEREFS="TXT_1 PAR_RIGHT">
					<TextLine ID="P357_TL00002" HPOS="791" VPOS="52" WIDTH="53" HEIGHT="25">
						<String ID="P357_ST00002" HPOS="791" VPOS="52" WIDTH="53" HEIGHT="25" CONTENT="319" WC="0.61" CC="074"/>
					</TextLine>
				</TextBlock>
			</TopMargin>
			<LeftMargin ID="P357_LM00001" HPOS="0" VPOS="78" WIDTH="33" HEIGHT="1395"/>
			<RightMargin ID="P357_RM00001" HPOS="856" VPOS="78" WIDTH="104" HEIGHT="1395"/>
			<BottomMargin ID="P357_BM00001" HPOS="0" VPOS="1473" WIDTH="960" HEIGHT="122"/>
			<PrintSpace ID="P357_PS00001" HPOS="33" VPOS="78" WIDTH="823" HEIGHT="1395">
				<TextBlock ID="P357_TB00003" HPOS="33" VPOS="112" WIDTH="823" HEIGHT="545" STYLEREFS="TXT_0 PAR_LEFT">
					<TextLine ID="P357_TL00003" HPOS="34" VPOS="113" WIDTH="818" HEIGHT="44">
						<String ID="P357_ST00003" HPOS="34" VPOS="113" WIDTH="88" HEIGHT="27" CONTENT="These" WC="0.78" CC="30006"/>
						<SP ID="P357_SP00001" HPOS="122" VPOS="140" WIDTH="26"/>
						<String ID="P357_ST00004" HPOS="148" VPOS="113" WIDTH="128" HEIGHT="28" CONTENT="brethren" WC="0.75" CC="10030445"/>
						<SP ID="P357_SP00002" HPOS="276" VPOS="141" WIDTH="35"/>
						<String ID="P357_ST00005" HPOS="311" VPOS="126" WIDTH="43" HEIGHT="17" CONTENT="are" WC="0.69" CC="044"/>
						<SP ID="P357_SP00003" HPOS="354" VPOS="143" WIDTH="33"/>
						<String ID="P357_ST00006" HPOS="387" VPOS="119" WIDTH="105" HEIGHT="35" CONTENT="greatly" WC="0.66" CC="0449400"/>
						<SP ID="P357_SP00004" HPOS="492" VPOS="154" WIDTH="26"/>
						<String ID="P357_ST00007" HPOS="518" VPOS="120" WIDTH="170" HEIGHT="36" CONTENT="encouraged" WC="0.81" CC="0800301500"/>
						<SP ID="P357_SP00005" HPOS="688" VPOS="156" WIDTH="30"/>
						<String ID="P357_ST00008" HPOS="718" VPOS="121" WIDTH="35" HEIGHT="36" CONTENT="by" WC="1.00" CC="00"/>
						<SP ID="P357_SP00006" HPOS="753" VPOS="157" WIDTH="28"/>
						<String ID="P357_ST00009" HPOS="781" VPOS="121" WIDTH="71" HEIGHT="26" CONTENT="their" WC="0.66" CC="06009"/>
					</TextLine>
					<TextLine ID="P357_TL00004" HPOS="38" VPOS="162" WIDTH="814" HEIGHT="34">
						<String ID="P357_ST00010" HPOS="38" VPOS="166" WIDTH="139" HEIGHT="30" CONTENT="prospects" WC="0.70" CC="960000045"/>
						<SP ID="P357_SP00007" HPOS="177" VPOS="196" WIDTH="14"/>
						<String ID="P357_ST00011" HPOS="191" VPOS="162" WIDTH="32" HEIGHT="26" CONTENT="of" WC="0.75" CC="04"/>
						<SP ID="P357_SP00008" HPOS="223" VPOS="196" WIDTH="11"/>
						<String ID="P357_ST00012" HPOS="234" VPOS="162" WIDTH="160" HEIGHT="28" CONTENT="usefulness." WC="0.82" CC="02006071000"/>
						<SP ID="P357_SP00009" HPOS="394" VPOS="196" WIDTH="38"/>
						<String ID="P357_ST00013" HPOS="432" VPOS="165" WIDTH="57" HEIGHT="27" CONTENT="The" WC="0.53" CC="076"/>
						<SP ID="P357_SP00010" HPOS="489" VPOS="196" WIDTH="15"/>
						<String ID="P357_ST00014" HPOS="504" VPOS="166" WIDTH="108" HEIGHT="26" CONTENT="schools" WC="0.89" CC="0070000"/>
						<SP ID="P357_SP00011" HPOS="612" VPOS="196" WIDTH="14"/>
						<String ID="P357_ST00015" HPOS="626" VPOS="167" WIDTH="27" HEIGHT="25" CONTENT="in" WC="0.64" CC="07"/>
						<SP ID="P357_SP00012" HPOS="653" VPOS="196" WIDTH="16"/>
						<String ID="P357_ST00016" HPOS="669" VPOS="167" WIDTH="45" HEIGHT="26" CONTENT="the" WC="0.64" CC="450"/>
						<SP ID="P357_SP00013" HPOS="714" VPOS="196" WIDTH="13"/>
						<String ID="P357_ST00017" HPOS="727" VPOS="168" WIDTH="125" HEIGHT="27" CONTENT="environs" WC="0.75" CC="03001077"/>
					</TextLine>
					<TextLine ID="P357_TL00005" HPOS="36" VPOS="208" WIDTH="816" HEIGHT="41">
						<String ID="P357_ST00018" HPOS="36" VPOS="208" WIDTH="32" HEIGHT="26" CONTENT="of" WC="0.69" CC="60"/>
						<SP ID="P357_SP00014" HPOS="68" VPOS="234" WIDTH="11"/>
						<String ID="P357_ST00019" HPOS="79" VPOS="208" WIDTH="123" HEIGHT="26" CONTENT="Manado" WC="0.61" CC="077800"/>
						<SP ID="P357_SP00015" HPOS="202" VPOS="234" WIDTH="15"/>
						<String ID="P357_ST00020" HPOS="217" VPOS="218" WIDTH="43" HEIGHT="17" CONTENT="are" WC="0.74" CC="700"/>
						<SP ID="P357_SP00016" HPOS="260" VPOS="235" WIDTH="15"/>
						<String ID="P357_ST00021" HPOS="275" VPOS="219" WIDTH="146" HEIGHT="19" CONTENT="numerous" WC="0.90" CC="10002003"/>
						<SP ID="P357_SP00017" HPOS="421" VPOS="238" WIDTH="15"/>
						<String ID="P357_ST00022" HPOS="436" VPOS="213" WIDTH="52" HEIGHT="26" CONTENT="and" WC="0.45" CC="960"/>
						<SP ID="P357_SP00018" HPOS="488" VPOS="239" WIDTH="16"/>
						<String ID="P357_ST00023" HPOS="504" VPOS="213" WIDTH="163" HEIGHT="36" CONTENT="increasing," WC="0.73" CC="06040352203"/>
						<SP ID="P357_SP00019" HPOS="667" VPOS="249" WIDTH="15"/>
						<String ID="P357_ST00024" HPOS="682" VPOS="214" WIDTH="44" HEIGHT="26" CONTENT="the" WC="0.60" CC="560"/>
						<SP ID="P357_SP00020" HPOS="726" VPOS="249" WIDTH="21"/>
						<String ID="P357_ST00025" HPOS="747" VPOS="213" WIDTH="105" HEIGHT="27" CONTENT="church" WC="0.67" CC="065205"/>
					</TextLine>
					<TextLine ID="P357_TL00006" HPOS="39" VPOS="256" WIDTH="813" HEIGHT="39">
						<String ID="P357_ST00026" HPOS="39" VPOS="264" WIDTH="132" HEIGHT="26" CONTENT="prospers," WC="0.80" CC="920000301"/>
						<SP ID="P357_SP00021" HPOS="171" VPOS="290" WIDTH="18"/>
						<String ID="P357_ST00027" HPOS="189" VPOS="256" WIDTH="54" HEIGHT="26" CONTENT="and" WC="0.94" CC="010"/>
						<SP ID="P357_SP00022" HPOS="243" VPOS="290" WIDTH="14"/>
						<String ID="P357_ST00028" HPOS="257" VPOS="256" WIDTH="47" HEIGHT="27" CONTENT="the" WC="0.71" CC="170"/>
						<SP ID="P357_SP00023" HPOS="304" VPOS="290" WIDTH="16"/>
						<String ID="P357_ST00029" HPOS="320" VPOS="257" WIDTH="68" HEIGHT="27" CONTENT="Lord" WC="1.00" CC="0000"/>
						<SP ID="P357_SP00024" HPOS="388" VPOS="290" WIDTH="15"/>
						<String ID="P357_ST00030" HPOS="403" VPOS="259" WIDTH="137" HEIGHT="36" CONTENT="evidently" WC="0.81" CC="005003070"/>
						<SP ID="P357_SP00025" HPOS="540" VPOS="295" WIDTH="16"/>
						<String ID="P357_ST00031" HPOS="556" VPOS="260" WIDTH="101" HEIGHT="26" CONTENT="blesses" WC="0.69" CC="6570100"/>
						<SP ID="P357_SP00026" HPOS="657" VPOS="295" WIDTH="21"/>
						<String ID="P357_ST00032" HPOS="678" VPOS="260" WIDTH="46" HEIGHT="26" CONTENT="the" WC="0.54" CC="670"/>
						<SP ID="P357_SP00027" HPOS="724" VPOS="295" WIDTH="20"/>
						<String ID="P357_ST00033" HPOS="744" VPOS="261" WIDTH="108" HEIGHT="26" CONTENT="labours" WC="0.89" CC="3000004"/>
					</TextLine>
					<TextLine ID="P357_TL00007" HPOS="37" VPOS="301" WIDTH="814" HEIGHT="40">
						<String ID="P357_ST00034" HPOS="37" VPOS="302" WIDTH="31" HEIGHT="26" CONTENT="of" WC="0.77" CC="40"/>
						<SP ID="P357_SP00028" HPOS="68" VPOS="328" WIDTH="26"/>
						<String ID="P357_ST00035" HPOS="94" VPOS="301" WIDTH="41" HEIGHT="27" CONTENT="his" WC="0.77" CC="051"/>
						<SP ID="P357_SP00029" HPOS="135" VPOS="328" WIDTH="27"/>
						<String ID="P357_ST00036" HPOS="162" VPOS="308" WIDTH="134" HEIGHT="21" CONTENT="servants." WC="0.84" CC="000084000"/>
						<SP ID="P357_SP00030" HPOS="296" VPOS="329" WIDTH="54"/>
						<String ID="P357_ST00037" HPOS="350" VPOS="306" WIDTH="18" HEIGHT="12" CONTENT='"' WC="1.00" CC="0"/>
						<SP ID="P357_SP00031" HPOS="368" VPOS="329" WIDTH="20"/>
						<String ID="P357_ST00038" HPOS="388" VPOS="305" WIDTH="58" HEIGHT="27" CONTENT="The" WC="0.67" CC="072"/>
						<SP ID="P357_SP00032" HPOS="446" VPOS="332" WIDTH="28"/>
						<String ID="P357_ST00039" HPOS="474" VPOS="306" WIDTH="93" HEIGHT="26" CONTENT="Dutch" WC="0.60" CC="27603"/>
						<SP ID="P357_SP00033" HPOS="567" VPOS="332" WIDTH="32"/>
						<String ID="P357_ST00040" HPOS="599" VPOS="311" WIDTH="177" HEIGHT="30" CONTENT="government" WC="0.71" CC="9005050070"/>
						<SP ID="P357_SP00034" HPOS="776" VPOS="341" WIDTH="26"/>
						<String ID="P357_ST00041" HPOS="802" VPOS="306" WIDTH="49" HEIGHT="27" CONTENT="has" WC="0.94" CC="100"/>
					</TextLine>
					<TextLine ID="P357_TL00008" HPOS="39" VPOS="350" WIDTH="817" HEIGHT="38">
						<String ID="P357_ST00042" HPOS="39" VPOS="350" WIDTH="103" HEIGHT="35" CONTENT="greatly" WC="0.80" CC="9000030"/>
						<SP ID="P357_SP00035" HPOS="142" VPOS="385" WIDTH="15"/>
						<String ID="P357_ST00043" HPOS="157" VPOS="350" WIDTH="80" HEIGHT="26" CONTENT="aided" WC="0.88" CC="05000"/>
						<SP ID="P357_SP00036" HPOS="237" VPOS="385" WIDTH="15"/>
						<String ID="P357_ST00044" HPOS="252" VPOS="350" WIDTH="46" HEIGHT="27" CONTENT="the" WC="0.85" CC="220"/>
						<SP ID="P357_SP00037" HPOS="298" VPOS="385" WIDTH="15"/>
						<String ID="P357_ST00045" HPOS="313" VPOS="351" WIDTH="180" HEIGHT="27" CONTENT="missionaries" WC="0.72" CC="904511520002"/>
						<SP ID="P357_SP00038" HPOS="493" VPOS="385" WIDTH="21"/>
						<String ID="P357_ST00046" HPOS="514" VPOS="353" WIDTH="26" HEIGHT="25" CONTENT="in" WC="0.84" CC="30"/>
						<SP ID="P357_SP00039" HPOS="540" VPOS="385" WIDTH="25"/>
						<String ID="P357_ST00047" HPOS="565" VPOS="352" WIDTH="45" HEIGHT="26" CONTENT="the" WC="0.75" CC="070"/>
						<SP ID="P357_SP00040" HPOS="610" VPOS="385" WIDTH="23"/>
						<String ID="P357_ST00048" HPOS="633" VPOS="353" WIDTH="171" HEIGHT="35" CONTENT="prosecution" WC="0.85" CC="00300000047"/>
						<SP ID="P357_SP00041" HPOS="804" VPOS="388" WIDTH="21"/>
						<String ID="P357_ST00049" HPOS="825" VPOS="354" WIDTH="31" HEIGHT="24" CONTENT="of" WC="0.29" CC="67"/>
					</TextLine>
					<TextLine ID="P357_TL00009" HPOS="39" VPOS="397" WIDTH="813" HEIGHT="37">
						<String ID="P357_ST00050" HPOS="39" VPOS="397" WIDTH="69" HEIGHT="26" CONTENT="their" WC="0.78" CC="25002"/>
						<SP ID="P357_SP00042" HPOS="108" VPOS="423" WIDTH="15"/>
						<String ID="P357_ST00051" HPOS="123" VPOS="397" WIDTH="83" HEIGHT="25" CONTENT="work." WC="0.85" CC="00700"/>
						<SP ID="P357_SP00043" HPOS="206" VPOS="423" WIDTH="39"/>
						<String ID="P357_ST00052" HPOS="245" VPOS="397" WIDTH="88" HEIGHT="27" CONTENT="There" WC="0.91" CC="01030"/>
						<SP ID="P357_SP00044" HPOS="333" VPOS="424" WIDTH="21"/>
						<String ID="P357_ST00053" HPOS="354" VPOS="399" WIDTH="23" HEIGHT="25" CONTENT="is" WC="0.82" CC="21"/>
						<SP ID="P357_SP00045" HPOS="377" VPOS="424" WIDTH="20"/>
						<String ID="P357_ST00054" HPOS="397" VPOS="399" WIDTH="57" HEIGHT="26" CONTENT="also" WC="0.87" CC="0400"/>
						<SP ID="P357_SP00046" HPOS="454" VPOS="425" WIDTH="21"/>
						<String ID="P357_ST00055" HPOS="475" VPOS="409" WIDTH="15" HEIGHT="16" CONTENT="a" WC="1.00" CC="0"/>
						<SP ID="P357_SP00047" HPOS="490" VPOS="425" WIDTH="20"/>
						<String ID="P357_ST00056" HPOS="510" VPOS="400" WIDTH="78" HEIGHT="34" CONTENT="spirit" WC="0.97" CC="000001"/>
						<SP ID="P357_SP00048" HPOS="588" VPOS="434" WIDTH="21"/>
						<String ID="P357_ST00057" HPOS="609" VPOS="399" WIDTH="30" HEIGHT="26" CONTENT="of" WC="0.96" CC="00"/>
						<SP ID="P357_SP00049" HPOS="639" VPOS="434" WIDTH="18"/>
						<String ID="P357_ST00058" HPOS="657" VPOS="399" WIDTH="195" HEIGHT="34" CONTENT="improvement" WC="0.84" CC="06000005320"/>
					</TextLine>
					<TextLine ID="P357_TL00010" HPOS="39" VPOS="444" WIDTH="813" HEIGHT="32">
						<String ID="P357_ST00059" HPOS="39" VPOS="444" WIDTH="26" HEIGHT="25" CONTENT="in" WC="0.55" CC="17"/>
						<SP ID="P357_SP00050" HPOS="65" VPOS="469" WIDTH="15"/>
						<String ID="P357_ST00060" HPOS="80" VPOS="444" WIDTH="46" HEIGHT="25" CONTENT="the" WC="1.00" CC="000"/>
						<SP ID="P357_SP00051" HPOS="126" VPOS="469" WIDTH="14"/>
						<String ID="P357_ST00061" HPOS="140" VPOS="444" WIDTH="121" HEIGHT="26" CONTENT="external" WC="0.71" CC="00109704"/>
						<SP ID="P357_SP00052" HPOS="261" VPOS="470" WIDTH="19"/>
						<String ID="P357_ST00062" HPOS="280" VPOS="444" WIDTH="215" HEIGHT="27" CONTENT="circumstances" WC="0.85" CC="2020000507000"/>
						<SP ID="P357_SP00053" HPOS="495" VPOS="471" WIDTH="20"/>
						<String ID="P357_ST00063" HPOS="515" VPOS="445" WIDTH="31" HEIGHT="26" CONTENT="of" WC="0.82" CC="12"/>
						<SP ID="P357_SP00054" HPOS="546" VPOS="471" WIDTH="16"/>
						<String ID="P357_ST00064" HPOS="562" VPOS="445" WIDTH="46" HEIGHT="26" CONTENT="the" WC="0.81" CC="050"/>
						<SP ID="P357_SP00055" HPOS="608" VPOS="471" WIDTH="20"/>
						<String ID="P357_ST00065" HPOS="628" VPOS="445" WIDTH="114" HEIGHT="31" CONTENT="natives," WC="0.82" CC="40230004"/>
						<SP ID="P357_SP00056" HPOS="742" VPOS="476" WIDTH="22"/>
						<String ID="P357_ST00066" HPOS="764" VPOS="445" WIDTH="88" HEIGHT="26" CONTENT="which" WC="0.51" CC="96304"/>
					</TextLine>
					<TextLine ID="P357_TL00011" HPOS="38" VPOS="491" WIDTH="813" HEIGHT="36">
						<String ID="P357_ST00067" HPOS="38" VPOS="491" WIDTH="100" HEIGHT="35" CONTENT="ahvays" WC="0.87" CC="070000"/>
						<SP ID="P357_SP00057" HPOS="138" VPOS="526" WIDTH="14"/>
						<String ID="P357_ST00068" HPOS="152" VPOS="491" WIDTH="191" HEIGHT="34" CONTENT="accompanies" WC="0.77" CC="00008907000"/>
						<SP ID="P357_SP00058" HPOS="343" VPOS="526" WIDTH="16"/>
						<String ID="P357_ST00069" HPOS="359" VPOS="491" WIDTH="44" HEIGHT="26" CONTENT="the" WC="0.67" CC="171"/>
						<SP ID="P357_SP00059" HPOS="403" VPOS="526" WIDTH="15"/>
						<String ID="P357_ST00070" HPOS="418" VPOS="500" WIDTH="124" HEIGHT="27" CONTENT="progress" WC="0.65" CC="91702060"/>
						<SP ID="P357_SP00060" HPOS="542" VPOS="527" WIDTH="13"/>
						<String ID="P357_ST00071" HPOS="555" VPOS="492" WIDTH="87" HEIGHT="25" CONTENT="ofthe" WC="0.84" CC="00070"/>
						<SP ID="P357_SP00061" HPOS="642" VPOS="527" WIDTH="17"/>
						<String ID="P357_ST00072" HPOS="659" VPOS="501" WIDTH="66" HEIGHT="26" CONTENT="pure" WC="0.89" CC="0040"/>
						<SP ID="P357_SP00062" HPOS="725" VPOS="527" WIDTH="14"/>
						<String ID="P357_ST00073" HPOS="739" VPOS="491" WIDTH="112" HEIGHT="35" CONTENT="Gospel." WC="0.72" CC="4027050"/>
					</TextLine>
					<TextLine ID="P357_TL00012" HPOS="44" VPOS="537" WIDTH="808" HEIGHT="36">
						<String ID="P357_ST00074" HPOS="44" VPOS="537" WIDTH="50" HEIGHT="27" CONTENT="We" WC="0.72" CC="50"/>
						<SP ID="P357_SP00063" HPOS="94" VPOS="564" WIDTH="14"/>
						<String ID="P357_ST00075" HPOS="108" VPOS="538" WIDTH="70" HEIGHT="26" CONTENT="shall" WC="0.86" CC="07000"/>
						<SP ID="P357_SP00064" HPOS="178" VPOS="564" WIDTH="14"/>
						<String ID="P357_ST00076" HPOS="192" VPOS="547" WIDTH="67" HEIGHT="17" CONTENT="soon" WC="0.58" CC="0564"/>
						<SP ID="P357_SP00065" HPOS="259" VPOS="564" WIDTH="13"/>
						<String ID="P357_ST00077" HPOS="272" VPOS="538" WIDTH="66" HEIGHT="25" CONTENT="hear" WC="0.78" CC="6020"/>
						<SP ID="P357_SP00066" HPOS="338" VPOS="564" WIDTH="14"/>
						<String ID="P357_ST00078" HPOS="352" VPOS="547" WIDTH="71" HEIGHT="17" CONTENT="more" WC="0.74" CC="9010"/>
						<SP ID="P357_SP00067" HPOS="423" VPOS="564" WIDTH="15"/>
						<String ID="P357_ST00079" HPOS="438" VPOS="538" WIDTH="154" HEIGHT="35" CONTENT="respecting" WC="0.74" CC="5070006060"/>
						<SP ID="P357_SP00068" HPOS="592" VPOS="573" WIDTH="13"/>
						<String ID="P357_ST00080" HPOS="605" VPOS="538" WIDTH="46" HEIGHT="26" CONTENT="the" WC="0.69" CC="071"/>
						<SP ID="P357_SP00069" HPOS="651" VPOS="573" WIDTH="14"/>
						<String ID="P357_ST00081" HPOS="665" VPOS="543" WIDTH="75" HEIGHT="29" CONTENT="great" WC="0.86" CC="01050"/>
						<SP ID="P357_SP00070" HPOS="740" VPOS="573" WIDTH="20"/>
						<String ID="P357_ST00082" HPOS="760" VPOS="538" WIDTH="92" HEIGHT="33" CONTENT="things" WC="0.91" CC="000202"/>
					</TextLine>
					<TextLine ID="P357_TL00013" HPOS="41" VPOS="584" WIDTH="813" HEIGHT="36">
						<String ID="P357_ST00083" HPOS="41" VPOS="584" WIDTH="86" HEIGHT="27" CONTENT="which" WC="0.76" CC="06500"/>
						<SP ID="P357_SP00071" HPOS="127" VPOS="611" WIDTH="35"/>
						<String ID="P357_ST00084" HPOS="162" VPOS="584" WIDTH="46" HEIGHT="27" CONTENT="the" WC="0.85" CC="400"/>
						<SP ID="P357_SP00072" HPOS="208" VPOS="611" WIDTH="33"/>
						<String ID="P357_ST00085" HPOS="241" VPOS="584" WIDTH="151" HEIGHT="27" CONTENT="Redeemer" WC="0.96" CC="03000000"/>
						<SP ID="P357_SP00073" HPOS="392" VPOS="611" WIDTH="33"/>
						<String ID="P357_ST00086" HPOS="425" VPOS="585" WIDTH="48" HEIGHT="25" CONTENT="has" WC="0.42" CC="709"/>
						<SP ID="P357_SP00074" HPOS="473" VPOS="611" WIDTH="31"/>
						<String ID="P357_ST00087" HPOS="504" VPOS="585" WIDTH="72" HEIGHT="26" CONTENT="done" WC="0.75" CC="0360"/>
						<SP ID="P357_SP00075" HPOS="576" VPOS="611" WIDTH="32"/>
						<String ID="P357_ST00088" HPOS="608" VPOS="584" WIDTH="40" HEIGHT="26" CONTENT="for" WC="0.80" CC="500"/>
						<SP ID="P357_SP00076" HPOS="648" VPOS="611" WIDTH="32"/>
						<String ID="P357_ST00089" HPOS="680" VPOS="584" WIDTH="76" HEIGHT="26" CONTENT="these" WC="0.90" CC="04000"/>
						<SP ID="P357_SP00077" HPOS="756" VPOS="611" WIDTH="32"/>
						<String ID="P357_ST00090" HPOS="788" VPOS="593" WIDTH="66" HEIGHT="27" CONTENT="poor" WC="0.77" CC="0044"/>
					</TextLine>
					<TextLine ID="P357_TL00014" HPOS="40" VPOS="632" WIDTH="188" HEIGHT="25">
						<String ID="P357_ST00091" HPOS="40" VPOS="632" WIDTH="131" HEIGHT="25" CONTENT="islanders" WC="0.80" CC="303037000"/>
						<SP ID="P357_SP00078" HPOS="171" VPOS="657" WIDTH="12"/>
						<String ID="P357_ST00092" HPOS="183" VPOS="632" WIDTH="45" HEIGHT="25" CONTENT='*."' WC="0.71" CC="132"/>
					</TextLine>
				</TextBlock>
				<TextBlock ID="P357_TB00004" HPOS="33" VPOS="678" WIDTH="818" HEIGHT="695" STYLEREFS="TXT_0 PAR_LEFT">
					<TextLine ID="P357_TL00015" HPOS="78" VPOS="678" WIDTH="773" HEIGHT="33">
						<String ID="P357_ST00093" HPOS="78" VPOS="678" WIDTH="113" HEIGHT="27" CONTENT="Farther" WC="0.89" CC="1004100"/>
						<SP ID="P357_SP00079" HPOS="191" VPOS="705" WIDTH="15"/>
						<String ID="P357_ST00094" HPOS="206" VPOS="685" WIDTH="26" HEIGHT="20" CONTENT="to" WC="0.73" CC="50"/>
						<SP ID="P357_SP00080" HPOS="232" VPOS="705" WIDTH="16"/>
						<String ID="P357_ST00095" HPOS="248" VPOS="679" WIDTH="45" HEIGHT="26" CONTENT="the" WC="0.67" CC="270"/>
						<SP ID="P357_SP00081" HPOS="293" VPOS="705" WIDTH="18"/>
						<String ID="P357_ST00096" HPOS="311" VPOS="679" WIDTH="80" HEIGHT="26" CONTENT="north" WC="0.59" CC="72045"/>
						<SP ID="P357_SP00082" HPOS="391" VPOS="705" WIDTH="16"/>
						<String ID="P357_ST00097" HPOS="407" VPOS="679" WIDTH="47" HEIGHT="26" CONTENT="lies" WC="0.88" CC="0004"/>
						<SP ID="P357_SP00083" HPOS="454" VPOS="705" WIDTH="13"/>
						<String ID="P357_ST00098" HPOS="467" VPOS="678" WIDTH="47" HEIGHT="27" CONTENT="the" WC="0.75" CC="070"/>
						<SP ID="P357_SP00084" HPOS="514" VPOS="705" WIDTH="15"/>
						<String ID="P357_ST00099" HPOS="529" VPOS="678" WIDTH="86" HEIGHT="27" CONTENT="island" WC="0.68" CC="170360"/>
						<SP ID="P357_SP00085" HPOS="615" VPOS="705" WIDTH="16"/>
						<String ID="P357_ST00100" HPOS="631" VPOS="679" WIDTH="29" HEIGHT="25" CONTENT="of" WC="0.90" CC="10"/>
						<SP ID="P357_SP00086" HPOS="660" VPOS="705" WIDTH="17"/>
						<String ID="P357_ST00101" HPOS="677" VPOS="678" WIDTH="108" HEIGHT="33" CONTENT="Sooloo," WC="0.79" CC="2003034"/>
						<SP ID="P357_SP00087" HPOS="785" VPOS="711" WIDTH="13"/>
						<String ID="P357_ST00102" HPOS="798" VPOS="679" WIDTH="53" HEIGHT="25" CONTENT="and" WC="0.93" CC="020"/>
					</TextLine>
					<TextLine ID="P357_TL00016" HPOS="40" VPOS="725" WIDTH="811" HEIGHT="37">
						<String ID="P357_ST00103" HPOS="40" VPOS="737" WIDTH="14" HEIGHT="16" CONTENT="a" WC="0.53" CC="4"/>
						<SP ID="P357_SP00088" HPOS="54" VPOS="753" WIDTH="14"/>
						<String ID="P357_ST00104" HPOS="68" VPOS="726" WIDTH="77" HEIGHT="26" CONTENT="small" WC="0.86" CC="01023"/>
						<SP ID="P357_SP00089" HPOS="145" VPOS="753" WIDTH="22"/>
						<String ID="P357_ST00105" HPOS="167" VPOS="736" WIDTH="86" HEIGHT="26" CONTENT="group" WC="0.51" CC="94009"/>
						<SP ID="P357_SP00090" HPOS="253" VPOS="762" WIDTH="19"/>
						<String ID="P357_ST00106" HPOS="272" VPOS="725" WIDTH="101" HEIGHT="27" CONTENT="known" WC="0.84" CC="07000"/>
						<SP ID="P357_SP00091" HPOS="373" VPOS="762" WIDTH="21"/>
						<String ID="P357_ST00107" HPOS="394" VPOS="726" WIDTH="36" HEIGHT="36" CONTENT="by" WC="1.00" CC="00"/>
						<SP ID="P357_SP00092" HPOS="430" VPOS="762" WIDTH="15"/>
						<String ID="P357_ST00108" HPOS="445" VPOS="726" WIDTH="60" HEIGHT="26" CONTENT="that" WC="0.67" CC="3702"/>
						<SP ID="P357_SP00093" HPOS="505" VPOS="762" WIDTH="15"/>
						<String ID="P357_ST00109" HPOS="520" VPOS="736" WIDTH="88" HEIGHT="16" CONTENT="name." WC="0.76" CC="80030"/>
						<SP ID="P357_SP00094" HPOS="608" VPOS="762" WIDTH="38"/>
						<String ID="P357_ST00110" HPOS="646" VPOS="725" WIDTH="117" HEIGHT="36" CONTENT="Though" WC="0.86" CC="030004"/>
						<SP ID="P357_SP00095" HPOS="763" VPOS="762" WIDTH="15"/>
						<String ID="P357_ST00111" HPOS="778" VPOS="734" WIDTH="73" HEIGHT="18" CONTENT="com" SUBS_TYPE="HypPart1" SUBS_CONTENT="comparatively" WC="0.75" CC="0090"/>
						<HYP CONTENT="-"/>
					</TextLine>
					<TextLine ID="P357_TL00017" HPOS="41" VPOS="772" WIDTH="810" HEIGHT="37">
						<String ID="P357_ST00112" HPOS="41" VPOS="773" WIDTH="146" HEIGHT="36" CONTENT="paratively" SUBS_TYPE="HypPart2" SUBS_CONTENT="comparatively" WC="0.81" CC="9050020000"/>
						<SP ID="P357_SP00096" HPOS="187" VPOS="809" WIDTH="11"/>
						<String ID="P357_ST00113" HPOS="198" VPOS="773" WIDTH="103" HEIGHT="26" CONTENT="limited" WC="1.00" CC="0000000"/>
						<SP ID="P357_SP00097" HPOS="301" VPOS="809" WIDTH="11"/>
						<String ID="P357_ST00114" HPOS="312" VPOS="773" WIDTH="27" HEIGHT="25" CONTENT="in" WC="0.84" CC="03"/>
						<SP ID="P357_SP00098" HPOS="339" VPOS="809" WIDTH="12"/>
						<String ID="P357_ST00115" HPOS="351" VPOS="773" WIDTH="176" HEIGHT="30" CONTENT="dimensions," WC="0.76" CC="02007230704"/>
						<SP ID="P357_SP00099" HPOS="527" VPOS="809" WIDTH="14"/>
						<String ID="P357_ST00116" HPOS="541" VPOS="773" WIDTH="97" HEIGHT="26" CONTENT="Sooloo" WC="0.86" CC="520000"/>
						<SP ID="P357_SP00100" HPOS="638" VPOS="809" WIDTH="11"/>
						<String ID="P357_ST00117" HPOS="649" VPOS="773" WIDTH="22" HEIGHT="25" CONTENT="is" WC="0.80" CC="30"/>
						<SP ID="P357_SP00101" HPOS="671" VPOS="809" WIDTH="12"/>
						<String ID="P357_ST00118" HPOS="683" VPOS="772" WIDTH="168" HEIGHT="36" CONTENT="represented" WC="0.83" CC="30000503400"/>
					</TextLine>
					<TextLine ID="P357_TL00018" HPOS="40" VPOS="819" WIDTH="811" HEIGHT="38">
						<String ID="P357_ST00119" HPOS="40" VPOS="821" WIDTH="34" HEIGHT="36" CONTENT="by" WC="0.65" CC="70"/>
						<SP ID="P357_SP00102" HPOS="74" VPOS="857" WIDTH="15"/>
						<String ID="P357_ST00120" HPOS="89" VPOS="820" WIDTH="131" HEIGHT="35" CONTENT="Dampier" WC="0.83" CC="0090002"/>
						<SP ID="P357_SP00103" HPOS="220" VPOS="857" WIDTH="22"/>
						<String ID="P357_ST00121" HPOS="242" VPOS="830" WIDTH="29" HEIGHT="17" CONTENT="as" WC="0.96" CC="00"/>
						<SP ID="P357_SP00104" HPOS="271" VPOS="857" WIDTH="24"/>
						<String ID="P357_ST00122" HPOS="295" VPOS="830" WIDTH="51" HEIGHT="17" CONTENT="one" WC="0.76" CC="061"/>
						<SP ID="P357_SP00105" HPOS="346" VPOS="857" WIDTH="20"/>
						<String ID="P357_ST00123" HPOS="366" VPOS="821" WIDTH="31" HEIGHT="26" CONTENT="of" WC="1.00" CC="00"/>
						<SP ID="P357_SP00106" HPOS="397" VPOS="857" WIDTH="17"/>
						<String ID="P357_ST00124" HPOS="414" VPOS="820" WIDTH="46" HEIGHT="27" CONTENT="the" WC="0.86" CC="040"/>
						<SP ID="P357_SP00107" HPOS="460" VPOS="857" WIDTH="22"/>
						<String ID="P357_ST00125" HPOS="482" VPOS="825" WIDTH="70" HEIGHT="22" CONTENT="most" WC="0.72" CC="5104"/>
						<SP ID="P357_SP00108" HPOS="552" VPOS="857" WIDTH="23"/>
						<String ID="P357_ST00126" HPOS="575" VPOS="819" WIDTH="159" HEIGHT="35" CONTENT="interesting" WC="0.78" CC="25000000069"/>
						<SP ID="P357_SP00109" HPOS="734" VPOS="857" WIDTH="17"/>
						<String ID="P357_ST00127" HPOS="751" VPOS="819" WIDTH="100" HEIGHT="26" CONTENT="islands" WC="0.66" CC="2510580"/>
					</TextLine>
					<TextLine ID="P357_TL00019" HPOS="40" VPOS="866" WIDTH="811" HEIGHT="37">
						<String ID="P357_ST00128" HPOS="40" VPOS="868" WIDTH="27" HEIGHT="26" CONTENT="in" WC="0.37" CC="75"/>
						<SP ID="P357_SP00110" HPOS="67" VPOS="894" WIDTH="23"/>
						<String ID="P357_ST00129" HPOS="90" VPOS="869" WIDTH="55" HEIGHT="25" CONTENT="this" WC="0.63" CC="3145"/>
						<SP ID="P357_SP00111" HPOS="145" VPOS="894" WIDTH="22"/>
						<String ID="P357_ST00130" HPOS="167" VPOS="873" WIDTH="58" HEIGHT="30" CONTENT="part" WC="0.91" CC="0003"/>
						<SP ID="P357_SP00112" HPOS="225" VPOS="903" WIDTH="19"/>
						<String ID="P357_ST00131" HPOS="244" VPOS="868" WIDTH="30" HEIGHT="26" CONTENT="of" WC="0.72" CC="50"/>
						<SP ID="P357_SP00113" HPOS="274" VPOS="903" WIDTH="17"/>
						<String ID="P357_ST00132" HPOS="291" VPOS="868" WIDTH="46" HEIGHT="26" CONTENT="the" WC="0.73" CC="610"/>
						<SP ID="P357_SP00114" HPOS="337" VPOS="903" WIDTH="17"/>
						<String ID="P357_ST00133" HPOS="354" VPOS="868" WIDTH="92" HEIGHT="26" CONTENT="world." WC="0.73" CC="942000"/>
						<SP ID="P357_SP00115" HPOS="446" VPOS="903" WIDTH="41"/>
						<String ID="P357_ST00134" HPOS="487" VPOS="867" WIDTH="25" HEIGHT="26" CONTENT="It" WC="0.76" CC="04"/>
						<SP ID="P357_SP00116" HPOS="512" VPOS="903" WIDTH="21"/>
						<String ID="P357_ST00135" HPOS="533" VPOS="867" WIDTH="22" HEIGHT="26" CONTENT="is" WC="0.58" CC="25"/>
						<SP ID="P357_SP00117" HPOS="555" VPOS="903" WIDTH="20"/>
						<String ID="P357_ST00136" HPOS="575" VPOS="867" WIDTH="150" HEIGHT="27" CONTENT="celebrated" WC="0.69" CC="0420590008"/>
						<SP ID="P357_SP00118" HPOS="725" VPOS="903" WIDTH="22"/>
						<String ID="P357_ST00137" HPOS="747" VPOS="867" WIDTH="39" HEIGHT="25" CONTENT="for" WC="0.60" CC="650"/>
						<SP ID="P357_SP00119" HPOS="786" VPOS="903" WIDTH="20"/>
						<String ID="P357_ST00138" HPOS="806" VPOS="866" WIDTH="45" HEIGHT="25" CONTENT="the" WC="0.65" CC="550"/>
					</TextLine>
					<TextLine ID="P357_TL00020" HPOS="39" VPOS="913" WIDTH="812" HEIGHT="38">
						<String ID="P357_ST00139" HPOS="39" VPOS="916" WIDTH="71" HEIGHT="35" CONTENT="large" WC="0.60" CC="79200"/>
						<SP ID="P357_SP00120" HPOS="110" VPOS="951" WIDTH="18"/>
						<String ID="P357_ST00140" HPOS="128" VPOS="915" WIDTH="127" HEIGHT="36" CONTENT="quantity" WC="0.72" CC="01723060"/>
						<SP ID="P357_SP00121" HPOS="255" VPOS="951" WIDTH="16"/>
						<String ID="P357_ST00141" HPOS="271" VPOS="915" WIDTH="30" HEIGHT="26" CONTENT="of" WC="0.53" CC="36"/>
						<SP ID="P357_SP00122" HPOS="301" VPOS="951" WIDTH="17"/>
						<String ID="P357_ST00142" HPOS="318" VPOS="914" WIDTH="148" HEIGHT="36" CONTENT="ambergris" WC="0.68" CC="060070642"/>
						<SP ID="P357_SP00123" HPOS="466" VPOS="951" WIDTH="16"/>
						<String ID="P357_ST00143" HPOS="482" VPOS="914" WIDTH="105" HEIGHT="27" CONTENT="thrown" WC="0.48" CC="770096"/>
						<SP ID="P357_SP00124" HPOS="587" VPOS="951" WIDTH="12"/>
						<String ID="P357_ST00144" HPOS="599" VPOS="923" WIDTH="74" HEIGHT="27" CONTENT="upon" WC="0.80" CC="4003"/>
						<SP ID="P357_SP00125" HPOS="673" VPOS="951" WIDTH="22"/>
						<String ID="P357_ST00145" HPOS="695" VPOS="914" WIDTH="34" HEIGHT="26" CONTENT="its" WC="0.60" CC="605"/>
						<SP ID="P357_SP00126" HPOS="729" VPOS="951" WIDTH="21"/>
						<String ID="P357_ST00146" HPOS="750" VPOS="913" WIDTH="101" HEIGHT="31" CONTENT="shores," WC="0.80" CC="0204013"/>
					</TextLine>
					<TextLine ID="P357_TL00021" HPOS="37" VPOS="960" WIDTH="814" HEIGHT="37">
						<String ID="P357_ST00147" HPOS="37" VPOS="963" WIDTH="58" HEIGHT="26" CONTENT="also" WC="0.86" CC="0040"/>
						<SP ID="P357_SP00127" HPOS="95" VPOS="989" WIDTH="25"/>
						<String ID="P357_ST00148" HPOS="120" VPOS="962" WIDTH="41" HEIGHT="27" CONTENT="for" WC="0.55" CC="066"/>
						<SP ID="P357_SP00128" HPOS="161" VPOS="989" WIDTH="23"/>
						<String ID="P357_ST00149" HPOS="184" VPOS="967" WIDTH="35" HEIGHT="21" CONTENT="its" WC="0.48" CC="167"/>
						<SP ID="P357_SP00129" HPOS="219" VPOS="989" WIDTH="25"/>
						<String ID="P357_ST00150" HPOS="244" VPOS="962" WIDTH="124" HEIGHT="26" CONTENT="valuable" WC="0.79" CC="02070060"/>
						<SP ID="P357_SP00130" HPOS="368" VPOS="989" WIDTH="24"/>
						<String ID="P357_ST00151" HPOS="392" VPOS="961" WIDTH="73" HEIGHT="36" CONTENT="pearl" WC="0.76" CC="90002"/>
						<SP ID="P357_SP00131" HPOS="465" VPOS="997" WIDTH="21"/>
						<String ID="P357_ST00152" HPOS="486" VPOS="961" WIDTH="108" HEIGHT="35" CONTENT="fishery." WC="0.80" CC="00760001"/>
						<SP ID="P357_SP00132" HPOS="594" VPOS="997" WIDTH="54"/>
						<String ID="P357_ST00153" HPOS="648" VPOS="960" WIDTH="113" HEIGHT="27" CONTENT="Besides" WC="0.73" CC="6050006"/>
						<SP ID="P357_SP00133" HPOS="761" VPOS="997" WIDTH="15"/>
						<String ID="P357_ST00154" HPOS="776" VPOS="960" WIDTH="75" HEIGHT="26" CONTENT="these" WC="0.61" CC="76060"/>
					</TextLine>
					<TextLine ID="P357_TL00022" HPOS="37" VPOS="1007" WIDTH="814" HEIGHT="36">
						<String ID="P357_ST00155" HPOS="37" VPOS="1018" WIDTH="109" HEIGHT="17" CONTENT="sources" WC="0.84" CC="7004000"/>
						<SP ID="P357_SP00134" HPOS="146" VPOS="1035" WIDTH="21"/>
						<String ID="P357_ST00156" HPOS="167" VPOS="1009" WIDTH="32" HEIGHT="26" CONTENT="of" WC="1.00" CC="00"/>
						<SP ID="P357_SP00135" HPOS="199" VPOS="1035" WIDTH="17"/>
						<String ID="P357_ST00157" HPOS="216" VPOS="1008" WIDTH="107" HEIGHT="32" CONTENT="wealth," WC="0.67" CC="8032062"/>
						<SP ID="P357_SP00136" HPOS="323" VPOS="1040" WIDTH="21"/>
						<String ID="P357_ST00158" HPOS="344" VPOS="1008" WIDTH="22" HEIGHT="27" CONTENT="it" WC="0.86" CC="02"/>
						<SP ID="P357_SP00137" HPOS="366" VPOS="1040" WIDTH="18"/>
						<String ID="P357_ST00159" HPOS="384" VPOS="1008" WIDTH="125" HEIGHT="27" CONTENT="abounds" WC="0.86" CC="0301400"/>
						<SP ID="P357_SP00138" HPOS="509" VPOS="1040" WIDTH="22"/>
						<String ID="P357_ST00160" HPOS="531" VPOS="1008" WIDTH="26" HEIGHT="26" CONTENT="in" WC="0.56" CC="53"/>
						<SP ID="P357_SP00139" HPOS="557" VPOS="1040" WIDTH="23"/>
						<String ID="P357_ST00161" HPOS="580" VPOS="1017" WIDTH="68" HEIGHT="23" CONTENT="wax," WC="0.74" CC="0063"/>
						<SP ID="P357_SP00140" HPOS="648" VPOS="1040" WIDTH="17"/>
						<String ID="P357_ST00162" HPOS="665" VPOS="1007" WIDTH="73" HEIGHT="36" CONTENT="gold," WC="0.78" CC="05400"/>
						<SP ID="P357_SP00141" HPOS="738" VPOS="1043" WIDTH="21"/>
						<String ID="P357_ST00163" HPOS="759" VPOS="1007" WIDTH="92" HEIGHT="27" CONTENT="birds'" SUBS_TYPE="HypPart1" SUBS_CONTENT="birds'nests," WC="0.87" CC="0020600"/>
						<HYP CONTENT="-"/>
					</TextLine>
					<TextLine ID="P357_TL00023" HPOS="38" VPOS="1054" WIDTH="813" HEIGHT="34">
						<String ID="P357_ST00164" HPOS="38" VPOS="1062" WIDTH="84" HEIGHT="26" CONTENT="nests," SUBS_TYPE="HypPart2" SUBS_CONTENT="birds'nests," WC="0.84" CC="000512"/>
						<SP ID="P357_SP00142" HPOS="122" VPOS="1088" WIDTH="24"/>
						<String ID="P357_ST00165" HPOS="146" VPOS="1055" WIDTH="85" HEIGHT="27" CONTENT="beche" WC="0.87" CC="00060"/>
						<SP ID="P357_SP00143" HPOS="231" VPOS="1088" WIDTH="21"/>
						<String ID="P357_ST00166" HPOS="252" VPOS="1057" WIDTH="33" HEIGHT="25" CONTENT="de" WC="0.47" CC="81"/>
						<SP ID="P357_SP00144" HPOS="285" VPOS="1088" WIDTH="21"/>
						<String ID="P357_ST00167" HPOS="306" VPOS="1064" WIDTH="64" HEIGHT="21" CONTENT="mer," WC="0.85" CC="0050"/>
						<SP ID="P357_SP00145" HPOS="370" VPOS="1088" WIDTH="28"/>
						<String ID="P357_ST00168" HPOS="398" VPOS="1055" WIDTH="52" HEIGHT="26" CONTENT="and" WC="0.81" CC="050"/>
						<SP ID="P357_SP00146" HPOS="450" VPOS="1088" WIDTH="21"/>
						<String ID="P357_ST00169" HPOS="471" VPOS="1055" WIDTH="80" HEIGHT="26" CONTENT="other" WC="0.61" CC="66005"/>
						<SP ID="P357_SP00147" HPOS="551" VPOS="1088" WIDTH="22"/>
						<String ID="P357_ST00170" HPOS="573" VPOS="1054" WIDTH="108" HEIGHT="27" CONTENT="articles" WC="0.82" CC="01530201"/>
						<SP ID="P357_SP00148" HPOS="681" VPOS="1088" WIDTH="23"/>
						<String ID="P357_ST00171" HPOS="704" VPOS="1055" WIDTH="32" HEIGHT="25" CONTENT="of" WC="1.00" CC="00"/>
						<SP ID="P357_SP00149" HPOS="736" VPOS="1088" WIDTH="18"/>
						<String ID="P357_ST00172" HPOS="754" VPOS="1055" WIDTH="97" HEIGHT="26" CONTENT="traffic." WC="0.97" CC="00000020"/>
					</TextLine>
					<TextLine ID="P357_TL00024" HPOS="39" VPOS="1101" WIDTH="812" HEIGHT="29">
						<String ID="P357_ST00173" HPOS="39" VPOS="1103" WIDTH="112" HEIGHT="27" CONTENT="Writers" WC="0.50" CC="9376052"/>
						<SP ID="P357_SP00150" HPOS="151" VPOS="1130" WIDTH="13"/>
						<String ID="P357_ST00174" HPOS="164" VPOS="1102" WIDTH="79" HEIGHT="27" CONTENT="differ" WC="0.86" CC="031102"/>
						<SP ID="P357_SP00151" HPOS="243" VPOS="1130" WIDTH="13"/>
						<String ID="P357_ST00175" HPOS="256" VPOS="1103" WIDTH="85" HEIGHT="26" CONTENT="about" WC="0.78" CC="01045"/>
						<SP ID="P357_SP00152" HPOS="341" VPOS="1130" WIDTH="19"/>
						<String ID="P357_ST00176" HPOS="360" VPOS="1102" WIDTH="46" HEIGHT="27" CONTENT="the" WC="0.65" CC="630"/>
						<SP ID="P357_SP00153" HPOS="406" VPOS="1130" WIDTH="16"/>
						<String ID="P357_ST00177" HPOS="422" VPOS="1102" WIDTH="112" HEIGHT="26" CONTENT="number" WC="0.61" CC="800706"/>
						<SP ID="P357_SP00154" HPOS="534" VPOS="1130" WIDTH="14"/>
						<String ID="P357_ST00178" HPOS="548" VPOS="1102" WIDTH="53" HEIGHT="26" CONTENT="and" WC="0.72" CC="007"/>
						<SP ID="P357_SP00155" HPOS="601" VPOS="1130" WIDTH="15"/>
						<String ID="P357_ST00179" HPOS="616" VPOS="1101" WIDTH="140" HEIGHT="27" CONTENT="character" WC="0.76" CC="050080600"/>
						<SP ID="P357_SP00156" HPOS="756" VPOS="1130" WIDTH="14"/>
						<String ID="P357_ST00180" HPOS="770" VPOS="1101" WIDTH="29" HEIGHT="26" CONTENT="of" WC="0.38" CC="29"/>
						<SP ID="P357_SP00157" HPOS="799" VPOS="1130" WIDTH="17"/>
						<String ID="P357_ST00181" HPOS="816" VPOS="1102" WIDTH="35" HEIGHT="25" CONTENT="its" WC="0.75" CC="007"/>
					</TextLine>
					<TextLine ID="P357_TL00025" HPOS="36" VPOS="1146" WIDTH="815" HEIGHT="38">
						<String ID="P357_ST00182" HPOS="36" VPOS="1150" WIDTH="178" HEIGHT="27" CONTENT="inhabitants." WC="0.70" CC="431002606613"/>
						<SP ID="P357_SP00158" HPOS="214" VPOS="1177" WIDTH="42"/>
						<String ID="P357_ST00183" HPOS="256" VPOS="1150" WIDTH="44" HEIGHT="25" CONTENT="All" WC="0.93" CC="010"/>
						<SP ID="P357_SP00159" HPOS="300" VPOS="1177" WIDTH="15"/>
						<String ID="P357_ST00184" HPOS="315" VPOS="1158" WIDTH="79" HEIGHT="26" CONTENT="agree" WC="0.80" CC="36000"/>
						<SP ID="P357_SP00160" HPOS="394" VPOS="1184" WIDTH="19"/>
						<String ID="P357_ST00185" HPOS="413" VPOS="1148" WIDTH="154" HEIGHT="35" CONTENT="respecting" WC="0.77" CC="0050004380"/>
						<SP ID="P357_SP00161" HPOS="567" VPOS="1184" WIDTH="22"/>
						<String ID="P357_ST00186" HPOS="589" VPOS="1147" WIDTH="45" HEIGHT="26" CONTENT="the" WC="0.60" CC="650"/>
						<SP ID="P357_SP00162" HPOS="634" VPOS="1184" WIDTH="21"/>
						<String ID="P357_ST00187" HPOS="655" VPOS="1156" WIDTH="88" HEIGHT="26" CONTENT="power" WC="0.90" CC="00005"/>
						<SP ID="P357_SP00163" HPOS="743" VPOS="1184" WIDTH="14"/>
						<String ID="P357_ST00188" HPOS="757" VPOS="1148" WIDTH="32" HEIGHT="25" CONTENT="of" WC="0.51" CC="63"/>
						<SP ID="P357_SP00164" HPOS="789" VPOS="1184" WIDTH="17"/>
						<String ID="P357_ST00189" HPOS="806" VPOS="1146" WIDTH="45" HEIGHT="27" CONTENT="the" WC="0.70" CC="530"/>
					</TextLine>
					<TextLine ID="P357_TL00026" HPOS="36" VPOS="1193" WIDTH="815" HEIGHT="36">
						<String ID="P357_ST00190" HPOS="36" VPOS="1196" WIDTH="109" HEIGHT="33" CONTENT="Sultan," WC="0.71" CC="0640062"/>
						<SP ID="P357_SP00165" HPOS="145" VPOS="1229" WIDTH="26"/>
						<String ID="P357_ST00191" HPOS="171" VPOS="1196" WIDTH="90" HEIGHT="26" CONTENT="whose" WC="0.74" CC="92000"/>
						<SP ID="P357_SP00166" HPOS="261" VPOS="1229" WIDTH="20"/>
						<String ID="P357_ST00192" HPOS="281" VPOS="1195" WIDTH="155" HEIGHT="27" CONTENT="dominions" WC="0.70" CC="800070460"/>
						<SP ID="P357_SP00167" HPOS="436" VPOS="1229" WIDTH="21"/>
						<String ID="P357_ST00193" HPOS="457" VPOS="1194" WIDTH="109" HEIGHT="26" CONTENT="include" WC="0.69" CC="0805060"/>
						<SP ID="P357_SP00168" HPOS="566" VPOS="1229" WIDTH="21"/>
						<String ID="P357_ST00194" HPOS="587" VPOS="1194" WIDTH="45" HEIGHT="26" CONTENT="the" WC="0.75" CC="070"/>
						<SP ID="P357_SP00169" HPOS="632" VPOS="1229" WIDTH="21"/>
						<String ID="P357_ST00195" HPOS="653" VPOS="1193" WIDTH="198" HEIGHT="35" CONTENT="neighbouring" WC="0.72" CC="500040050079"/>
					</TextLine>
					<TextLine ID="P357_TL00027" HPOS="35" VPOS="1239" WIDTH="815" HEIGHT="40">
						<String ID="P357_ST00196" HPOS="35" VPOS="1245" WIDTH="100" HEIGHT="26" CONTENT="islands" WC="0.67" CC="3700705"/>
						<SP ID="P357_SP00170" HPOS="135" VPOS="1271" WIDTH="12"/>
						<String ID="P357_ST00197" HPOS="147" VPOS="1245" WIDTH="53" HEIGHT="25" CONTENT="and" WC="0.84" CC="040"/>
						<SP ID="P357_SP00171" HPOS="200" VPOS="1271" WIDTH="14"/>
						<String ID="P357_ST00198" HPOS="214" VPOS="1249" WIDTH="61" HEIGHT="30" CONTENT="part" WC="1.00" CC="0000"/>
						<SP ID="P357_SP00172" HPOS="275" VPOS="1279" WIDTH="11"/>
						<String ID="P357_ST00199" HPOS="286" VPOS="1243" WIDTH="30" HEIGHT="25" CONTENT="of" WC="1.00" CC="00"/>
						<SP ID="P357_SP00173" HPOS="316" VPOS="1279" WIDTH="11"/>
						<String ID="P357_ST00200" HPOS="327" VPOS="1242" WIDTH="47" HEIGHT="26" CONTENT="the" WC="0.50" CC="770"/>
						<SP ID="P357_SP00174" HPOS="374" VPOS="1279" WIDTH="11"/>
						<String ID="P357_ST00201" HPOS="385" VPOS="1245" WIDTH="76" HEIGHT="23" CONTENT="coast" WC="0.95" CC="02000"/>
						<SP ID="P357_SP00175" HPOS="461" VPOS="1279" WIDTH="13"/>
						<String ID="P357_ST00202" HPOS="474" VPOS="1240" WIDTH="31" HEIGHT="27" CONTENT="of" WC="0.66" CC="15"/>
						<SP ID="P357_SP00176" HPOS="505" VPOS="1279" WIDTH="11"/>
						<String ID="P357_ST00203" HPOS="516" VPOS="1240" WIDTH="116" HEIGHT="27" CONTENT="Borneo." WC="0.78" CC="5006002"/>
						<SP ID="P357_SP00177" HPOS="632" VPOS="1279" WIDTH="41"/>
						<String ID="P357_ST00204" HPOS="673" VPOS="1239" WIDTH="80" HEIGHT="27" CONTENT="Some" WC="0.60" CC="5450"/>
						<SP ID="P357_SP00178" HPOS="753" VPOS="1279" WIDTH="10"/>
						<String ID="P357_ST00205" HPOS="763" VPOS="1240" WIDTH="87" HEIGHT="26" CONTENT="affirm" WC="0.84" CC="000006"/>
					</TextLine>
					<TextLine ID="P357_TL00028" HPOS="36" VPOS="1286" WIDTH="814" HEIGHT="39">
						<String ID="P357_ST00206" HPOS="36" VPOS="1291" WIDTH="60" HEIGHT="27" CONTENT="that" WC="0.59" CC="5505"/>
						<SP ID="P357_SP00179" HPOS="96" VPOS="1318" WIDTH="12"/>
						<String ID="P357_ST00207" HPOS="108" VPOS="1292" WIDTH="21" HEIGHT="25" CONTENT="it" WC="0.69" CC="32"/>
						<SP ID="P357_SP00180" HPOS="129" VPOS="1318" WIDTH="13"/>
						<String ID="P357_ST00208" HPOS="142" VPOS="1291" WIDTH="48" HEIGHT="26" CONTENT="has" WC="0.61" CC="406"/>
						<SP ID="P357_SP00181" HPOS="190" VPOS="1318" WIDTH="15"/>
						<String ID="P357_ST00209" HPOS="205" VPOS="1294" WIDTH="17" HEIGHT="11" CONTENT='"' WC="0.55" CC="4"/>
						<SP ID="P357_SP00182" HPOS="222" VPOS="1318" WIDTH="9"/>
						<String ID="P357_ST00210" HPOS="231" VPOS="1300" WIDTH="16" HEIGHT="16" CONTENT="a" WC="1.00" CC="0"/>
						<SP ID="P357_SP00183" HPOS="247" VPOS="1318" WIDTH="14"/>
						<String ID="P357_ST00211" HPOS="261" VPOS="1290" WIDTH="126" HEIGHT="35" CONTENT="vigorous" WC="0.81" CC="00009202"/>
						<SP ID="P357_SP00184" HPOS="387" VPOS="1325" WIDTH="12"/>
						<String ID="P357_ST00212" HPOS="399" VPOS="1291" WIDTH="187" HEIGHT="32" CONTENT="government," WC="0.75" CC="90000000843"/>
						<SP ID="P357_SP00185" HPOS="586" VPOS="1325" WIDTH="10"/>
						<String ID="P357_ST00213" HPOS="596" VPOS="1296" WIDTH="14" HEIGHT="16" CONTENT="a" WC="1.00" CC="0"/>
						<SP ID="P357_SP00186" HPOS="610" VPOS="1325" WIDTH="11"/>
						<String ID="P357_ST00214" HPOS="621" VPOS="1295" WIDTH="144" HEIGHT="17" CONTENT="numerous" WC="0.64" CC="62002385"/>
						<SP ID="P357_SP00187" HPOS="765" VPOS="1325" WIDTH="13"/>
						<String ID="P357_ST00215" HPOS="778" VPOS="1286" WIDTH="72" HEIGHT="32" CONTENT="fleet," WC="0.88" CC="000060"/>
					</TextLine>
					<TextLine ID="P357_TL00029" HPOS="35" VPOS="1333" WIDTH="813" HEIGHT="40">
						<String ID="P357_ST00216" HPOS="35" VPOS="1339" WIDTH="52" HEIGHT="27" CONTENT="and" WC="0.76" CC="070"/>
						<SP ID="P357_SP00188" HPOS="87" VPOS="1366" WIDTH="21"/>
						<String ID="P357_ST00217" HPOS="108" VPOS="1349" WIDTH="35" HEIGHT="17" CONTENT="an" WC="0.70" CC="05"/>
						<SP ID="P357_SP00189" HPOS="143" VPOS="1366" WIDTH="21"/>
						<String ID="P357_ST00218" HPOS="164" VPOS="1348" WIDTH="75" HEIGHT="25" CONTENT="army" WC="0.65" CC="5170"/>
						<SP ID="P357_SP00190" HPOS="239" VPOS="1373" WIDTH="24"/>
						<String ID="P357_ST00219" HPOS="263" VPOS="1337" WIDTH="31" HEIGHT="27" CONTENT="of" WC="0.79" CC="40"/>
						<SP ID="P357_SP00191" HPOS="294" VPOS="1373" WIDTH="17"/>
						<String ID="P357_ST00220" HPOS="311" VPOS="1336" WIDTH="60" HEIGHT="36" CONTENT="fifty" WC="0.88" CC="00050"/>
						<SP ID="P357_SP00192" HPOS="371" VPOS="1373" WIDTH="16"/>
						<String ID="P357_ST00221" HPOS="387" VPOS="1334" WIDTH="137" HEIGHT="27" CONTENT="thousand" WC="0.73" CC="21005550"/>
						<SP ID="P357_SP00193" HPOS="524" VPOS="1373" WIDTH="22"/>
						<String ID="P357_ST00222" HPOS="546" VPOS="1333" WIDTH="209" HEIGHT="36" CONTENT="well-equipped" WC="0.80" CC="9006000000900"/>
						<SP ID="P357_SP00194" HPOS="755" VPOS="1373" WIDTH="24"/>
						<String ID="P357_ST00223" HPOS="779" VPOS="1342" WIDTH="69" HEIGHT="21" CONTENT="men," WC="0.81" CC="0024"/>
					</TextLine>
				</TextBlock>
				<TextBlock ID="P357_TB00005" HPOS="257" VPOS="1442" WIDTH="364" HEIGHT="31" STYLEREFS="TXT_0 PAR_CENTER">
					<TextLine ID="P357_TL00030" HPOS="258" VPOS="1443" WIDTH="363" HEIGHT="30">
						<String ID="P357_ST00224" HPOS="258" VPOS="1448" WIDTH="13" HEIGHT="12" CONTENT="*" WC="1.00" CC="0"/>
						<SP ID="P357_SP00195" HPOS="271" VPOS="1460" WIDTH="12"/>
						<String ID="P357_ST00225" HPOS="283" VPOS="1446" WIDTH="95" HEIGHT="23" CONTENT="Chinese" WC="0.67" CC="4340550"/>
						<SP ID="P357_SP00196" HPOS="378" VPOS="1469" WIDTH="12"/>
						<String ID="P357_ST00226" HPOS="390" VPOS="1444" WIDTH="143" HEIGHT="29" CONTENT="Repository," WC="0.64" CC="46903235003"/>
						<SP ID="P357_SP00197" HPOS="533" VPOS="1473" WIDTH="12"/>
						<String ID="P357_ST00227" HPOS="545" VPOS="1443" WIDTH="43" HEIGHT="22" CONTENT="vol." WC="0.71" CC="0550"/>
						<SP ID="P357_SP00198" HPOS="588" VPOS="1473" WIDTH="10"/>
						<String ID="P357_ST00228" HPOS="598" VPOS="1443" WIDTH="23" HEIGHT="21" CONTENT="ii." WC="0.61" CC="460"/>
					</TextLine>
				</TextBlock>
			</PrintSpace>
		</Page>
	</Layout>
</alto>
