<?xml version="1.0" encoding="UTF-8"?>
<alto xmlns:xsi="http://www.w3.org/2001/XMLSchema-instance" xsi:noNamespaceSchemaLocation="http://www.bl.uk/schemas/alto/alto-1-4.xsd" xmlns:xlink="http://www.w3.org/1999/xlink">
	<Description>
		<MeasurementUnit>mm10</MeasurementUnit>
		<sourceImageInformation>
			<fileName>//head1/IN/2008-15/A0011390163/005134.jp2</fileName>
		</sourceImageInformation>
		<OCRProcessing ID="OCRPROCESSING_1">
			<preProcessingStep>
				<processingSoftware>
					<softwareCreator>CCS Content Conversion Specialists GmbH, Germany</softwareCreator>
					<softwareName>CCS docWORKS</softwareName>
					<softwareVersion>6.1-0.67</softwareVersion>
				</processingSoftware>
			</preProcessingStep>
			<ocrProcessingStep>
				<processingSoftware>
					<softwareCreator>ABBYY (BIT Software), Russia</softwareCreator>
					<softwareName>Finereader</softwareName>
				</processingSoftware>
			</ocrProcessingStep>
		</OCRProcessing>
	</Description>
	<Styles>
		<TextStyle ID="TXT_0" FONTSIZE="10" FONTFAMILY="Courier New"/>
		<TextStyle ID="TXT_1" FONTSIZE="9" FONTFAMILY="Courier New"/>
		<ParagraphStyle ID="PAR_LEFT" ALIGN="Left"/>
		<ParagraphStyle ID="PAR_RIGHT" ALIGN="Right"/>
	</Styles>
	<Layout>
		<Page ID="P358" PHYSICAL_IMG_NR="358" HEIGHT="1595" WIDTH="960" PRINTED_IMG_NR="320" POSITION="Left" ACCURACY="80.03">
			<TopMargin ID="P358_TM00001" HPOS="0" VPOS="0" WIDTH="960" HEIGHT="76">
				<TextBlock ID="P358_TB00001" HPOS="111" VPOS="49" WIDTH="54" HEIGHT="25" STYLEREFS="TXT_0 PAR_LEFT">
					<TextLine ID="P358_TL00001" HPOS="111" VPOS="49" WIDTH="54" HEIGHT="25">
						<String ID="P358_ST00001" HPOS="111" VPOS="49" WIDTH="54" HEIGHT="25" CONTENT="320" WC="0.58" CC="560"/>
					</TextLine>
				</TextBlock>
				<TextBlock ID="P358_TB00002" HPOS="458" VPOS="55" WIDTH="127" HEIGHT="17" STYLEREFS="TXT_1 PAR_RIGHT">
					<TextLine ID="P358_TL00002" HPOS="458" VPOS="55" WIDTH="127" HEIGHT="17">
						<String ID="P358_ST00002" HPOS="458" VPOS="55" WIDTH="127" HEIGHT="17" CONTENT="SOOLOO." WC="1.00" CC="0000000"/>
					</TextLine>
				</TextBlock>
			</TopMargin>
			<LeftMargin ID="P358_LM00001" HPOS="0" VPOS="76" WIDTH="110" HEIGHT="831"/>
			<RightMargin ID="P358_RM00001" HPOS="929" VPOS="76" WIDTH="31" HEIGHT="831"/>
			<BottomMargin ID="P358_BM00001" HPOS="0" VPOS="907" WIDTH="960" HEIGHT="688"/>
			<PrintSpace ID="P358_PS00001" HPOS="110" VPOS="76" WIDTH="819" HEIGHT="831">
				<TextBlock ID="P358_TB00003" HPOS="110" VPOS="114" WIDTH="819" HEIGHT="416" STYLEREFS="TXT_1 PAR_LEFT">
					<TextLine ID="P358_TL00003" HPOS="112" VPOS="115" WIDTH="815" HEIGHT="38">
						<String ID="P358_ST00003" HPOS="112" VPOS="118" WIDTH="137" HEIGHT="27" CONTENT="animated" WC="0.90" CC="43000000"/>
						<SP ID="P358_SP00001" HPOS="249" VPOS="145" WIDTH="16"/>
						<String ID="P358_ST00004" HPOS="265" VPOS="117" WIDTH="34" HEIGHT="36" CONTENT="by" WC="1.00" CC="00"/>
						<SP ID="P358_SP00002" HPOS="299" VPOS="153" WIDTH="15"/>
						<String ID="P358_ST00005" HPOS="314" VPOS="117" WIDTH="175" HEIGHT="36" CONTENT="superstition" WC="0.85" CC="000004525000"/>
						<SP ID="P358_SP00003" HPOS="489" VPOS="153" WIDTH="15"/>
						<String ID="P358_ST00006" HPOS="504" VPOS="117" WIDTH="54" HEIGHT="27" CONTENT="and" WC="0.99" CC="000"/>
						<SP ID="P358_SP00004" HPOS="558" VPOS="153" WIDTH="15"/>
						<String ID="P358_ST00007" HPOS="573" VPOS="116" WIDTH="93" HEIGHT="27" CONTENT="united" WC="0.66" CC="436600"/>
						<SP ID="P358_SP00005" HPOS="666" VPOS="153" WIDTH="16"/>
						<String ID="P358_ST00008" HPOS="682" VPOS="116" WIDTH="25" HEIGHT="27" CONTENT="in" WC="0.75" CC="04"/>
						<SP ID="P358_SP00006" HPOS="707" VPOS="153" WIDTH="17"/>
						<String ID="P358_ST00009" HPOS="724" VPOS="116" WIDTH="94" HEIGHT="26" CONTENT="hatred" WC="0.74" CC="706010"/>
						<SP ID="P358_SP00007" HPOS="818" VPOS="153" WIDTH="17"/>
						<String ID="P358_ST00010" HPOS="835" VPOS="116" WIDTH="31" HEIGHT="27" CONTENT="of" WC="0.88" CC="20"/>
						<SP ID="P358_SP00008" HPOS="866" VPOS="153" WIDTH="17"/>
						<String ID="P358_ST00011" HPOS="883" VPOS="115" WIDTH="44" HEIGHT="27" CONTENT="the" WC="0.63" CC="370"/>
					</TextLine>
					<TextLine ID="P358_TL00004" HPOS="112" VPOS="163" WIDTH="815" HEIGHT="36">
						<String ID="P358_ST00012" HPOS="112" VPOS="165" WIDTH="139" HEIGHT="27" CONTENT="Christian" WC="0.75" CC="000323561"/>
						<SP ID="P358_SP00009" HPOS="251" VPOS="192" WIDTH="15"/>
						<String ID="P358_ST00013" HPOS="266" VPOS="165" WIDTH="108" HEIGHT="26" CONTENT='name."' WC="0.94" CC="300000"/>
						<SP ID="P358_SP00010" HPOS="374" VPOS="192" WIDTH="37"/>
						<String ID="P358_ST00014" HPOS="411" VPOS="164" WIDTH="58" HEIGHT="26" CONTENT="The" WC="0.84" CC="040"/>
						<SP ID="P358_SP00011" HPOS="469" VPOS="192" WIDTH="15"/>
						<String ID="P358_ST00015" HPOS="484" VPOS="163" WIDTH="151" HEIGHT="36" CONTENT="Spaniards" WC="0.76" CC="606503000"/>
						<SP ID="P358_SP00012" HPOS="635" VPOS="199" WIDTH="19"/>
						<String ID="P358_ST00016" HPOS="654" VPOS="164" WIDTH="80" HEIGHT="26" CONTENT="made" WC="1.00" CC="0000"/>
						<SP ID="P358_SP00013" HPOS="734" VPOS="199" WIDTH="19"/>
						<String ID="P358_ST00017" HPOS="753" VPOS="167" WIDTH="54" HEIGHT="23" CONTENT="two" WC="0.50" CC="094"/>
						<SP ID="P358_SP00014" HPOS="807" VPOS="199" WIDTH="15"/>
						<String ID="P358_ST00018" HPOS="822" VPOS="172" WIDTH="105" HEIGHT="18" CONTENT="succes" SUBS_TYPE="HypPart1" SUBS_CONTENT="successive" WC="0.91" CC="1000040"/>
						<HYP CONTENT="-"/>
					</TextLine>
					<TextLine ID="P358_TL00005" HPOS="110" VPOS="210" WIDTH="818" HEIGHT="38">
						<String ID="P358_ST00019" HPOS="110" VPOS="211" WIDTH="57" HEIGHT="28" CONTENT="sive" SUBS_TYPE="HypPart2" SUBS_CONTENT="successive" WC="0.55" CC="2590"/>
						<SP ID="P358_SP00015" HPOS="167" VPOS="239" WIDTH="13"/>
						<String ID="P358_ST00020" HPOS="180" VPOS="216" WIDTH="131" HEIGHT="32" CONTENT="attempts" WC="0.77" CC="00004930"/>
						<SP ID="P358_SP00016" HPOS="311" VPOS="248" WIDTH="14"/>
						<String ID="P358_ST00021" HPOS="325" VPOS="215" WIDTH="29" HEIGHT="23" CONTENT="to" WC="1.00" CC="00"/>
						<SP ID="P358_SP00017" HPOS="354" VPOS="248" WIDTH="13"/>
						<String ID="P358_ST00022" HPOS="367" VPOS="211" WIDTH="98" HEIGHT="27" CONTENT="reduce" WC="0.87" CC="000800"/>
						<SP ID="P358_SP00018" HPOS="465" VPOS="248" WIDTH="13"/>
						<String ID="P358_ST00023" HPOS="478" VPOS="210" WIDTH="22" HEIGHT="27" CONTENT="it" WC="0.89" CC="02"/>
						<SP ID="P358_SP00019" HPOS="500" VPOS="248" WIDTH="14"/>
						<String ID="P358_ST00024" HPOS="514" VPOS="215" WIDTH="28" HEIGHT="23" CONTENT="to" WC="0.67" CC="06"/>
						<SP ID="P358_SP00020" HPOS="542" VPOS="248" WIDTH="14"/>
						<String ID="P358_ST00025" HPOS="556" VPOS="210" WIDTH="69" HEIGHT="27" CONTENT="their" WC="0.94" CC="03000"/>
						<SP ID="P358_SP00021" HPOS="625" VPOS="248" WIDTH="14"/>
						<String ID="P358_ST00026" HPOS="639" VPOS="210" WIDTH="148" HEIGHT="37" CONTENT="authority," WC="0.91" CC="0006010000"/>
						<SP ID="P358_SP00022" HPOS="787" VPOS="248" WIDTH="11"/>
						<String ID="P358_ST00027" HPOS="798" VPOS="210" WIDTH="51" HEIGHT="27" CONTENT="but" WC="1.00" CC="000"/>
						<SP ID="P358_SP00023" HPOS="849" VPOS="248" WIDTH="13"/>
						<String ID="P358_ST00028" HPOS="862" VPOS="221" WIDTH="66" HEIGHT="17" CONTENT="were" WC="0.63" CC="9500"/>
					</TextLine>
					<TextLine ID="P358_TL00006" HPOS="110" VPOS="257" WIDTH="817" HEIGHT="38">
						<String ID="P358_ST00029" HPOS="110" VPOS="260" WIDTH="128" HEIGHT="35" CONTENT="repelled." WC="0.92" CC="600010000"/>
						<SP ID="P358_SP00024" HPOS="238" VPOS="295" WIDTH="42"/>
						<String ID="P358_ST00030" HPOS="280" VPOS="259" WIDTH="32" HEIGHT="26" CONTENT="In" WC="0.91" CC="01"/>
						<SP ID="P358_SP00025" HPOS="312" VPOS="295" WIDTH="14"/>
						<String ID="P358_ST00031" HPOS="326" VPOS="268" WIDTH="15" HEIGHT="17" CONTENT="a" WC="0.85" CC="1"/>
						<SP ID="P358_SP00026" HPOS="341" VPOS="295" WIDTH="14"/>
						<String ID="P358_ST00032" HPOS="355" VPOS="259" WIDTH="71" HEIGHT="26" CONTENT="third" WC="0.63" CC="36350"/>
						<SP ID="P358_SP00027" HPOS="426" VPOS="295" WIDTH="22"/>
						<String ID="P358_ST00033" HPOS="448" VPOS="258" WIDTH="94" HEIGHT="27" CONTENT="attack" WC="0.67" CC="443700"/>
						<SP ID="P358_SP00028" HPOS="542" VPOS="295" WIDTH="22"/>
						<String ID="P358_ST00034" HPOS="564" VPOS="258" WIDTH="65" HEIGHT="35" CONTENT="they" WC="0.69" CC="0740"/>
						<SP ID="P358_SP00029" HPOS="629" VPOS="295" WIDTH="18"/>
						<String ID="P358_ST00035" HPOS="647" VPOS="257" WIDTH="99" HEIGHT="36" CONTENT="gained" WC="0.81" CC="900100"/>
						<SP ID="P358_SP00030" HPOS="746" VPOS="295" WIDTH="17"/>
						<String ID="P358_ST00036" HPOS="763" VPOS="258" WIDTH="164" HEIGHT="35" CONTENT="possession," WC="0.79" CC="92000001054"/>
					</TextLine>
					<TextLine ID="P358_TL00007" HPOS="111" VPOS="304" WIDTH="815" HEIGHT="37">
						<String ID="P358_ST00037" HPOS="111" VPOS="306" WIDTH="50" HEIGHT="26" CONTENT="but" WC="0.76" CC="420"/>
						<SP ID="P358_SP00031" HPOS="161" VPOS="332" WIDTH="22"/>
						<String ID="P358_ST00038" HPOS="183" VPOS="315" WIDTH="66" HEIGHT="18" CONTENT="were" WC="0.92" CC="0030"/>
						<SP ID="P358_SP00032" HPOS="249" VPOS="333" WIDTH="21"/>
						<String ID="P358_ST00039" HPOS="270" VPOS="315" WIDTH="66" HEIGHT="17" CONTENT="soon" WC="1.00" CC="0000"/>
						<SP ID="P358_SP00033" HPOS="336" VPOS="333" WIDTH="23"/>
						<String ID="P358_ST00040" HPOS="359" VPOS="305" WIDTH="106" HEIGHT="36" CONTENT="obliged" WC="0.97" CC="0020000"/>
						<SP ID="P358_SP00034" HPOS="465" VPOS="341" WIDTH="24"/>
						<String ID="P358_ST00041" HPOS="489" VPOS="309" WIDTH="27" HEIGHT="22" CONTENT="to" WC="1.00" CC="00"/>
						<SP ID="P358_SP00035" HPOS="516" VPOS="341" WIDTH="24"/>
						<String ID="P358_ST00042" HPOS="540" VPOS="305" WIDTH="128" HEIGHT="26" CONTENT="abandon" WC="0.92" CC="4000000"/>
						<SP ID="P358_SP00036" HPOS="668" VPOS="341" WIDTH="22"/>
						<String ID="P358_ST00043" HPOS="690" VPOS="304" WIDTH="31" HEIGHT="27" CONTENT="it." WC="0.96" CC="100"/>
						<SP ID="P358_SP00037" HPOS="721" VPOS="341" WIDTH="39"/>
						<String ID="P358_ST00044" HPOS="760" VPOS="304" WIDTH="57" HEIGHT="28" CONTENT="The" WC="0.80" CC="050"/>
						<SP ID="P358_SP00038" HPOS="817" VPOS="341" WIDTH="21"/>
						<String ID="P358_ST00045" HPOS="838" VPOS="305" WIDTH="88" HEIGHT="27" CONTENT="fourth" WC="0.83" CC="000063"/>
					</TextLine>
					<TextLine ID="P358_TL00008" HPOS="111" VPOS="352" WIDTH="815" HEIGHT="36">
						<String ID="P358_ST00046" HPOS="111" VPOS="354" WIDTH="52" HEIGHT="26" CONTENT="and" WC="0.93" CC="020"/>
						<SP ID="P358_SP00039" HPOS="163" VPOS="380" WIDTH="22"/>
						<String ID="P358_ST00047" HPOS="185" VPOS="354" WIDTH="53" HEIGHT="26" CONTENT="last" WC="0.55" CC="2913"/>
						<SP ID="P358_SP00040" HPOS="238" VPOS="380" WIDTH="19"/>
						<String ID="P358_ST00048" HPOS="257" VPOS="353" WIDTH="79" HEIGHT="27" CONTENT="effort" WC="0.83" CC="000063"/>
						<SP ID="P358_SP00041" HPOS="336" VPOS="380" WIDTH="20"/>
						<String ID="P358_ST00049" HPOS="356" VPOS="353" WIDTH="118" HEIGHT="26" CONTENT="resulted" WC="0.75" CC="40454000"/>
						<SP ID="P358_SP00042" HPOS="474" VPOS="380" WIDTH="21"/>
						<String ID="P358_ST00050" HPOS="495" VPOS="352" WIDTH="26" HEIGHT="26" CONTENT="in" WC="0.49" CC="54"/>
						<SP ID="P358_SP00043" HPOS="521" VPOS="380" WIDTH="22"/>
						<String ID="P358_ST00051" HPOS="543" VPOS="352" WIDTH="71" HEIGHT="27" CONTENT="their" WC="0.78" CC="27001"/>
						<SP ID="P358_SP00044" HPOS="614" VPOS="380" WIDTH="20"/>
						<String ID="P358_ST00052" HPOS="634" VPOS="352" WIDTH="135" HEIGHT="36" CONTENT="disgrace," WC="0.71" CC="015905003"/>
						<SP ID="P358_SP00045" HPOS="769" VPOS="388" WIDTH="22"/>
						<String ID="P358_ST00053" HPOS="791" VPOS="353" WIDTH="53" HEIGHT="26" CONTENT="and" WC="0.96" CC="010"/>
						<SP ID="P358_SP00046" HPOS="844" VPOS="388" WIDTH="21"/>
						<String ID="P358_ST00054" HPOS="865" VPOS="353" WIDTH="25" HEIGHT="27" CONTENT="in" WC="0.95" CC="00"/>
						<SP ID="P358_SP00047" HPOS="890" VPOS="388" WIDTH="21"/>
						<String ID="P358_ST00055" HPOS="911" VPOS="363" WIDTH="15" HEIGHT="17" CONTENT="a" WC="1.00" CC="0"/>
					</TextLine>
					<TextLine ID="P358_TL00009" HPOS="111" VPOS="399" WIDTH="818" HEIGHT="37">
						<String ID="P358_ST00056" HPOS="111" VPOS="400" WIDTH="151" HEIGHT="27" CONTENT="successful" WC="0.84" CC="7000052000"/>
						<SP ID="P358_SP00048" HPOS="262" VPOS="427" WIDTH="14"/>
						<String ID="P358_ST00057" HPOS="276" VPOS="399" WIDTH="111" HEIGHT="37" CONTENT="reprisal" WC="0.92" CC="00000105"/>
						<SP ID="P358_SP00049" HPOS="387" VPOS="436" WIDTH="15"/>
						<String ID="P358_ST00058" HPOS="402" VPOS="399" WIDTH="80" HEIGHT="27" CONTENT="made" WC="0.88" CC="0400"/>
						<SP ID="P358_SP00050" HPOS="482" VPOS="436" WIDTH="15"/>
						<String ID="P358_ST00059" HPOS="497" VPOS="400" WIDTH="34" HEIGHT="35" CONTENT="by" WC="1.00" CC="00"/>
						<SP ID="P358_SP00051" HPOS="531" VPOS="436" WIDTH="16"/>
						<String ID="P358_ST00060" HPOS="547" VPOS="399" WIDTH="46" HEIGHT="26" CONTENT="the" WC="0.67" CC="270"/>
						<SP ID="P358_SP00052" HPOS="593" VPOS="436" WIDTH="15"/>
						<String ID="P358_ST00061" HPOS="608" VPOS="399" WIDTH="116" HEIGHT="33" CONTENT="natives," WC="0.73" CC="64000063"/>
						<SP ID="P358_SP00053" HPOS="724" VPOS="436" WIDTH="22"/>
						<String ID="P358_ST00062" HPOS="746" VPOS="400" WIDTH="52" HEIGHT="25" CONTENT="and" WC="0.72" CC="080"/>
						<SP ID="P358_SP00054" HPOS="798" VPOS="436" WIDTH="15"/>
						<String ID="P358_ST00063" HPOS="813" VPOS="409" WIDTH="73" HEIGHT="18" CONTENT="some" WC="0.83" CC="0060"/>
						<SP ID="P358_SP00055" HPOS="886" VPOS="436" WIDTH="14"/>
						<String ID="P358_ST00064" HPOS="900" VPOS="401" WIDTH="29" HEIGHT="26" CONTENT="of" WC="1.00" CC="00"/>
					</TextLine>
					<TextLine ID="P358_TL00010" HPOS="111" VPOS="447" WIDTH="814" HEIGHT="31">
						<String ID="P358_ST00065" HPOS="111" VPOS="447" WIDTH="71" HEIGHT="28" CONTENT="their" WC="0.86" CC="05001"/>
						<SP ID="P358_SP00056" HPOS="182" VPOS="475" WIDTH="14"/>
						<String ID="P358_ST00066" HPOS="196" VPOS="447" WIDTH="216" HEIGHT="27" CONTENT="Mahommedan" WC="0.75" CC="0070664000"/>
						<SP ID="P358_SP00057" HPOS="412" VPOS="475" WIDTH="21"/>
						<String ID="P358_ST00067" HPOS="433" VPOS="447" WIDTH="177" HEIGHT="31" CONTENT="neighbours," WC="0.68" CC="00697000154"/>
						<SP ID="P358_SP00058" HPOS="610" VPOS="478" WIDTH="22"/>
						<String ID="P358_ST00068" HPOS="632" VPOS="447" WIDTH="62" HEIGHT="26" CONTENT="who" WC="0.28" CC="973"/>
						<SP ID="P358_SP00059" HPOS="694" VPOS="478" WIDTH="13"/>
						<String ID="P358_ST00069" HPOS="707" VPOS="447" WIDTH="54" HEIGHT="26" CONTENT="laid" WC="0.85" CC="6000"/>
						<SP ID="P358_SP00060" HPOS="761" VPOS="478" WIDTH="24"/>
						<String ID="P358_ST00070" HPOS="785" VPOS="451" WIDTH="82" HEIGHT="23" CONTENT="waste" WC="0.56" CC="93620"/>
						<SP ID="P358_SP00061" HPOS="867" VPOS="478" WIDTH="14"/>
						<String ID="P358_ST00071" HPOS="881" VPOS="447" WIDTH="44" HEIGHT="28" CONTENT="the" WC="0.76" CC="070"/>
					</TextLine>
					<TextLine ID="P358_TL00011" HPOS="111" VPOS="493" WIDTH="547" HEIGHT="37">
						<String ID="P358_ST00072" HPOS="111" VPOS="494" WIDTH="118" HEIGHT="36" CONTENT="Spanish" WC="0.76" CC="0040046"/>
						<SP ID="P358_SP00062" HPOS="229" VPOS="530" WIDTH="16"/>
						<String ID="P358_ST00073" HPOS="245" VPOS="494" WIDTH="168" HEIGHT="36" CONTENT="possessions" WC="0.81" CC="00001030364"/>
						<SP ID="P358_SP00063" HPOS="413" VPOS="530" WIDTH="15"/>
						<String ID="P358_ST00074" HPOS="428" VPOS="493" WIDTH="41" HEIGHT="27" CONTENT="for" WC="0.86" CC="004"/>
						<SP ID="P358_SP00064" HPOS="469" VPOS="530" WIDTH="14"/>
						<String ID="P358_ST00075" HPOS="483" VPOS="494" WIDTH="74" HEIGHT="26" CONTENT="three" WC="0.78" CC="46000"/>
						<SP ID="P358_SP00065" HPOS="557" VPOS="530" WIDTH="14"/>
						<String ID="P358_ST00076" HPOS="571" VPOS="503" WIDTH="87" HEIGHT="26" CONTENT="years." WC="0.75" CC="800600"/>
					</TextLine>
				</TextBlock>
				<TextBlock ID="P358_TB00004" HPOS="110" VPOS="541" WIDTH="819" HEIGHT="366" STYLEREFS="TXT_1 PAR_LEFT">
					<TextLine ID="P358_TL00012" HPOS="149" VPOS="541" WIDTH="776" HEIGHT="36">
						<String ID="P358_ST00077" HPOS="149" VPOS="541" WIDTH="52" HEIGHT="27" CONTENT="For" WC="0.93" CC="002"/>
						<SP ID="P358_SP00066" HPOS="201" VPOS="568" WIDTH="18"/>
						<String ID="P358_ST00078" HPOS="219" VPOS="541" WIDTH="46" HEIGHT="27" CONTENT="the" WC="0.59" CC="570"/>
						<SP ID="P358_SP00067" HPOS="265" VPOS="568" WIDTH="18"/>
						<String ID="P358_ST00079" HPOS="283" VPOS="541" WIDTH="101" HEIGHT="36" CONTENT="speedy" WC="0.91" CC="500000"/>
						<SP ID="P358_SP00068" HPOS="384" VPOS="577" WIDTH="14"/>
						<String ID="P358_ST00080" HPOS="398" VPOS="541" WIDTH="158" HEIGHT="27" CONTENT="conversion" WC="0.98" CC="0001000000"/>
						<SP ID="P358_SP00069" HPOS="556" VPOS="577" WIDTH="18"/>
						<String ID="P358_ST00081" HPOS="574" VPOS="541" WIDTH="30" HEIGHT="26" CONTENT="of" WC="0.71" CC="05"/>
						<SP ID="P358_SP00070" HPOS="604" VPOS="577" WIDTH="17"/>
						<String ID="P358_ST00082" HPOS="621" VPOS="541" WIDTH="47" HEIGHT="26" CONTENT="the" WC="0.75" CC="070"/>
						<SP ID="P358_SP00071" HPOS="668" VPOS="577" WIDTH="15"/>
						<String ID="P358_ST00083" HPOS="683" VPOS="550" WIDTH="147" HEIGHT="18" CONTENT="numerous" WC="0.76" CC="70900200"/>
						<SP ID="P358_SP00072" HPOS="830" VPOS="577" WIDTH="15"/>
						<String ID="P358_ST00084" HPOS="845" VPOS="542" WIDTH="80" HEIGHT="27" CONTENT="tribes" WC="0.89" CC="020004"/>
					</TextLine>
					<TextLine ID="P358_TL00013" HPOS="110" VPOS="588" WIDTH="814" HEIGHT="36">
						<String ID="P358_ST00085" HPOS="110" VPOS="588" WIDTH="155" HEIGHT="36" CONTENT="inhabiting" WC="0.71" CC="4370505010"/>
						<SP ID="P358_SP00073" HPOS="265" VPOS="624" WIDTH="9"/>
						<String ID="P358_ST00086" HPOS="274" VPOS="589" WIDTH="46" HEIGHT="26" CONTENT="the" WC="0.88" CC="030"/>
						<SP ID="P358_SP00074" HPOS="320" VPOS="624" WIDTH="9"/>
						<String ID="P358_ST00087" HPOS="329" VPOS="589" WIDTH="102" HEIGHT="26" CONTENT="islands" WC="0.82" CC="0042400"/>
						<SP ID="P358_SP00075" HPOS="431" VPOS="624" WIDTH="10"/>
						<String ID="P358_ST00088" HPOS="441" VPOS="588" WIDTH="30" HEIGHT="27" CONTENT="of" WC="0.73" CC="05"/>
						<SP ID="P358_SP00076" HPOS="471" VPOS="624" WIDTH="6"/>
						<String ID="P358_ST00089" HPOS="477" VPOS="588" WIDTH="76" HEIGHT="27" CONTENT="these" WC="0.77" CC="46000"/>
						<SP ID="P358_SP00077" HPOS="553" VPOS="624" WIDTH="10"/>
						<String ID="P358_ST00090" HPOS="563" VPOS="598" WIDTH="68" HEIGHT="21" CONTENT="seas," WC="0.69" CC="00670"/>
						<String ID="P358_ST00091" HPOS="637" VPOS="588" WIDTH="143" HEIGHT="36" CONTENT="including" WC="0.82" CC="040600040"/>
						<SP ID="P358_SP00078" HPOS="780" VPOS="624" WIDTH="11"/>
						<String ID="P358_ST00092" HPOS="791" VPOS="589" WIDTH="46" HEIGHT="27" CONTENT="the" WC="0.77" CC="060"/>
						<SP ID="P358_SP00079" HPOS="837" VPOS="624" WIDTH="10"/>
						<String ID="P358_ST00093" HPOS="847" VPOS="591" WIDTH="77" HEIGHT="26" CONTENT="north" WC="0.58" CC="50356"/>
					</TextLine>
					<TextLine ID="P358_TL00014" HPOS="111" VPOS="635" WIDTH="813" HEIGHT="36">
						<String ID="P358_ST00094" HPOS="111" VPOS="636" WIDTH="31" HEIGHT="27" CONTENT="of" WC="0.84" CC="30"/>
						<SP ID="P358_SP00080" HPOS="142" VPOS="663" WIDTH="11"/>
						<String ID="P358_ST00095" HPOS="153" VPOS="635" WIDTH="117" HEIGHT="33" CONTENT="Borneo," WC="0.64" CC="6065023"/>
						<SP ID="P358_SP00081" HPOS="270" VPOS="668" WIDTH="15"/>
						<String ID="P358_ST00096" HPOS="285" VPOS="636" WIDTH="87" HEIGHT="27" CONTENT="where" WC="0.85" CC="07000"/>
						<SP ID="P358_SP00082" HPOS="372" VPOS="668" WIDTH="20"/>
						<String ID="P358_ST00097" HPOS="392" VPOS="635" WIDTH="120" HEIGHT="36" CONTENT="Spanish" WC="0.65" CC="4005247"/>
						<SP ID="P358_SP00083" HPOS="512" VPOS="671" WIDTH="22"/>
						<String ID="P358_ST00098" HPOS="534" VPOS="635" WIDTH="136" HEIGHT="28" CONTENT="influence" WC="0.83" CC="080060000"/>
						<SP ID="P358_SP00084" HPOS="670" VPOS="671" WIDTH="21"/>
						<String ID="P358_ST00099" HPOS="691" VPOS="636" WIDTH="22" HEIGHT="26" CONTENT="is" WC="0.65" CC="07"/>
						<SP ID="P358_SP00085" HPOS="713" VPOS="671" WIDTH="16"/>
						<String ID="P358_ST00100" HPOS="729" VPOS="641" WIDTH="48" HEIGHT="22" CONTENT="not" WC="0.72" CC="530"/>
						<SP ID="P358_SP00086" HPOS="777" VPOS="671" WIDTH="18"/>
						<String ID="P358_ST00101" HPOS="795" VPOS="636" WIDTH="57" HEIGHT="34" CONTENT="felt," WC="0.71" CC="40054"/>
						<SP ID="P358_SP00087" HPOS="852" VPOS="671" WIDTH="21"/>
						<String ID="P358_ST00102" HPOS="873" VPOS="638" WIDTH="51" HEIGHT="26" CONTENT="and" WC="0.94" CC="100"/>
					</TextLine>
					<TextLine ID="P358_TL00015" HPOS="111" VPOS="682" WIDTH="814" HEIGHT="38">
						<String ID="P358_ST00103" HPOS="111" VPOS="683" WIDTH="47" HEIGHT="27" CONTENT="the" WC="0.49" CC="860"/>
						<SP ID="P358_SP00088" HPOS="158" VPOS="710" WIDTH="19"/>
						<String ID="P358_ST00104" HPOS="177" VPOS="683" WIDTH="106" HEIGHT="27" CONTENT="Roman" WC="0.69" CC="60062"/>
						<SP ID="P358_SP00089" HPOS="283" VPOS="710" WIDTH="27"/>
						<String ID="P358_ST00105" HPOS="310" VPOS="682" WIDTH="125" HEIGHT="27" CONTENT="Catholic" WC="0.77" CC="08070200"/>
						<SP ID="P358_SP00090" HPOS="435" VPOS="710" WIDTH="20"/>
						<String ID="P358_ST00106" HPOS="455" VPOS="682" WIDTH="114" HEIGHT="36" CONTENT="religion" WC="0.90" CC="00400003"/>
						<SP ID="P358_SP00091" HPOS="569" VPOS="718" WIDTH="22"/>
						<String ID="P358_ST00107" HPOS="591" VPOS="683" WIDTH="22" HEIGHT="25" CONTENT="is" WC="1.00" CC="00"/>
						<SP ID="P358_SP00092" HPOS="613" VPOS="718" WIDTH="21"/>
						<String ID="P358_ST00108" HPOS="634" VPOS="688" WIDTH="48" HEIGHT="22" CONTENT="not" WC="0.83" CC="500"/>
						<SP ID="P358_SP00093" HPOS="682" VPOS="718" WIDTH="20"/>
						<String ID="P358_ST00109" HPOS="702" VPOS="683" WIDTH="223" HEIGHT="37" CONTENT="acknowledged," WC="0.88" CC="3000004030003"/>
					</TextLine>
					<TextLine ID="P358_TL00016" HPOS="111" VPOS="730" WIDTH="818" HEIGHT="37">
						<String ID="P358_ST00110" HPOS="111" VPOS="740" WIDTH="39" HEIGHT="16" CONTENT="we" WC="0.67" CC="06"/>
						<SP ID="P358_SP00094" HPOS="150" VPOS="756" WIDTH="14"/>
						<String ID="P358_ST00111" HPOS="164" VPOS="737" WIDTH="74" HEIGHT="20" CONTENT="must" WC="0.80" CC="6100"/>
						<SP ID="P358_SP00095" HPOS="238" VPOS="757" WIDTH="18"/>
						<String ID="P358_ST00112" HPOS="256" VPOS="730" WIDTH="52" HEIGHT="27" CONTENT="call" WC="0.93" CC="0020"/>
						<SP ID="P358_SP00096" HPOS="308" VPOS="757" WIDTH="19"/>
						<String ID="P358_ST00113" HPOS="327" VPOS="740" WIDTH="72" HEIGHT="26" CONTENT="upon" WC="0.82" CC="0024"/>
						<SP ID="P358_SP00097" HPOS="399" VPOS="766" WIDTH="19"/>
						<String ID="P358_ST00114" HPOS="418" VPOS="730" WIDTH="79" HEIGHT="27" CONTENT="those" WC="0.80" CC="10340"/>
						<SP ID="P358_SP00098" HPOS="497" VPOS="766" WIDTH="20"/>
						<String ID="P358_ST00115" HPOS="517" VPOS="730" WIDTH="61" HEIGHT="27" CONTENT="who" WC="0.77" CC="060"/>
						<SP ID="P358_SP00099" HPOS="578" VPOS="766" WIDTH="22"/>
						<String ID="P358_ST00116" HPOS="600" VPOS="740" WIDTH="106" HEIGHT="27" CONTENT="possess" WC="0.78" CC="0023115"/>
						<SP ID="P358_SP00100" HPOS="706" VPOS="767" WIDTH="21"/>
						<String ID="P358_ST00117" HPOS="727" VPOS="731" WIDTH="46" HEIGHT="27" CONTENT="the" WC="0.76" CC="070"/>
						<SP ID="P358_SP00101" HPOS="773" VPOS="767" WIDTH="22"/>
						<String ID="P358_ST00118" HPOS="795" VPOS="741" WIDTH="92" HEIGHT="18" CONTENT="means" WC="0.71" CC="00067"/>
						<SP ID="P358_SP00102" HPOS="887" VPOS="767" WIDTH="13"/>
						<String ID="P358_ST00119" HPOS="900" VPOS="733" WIDTH="29" HEIGHT="26" CONTENT="of" WC="1.00" CC="00"/>
					</TextLine>
					<TextLine ID="P358_TL00017" HPOS="110" VPOS="777" WIDTH="816" HEIGHT="35">
						<String ID="P358_ST00120" HPOS="110" VPOS="777" WIDTH="165" HEIGHT="27" CONTENT="intercourse" WC="0.91" CC="60000000300"/>
						<SP ID="P358_SP00103" HPOS="275" VPOS="804" WIDTH="19"/>
						<String ID="P358_ST00121" HPOS="294" VPOS="778" WIDTH="53" HEIGHT="26" CONTENT="and" WC="0.86" CC="040"/>
						<SP ID="P358_SP00104" HPOS="347" VPOS="804" WIDTH="21"/>
						<String ID="P358_ST00122" HPOS="368" VPOS="778" WIDTH="86" HEIGHT="26" CONTENT="traffic" WC="0.80" CC="4350000"/>
						<SP ID="P358_SP00105" HPOS="454" VPOS="804" WIDTH="20"/>
						<String ID="P358_ST00123" HPOS="474" VPOS="778" WIDTH="64" HEIGHT="26" CONTENT="with" WC="0.82" CC="0007"/>
						<SP ID="P358_SP00106" HPOS="538" VPOS="804" WIDTH="23"/>
						<String ID="P358_ST00124" HPOS="561" VPOS="778" WIDTH="47" HEIGHT="26" CONTENT="the" WC="0.79" CC="060"/>
						<SP ID="P358_SP00107" HPOS="608" VPOS="804" WIDTH="20"/>
						<String ID="P358_ST00125" HPOS="628" VPOS="779" WIDTH="118" HEIGHT="33" CONTENT="nations," WC="0.65" CC="65000743"/>
						<SP ID="P358_SP00108" HPOS="746" VPOS="812" WIDTH="22"/>
						<String ID="P358_ST00126" HPOS="768" VPOS="779" WIDTH="52" HEIGHT="27" CONTENT="and" WC="0.46" CC="545"/>
						<SP ID="P358_SP00109" HPOS="820" VPOS="812" WIDTH="17"/>
						<String ID="P358_ST00127" HPOS="837" VPOS="780" WIDTH="89" HEIGHT="28" CONTENT="whose" WC="0.63" CC="93040"/>
					</TextLine>
					<TextLine ID="P358_TL00018" HPOS="111" VPOS="824" WIDTH="814" HEIGHT="39">
						<String ID="P358_ST00128" HPOS="111" VPOS="824" WIDTH="154" HEIGHT="27" CONTENT="invaluable" WC="0.82" CC="0700300070"/>
						<SP ID="P358_SP00110" HPOS="265" VPOS="851" WIDTH="13"/>
						<String ID="P358_ST00129" HPOS="278" VPOS="825" WIDTH="96" HEIGHT="31" CONTENT="talent," WC="0.87" CC="0020402"/>
						<SP ID="P358_SP00111" HPOS="374" VPOS="856" WIDTH="20"/>
						<String ID="P358_ST00130" HPOS="394" VPOS="825" WIDTH="21" HEIGHT="25" CONTENT="it" WC="0.82" CC="03"/>
						<SP ID="P358_SP00112" HPOS="415" VPOS="856" WIDTH="13"/>
						<String ID="P358_ST00131" HPOS="428" VPOS="825" WIDTH="23" HEIGHT="26" CONTENT="is" WC="1.00" CC="00"/>
						<SP ID="P358_SP00113" HPOS="451" VPOS="856" WIDTH="13"/>
						<String ID="P358_ST00132" HPOS="464" VPOS="824" WIDTH="100" HEIGHT="38" CONTENT="hoped," WC="0.73" CC="740003"/>
						<SP ID="P358_SP00114" HPOS="564" VPOS="862" WIDTH="24"/>
						<String ID="P358_ST00133" HPOS="588" VPOS="826" WIDTH="53" HEIGHT="26" CONTENT="will" WC="0.67" CC="9002"/>
						<SP ID="P358_SP00115" HPOS="641" VPOS="862" WIDTH="22"/>
						<String ID="P358_ST00134" HPOS="663" VPOS="826" WIDTH="33" HEIGHT="28" CONTENT="be" WC="1.00" CC="00"/>
						<SP ID="P358_SP00116" HPOS="696" VPOS="862" WIDTH="20"/>
						<String ID="P358_ST00135" HPOS="716" VPOS="835" WIDTH="35" HEIGHT="18" CONTENT="no" WC="0.82" CC="30"/>
						<SP ID="P358_SP00117" HPOS="751" VPOS="862" WIDTH="13"/>
						<String ID="P358_ST00136" HPOS="764" VPOS="827" WIDTH="95" HEIGHT="36" CONTENT="longer" WC="0.80" CC="000901"/>
						<SP ID="P358_SP00118" HPOS="859" VPOS="863" WIDTH="13"/>
						<String ID="P358_ST00137" HPOS="872" VPOS="828" WIDTH="53" HEIGHT="28" CONTENT="laid" WC="0.87" CC="0500"/>
					</TextLine>
					<TextLine ID="P358_TL00019" HPOS="111" VPOS="871" WIDTH="233" HEIGHT="36">
						<String ID="P358_ST00138" HPOS="111" VPOS="880" WIDTH="37" HEIGHT="27" CONTENT="up" WC="0.68" CC="60"/>
						<SP ID="P358_SP00119" HPOS="148" VPOS="907" WIDTH="13"/>
						<String ID="P358_ST00139" HPOS="161" VPOS="871" WIDTH="27" HEIGHT="26" CONTENT="in" WC="0.85" CC="20"/>
						<SP ID="P358_SP00120" HPOS="188" VPOS="907" WIDTH="15"/>
						<String ID="P358_ST00140" HPOS="203" VPOS="881" WIDTH="16" HEIGHT="17" CONTENT="a" WC="1.00" CC="0"/>
						<SP ID="P358_SP00121" HPOS="219" VPOS="907" WIDTH="13"/>
						<String ID="P358_ST00141" HPOS="232" VPOS="871" WIDTH="112" HEIGHT="36" CONTENT="napkin." WC="0.83" CC="6000040"/>
					</TextLine>
				</TextBlock>
			</PrintSpace>
		</Page>
	</Layout>
</alto>
