<?xml version="1.0" encoding="UTF-8"?>
<alto xmlns:xsi="http://www.w3.org/2001/XMLSchema-instance" xsi:noNamespaceSchemaLocation="http://www.bl.uk/schemas/alto/alto-1-4.xsd" xmlns:xlink="http://www.w3.org/1999/xlink">
	<Description>
		<MeasurementUnit>mm10</MeasurementUnit>
		<sourceImageInformation>
			<fileName>//head1/IN/2008-15/A0011390163/005103.jp2</fileName>
		</sourceImageInformation>
		<OCRProcessing ID="OCRPROCESSING_1">
			<preProcessingStep>
				<processingSoftware>
					<softwareCreator>CCS Content Conversion Specialists GmbH, Germany</softwareCreator>
					<softwareName>CCS docWORKS</softwareName>
					<softwareVersion>6.1-0.67</softwareVersion>
				</processingSoftware>
			</preProcessingStep>
			<ocrProcessingStep>
				<processingSoftware>
					<softwareCreator>ABBYY (BIT Software), Russia</softwareCreator>
					<softwareName>Finereader</softwareName>
				</processingSoftware>
			</ocrProcessingStep>
		</OCRProcessing>
	</Description>
	<Styles>
		<TextStyle ID="TXT_0" FONTSIZE="10" FONTFAMILY="Courier New"/>
		<TextStyle ID="TXT_1" FONTSIZE="9" FONTFAMILY="Courier New"/>
		<ParagraphStyle ID="PAR_RIGHT" ALIGN="Right"/>
		<ParagraphStyle ID="PAR_LEFT" ALIGN="Left"/>
		<ParagraphStyle ID="PAR_CENTER" ALIGN="Center"/>
	</Styles>
	<Layout>
		<Page ID="P327" PHYSICAL_IMG_NR="327" HEIGHT="1595" WIDTH="960" PRINTED_IMG_NR="289" POSITION="Right" ACCURACY="80.99">
			<TopMargin ID="P327_TM00001" HPOS="0" VPOS="0" WIDTH="960" HEIGHT="83">
				<TextBlock ID="P327_TB00001" HPOS="802" VPOS="55" WIDTH="53" HEIGHT="27" STYLEREFS="TXT_0 PAR_RIGHT">
					<TextLine ID="P327_TL00001" HPOS="802" VPOS="56" WIDTH="53" HEIGHT="26">
						<String ID="P327_ST00001" HPOS="802" VPOS="56" WIDTH="53" HEIGHT="26" CONTENT="289" WC="0.50" CC="094"/>
					</TextLine>
				</TextBlock>
				<TextBlock ID="P327_TB00002" HPOS="409" VPOS="60" WIDTH="76" HEIGHT="17" STYLEREFS="TXT_1 PAR_LEFT">
					<TextLine ID="P327_TL00002" HPOS="410" VPOS="61" WIDTH="75" HEIGHT="16">
						<String ID="P327_ST00002" HPOS="410" VPOS="61" WIDTH="75" HEIGHT="16" CONTENT="SIAM" WC="0.84" CC="6000"/>
					</TextLine>
				</TextBlock>
			</TopMargin>
			<LeftMargin ID="P327_LM00001" HPOS="0" VPOS="83" WIDTH="44" HEIGHT="1425"/>
			<RightMargin ID="P327_RM00001" HPOS="869" VPOS="83" WIDTH="91" HEIGHT="1425"/>
			<BottomMargin ID="P327_BM00001" HPOS="0" VPOS="1508" WIDTH="960" HEIGHT="87"/>
			<PrintSpace ID="P327_PS00001" HPOS="44" VPOS="83" WIDTH="825" HEIGHT="1425">
				<TextBlock ID="P327_TB00003" HPOS="44" VPOS="119" WIDTH="825" HEIGHT="1212" STYLEREFS="TXT_1 PAR_LEFT">
					<TextLine ID="P327_TL00003" HPOS="45" VPOS="119" WIDTH="813" HEIGHT="39">
						<String ID="P327_ST00003" HPOS="45" VPOS="119" WIDTH="169" HEIGHT="27" CONTENT="understand" WC="0.84" CC="5500400000"/>
						<SP ID="P327_SP00001" HPOS="214" VPOS="146" WIDTH="15"/>
						<String ID="P327_ST00004" HPOS="229" VPOS="120" WIDTH="46" HEIGHT="27" CONTENT="the" WC="0.88" CC="200"/>
						<SP ID="P327_SP00002" HPOS="275" VPOS="147" WIDTH="14"/>
						<String ID="P327_ST00005" HPOS="289" VPOS="130" WIDTH="103" HEIGHT="19" CONTENT="answer" WC="0.83" CC="030006"/>
						<String ID="P327_ST00006" HPOS="394" VPOS="138" WIDTH="34" HEIGHT="3" CONTENT="—" WC="0.20" CC="8"/>
						<String ID="P327_ST00007" HPOS="430" VPOS="127" WIDTH="29" HEIGHT="23" CONTENT="to" WC="1.00" CC="00"/>
						<SP ID="P327_SP00003" HPOS="459" VPOS="150" WIDTH="12"/>
						<String ID="P327_ST00008" HPOS="471" VPOS="128" WIDTH="91" HEIGHT="30" CONTENT="repeat" WC="0.90" CC="500000"/>
						<SP ID="P327_SP00004" HPOS="562" VPOS="158" WIDTH="14"/>
						<String ID="P327_ST00009" HPOS="576" VPOS="133" WIDTH="28" HEIGHT="18" CONTENT="or" WC="1.00" CC="00"/>
						<SP ID="P327_SP00005" HPOS="604" VPOS="158" WIDTH="13"/>
						<String ID="P327_ST00010" HPOS="617" VPOS="134" WIDTH="67" HEIGHT="17" CONTENT="even" WC="0.90" CC="0004"/>
						<SP ID="P327_SP00006" HPOS="684" VPOS="158" WIDTH="11"/>
						<String ID="P327_ST00011" HPOS="695" VPOS="125" WIDTH="73" HEIGHT="27" CONTENT="write" WC="0.62" CC="09440"/>
						<SP ID="P327_SP00007" HPOS="768" VPOS="158" WIDTH="11"/>
						<String ID="P327_ST00012" HPOS="779" VPOS="126" WIDTH="79" HEIGHT="27" CONTENT="down" WC="0.91" CC="0003"/>
					</TextLine>
					<TextLine ID="P327_TL00004" HPOS="45" VPOS="167" WIDTH="812" HEIGHT="42">
						<String ID="P327_ST00013" HPOS="45" VPOS="167" WIDTH="75" HEIGHT="27" CONTENT="what" WC="0.87" CC="0004"/>
						<SP ID="P327_SP00008" HPOS="120" VPOS="194" WIDTH="12"/>
						<String ID="P327_ST00014" HPOS="132" VPOS="177" WIDTH="54" HEIGHT="26" CONTENT="you" WC="0.74" CC="321"/>
						<SP ID="P327_SP00009" HPOS="186" VPOS="203" WIDTH="14"/>
						<String ID="P327_ST00015" HPOS="200" VPOS="167" WIDTH="74" HEIGHT="33" CONTENT="hear," WC="0.70" CC="60511"/>
						<SP ID="P327_SP00010" HPOS="274" VPOS="203" WIDTH="15"/>
						<String ID="P327_ST00016" HPOS="289" VPOS="169" WIDTH="52" HEIGHT="26" CONTENT="and" WC="0.92" CC="020"/>
						<SP ID="P327_SP00011" HPOS="341" VPOS="203" WIDTH="15"/>
						<String ID="P327_ST00017" HPOS="356" VPOS="169" WIDTH="107" HEIGHT="37" CONTENT="inquire" WC="0.84" CC="0600400"/>
						<SP ID="P327_SP00012" HPOS="463" VPOS="206" WIDTH="13"/>
						<String ID="P327_ST00018" HPOS="476" VPOS="171" WIDTH="85" HEIGHT="26" CONTENT="about" WC="1.00" CC="00000"/>
						<SP ID="P327_SP00013" HPOS="561" VPOS="206" WIDTH="14"/>
						<String ID="P327_ST00019" HPOS="575" VPOS="171" WIDTH="73" HEIGHT="27" CONTENT="what" WC="0.65" CC="7104"/>
						<SP ID="P327_SP00014" HPOS="648" VPOS="206" WIDTH="11"/>
						<String ID="P327_ST00020" HPOS="659" VPOS="181" WIDTH="53" HEIGHT="26" CONTENT="you" WC="0.68" CC="702"/>
						<SP ID="P327_SP00015" HPOS="712" VPOS="207" WIDTH="13"/>
						<String ID="P327_ST00021" HPOS="725" VPOS="182" WIDTH="42" HEIGHT="18" CONTENT="are" WC="1.00" CC="000"/>
						<SP ID="P327_SP00016" HPOS="767" VPOS="207" WIDTH="14"/>
						<String ID="P327_ST00022" HPOS="781" VPOS="173" WIDTH="76" HEIGHT="36" CONTENT="igno" SUBS_TYPE="HypPart1" SUBS_CONTENT="ignorant" WC="0.78" CC="40600"/>
						<HYP CONTENT="-"/>
					</TextLine>
					<TextLine ID="P327_TL00005" HPOS="45" VPOS="214" WIDTH="814" HEIGHT="42">
						<String ID="P327_ST00023" HPOS="45" VPOS="219" WIDTH="61" HEIGHT="22" CONTENT="rant" SUBS_TYPE="HypPart2" SUBS_CONTENT="ignorant" WC="0.69" CC="7040"/>
						<SP ID="P327_SP00017" HPOS="106" VPOS="241" WIDTH="13"/>
						<String ID="P327_ST00024" HPOS="119" VPOS="214" WIDTH="31" HEIGHT="27" CONTENT="of" WC="0.86" CC="20"/>
						<String ID="P327_ST00025" HPOS="150" VPOS="230" WIDTH="33" HEIGHT="4" CONTENT="—" WC="0.20" CC="8"/>
						<String ID="P327_ST00026" HPOS="184" VPOS="219" WIDTH="29" HEIGHT="22" CONTENT="to" WC="0.68" CC="06"/>
						<SP ID="P327_SP00018" HPOS="213" VPOS="241" WIDTH="13"/>
						<String ID="P327_ST00027" HPOS="226" VPOS="216" WIDTH="110" HEIGHT="27" CONTENT="dismiss" WC="0.86" CC="0130040"/>
						<SP ID="P327_SP00019" HPOS="336" VPOS="243" WIDTH="14"/>
						<String ID="P327_ST00028" HPOS="350" VPOS="217" WIDTH="35" HEIGHT="26" CONTENT="all" WC="0.88" CC="021"/>
						<SP ID="P327_SP00020" HPOS="385" VPOS="243" WIDTH="14"/>
						<String ID="P327_ST00029" HPOS="399" VPOS="217" WIDTH="85" HEIGHT="36" CONTENT="pride," WC="0.80" CC="510003"/>
						<SP ID="P327_SP00021" HPOS="484" VPOS="253" WIDTH="12"/>
						<String ID="P327_ST00030" HPOS="496" VPOS="217" WIDTH="36" HEIGHT="27" CONTENT="all" WC="0.80" CC="014"/>
						<SP ID="P327_SP00022" HPOS="532" VPOS="253" WIDTH="12"/>
						<String ID="P327_ST00031" HPOS="544" VPOS="217" WIDTH="152" HEIGHT="35" CONTENT="diffidence," WC="0.95" CC="00000002002"/>
						<SP ID="P327_SP00023" HPOS="696" VPOS="253" WIDTH="12"/>
						<String ID="P327_ST00032" HPOS="708" VPOS="220" WIDTH="54" HEIGHT="25" CONTENT="and" WC="0.95" CC="010"/>
						<SP ID="P327_SP00024" HPOS="762" VPOS="253" WIDTH="13"/>
						<String ID="P327_ST00033" HPOS="775" VPOS="224" WIDTH="27" HEIGHT="22" CONTENT="to" WC="0.83" CC="03"/>
						<SP ID="P327_SP00025" HPOS="802" VPOS="253" WIDTH="13"/>
						<String ID="P327_ST00034" HPOS="815" VPOS="221" WIDTH="44" HEIGHT="35" CONTENT="lay" WC="0.80" CC="600"/>
					</TextLine>
					<TextLine ID="P327_TL00006" HPOS="46" VPOS="262" WIDTH="812" HEIGHT="40">
						<String ID="P327_ST00035" HPOS="46" VPOS="271" WIDTH="79" HEIGHT="27" CONTENT="every" WC="0.94" CC="00030"/>
						<SP ID="P327_SP00026" HPOS="125" VPOS="298" WIDTH="14"/>
						<String ID="P327_ST00036" HPOS="139" VPOS="271" WIDTH="61" HEIGHT="18" CONTENT="man" WC="0.15" CC="996"/>
						<SP ID="P327_SP00027" HPOS="200" VPOS="298" WIDTH="16"/>
						<String ID="P327_ST00037" HPOS="216" VPOS="262" WIDTH="53" HEIGHT="27" CONTENT="and" WC="0.82" CC="050"/>
						<SP ID="P327_SP00028" HPOS="269" VPOS="298" WIDTH="12"/>
						<String ID="P327_ST00038" HPOS="281" VPOS="272" WIDTH="78" HEIGHT="27" CONTENT="every" WC="0.95" CC="02000"/>
						<SP ID="P327_SP00029" HPOS="359" VPOS="299" WIDTH="12"/>
						<String ID="P327_ST00039" HPOS="371" VPOS="264" WIDTH="79" HEIGHT="36" CONTENT="thing" WC="1.00" CC="00000"/>
						<SP ID="P327_SP00030" HPOS="450" VPOS="300" WIDTH="10"/>
						<String ID="P327_ST00040" HPOS="460" VPOS="264" WIDTH="86" HEIGHT="27" CONTENT="under" WC="0.97" CC="00001"/>
						<SP ID="P327_SP00031" HPOS="546" VPOS="300" WIDTH="10"/>
						<String ID="P327_ST00041" HPOS="556" VPOS="265" WIDTH="182" HEIGHT="28" CONTENT="contribution" WC="0.81" CC="005060000306"/>
						<SP ID="P327_SP00032" HPOS="738" VPOS="300" WIDTH="12"/>
						<String ID="P327_ST00042" HPOS="750" VPOS="271" WIDTH="29" HEIGHT="22" CONTENT="to" WC="0.96" CC="00"/>
						<SP ID="P327_SP00033" HPOS="779" VPOS="300" WIDTH="13"/>
						<String ID="P327_ST00043" HPOS="792" VPOS="276" WIDTH="66" HEIGHT="26" CONTENT="your" WC="0.63" CC="0652"/>
					</TextLine>
					<TextLine ID="P327_TL00007" HPOS="46" VPOS="309" WIDTH="813" HEIGHT="40">
						<String ID="P327_ST00044" HPOS="46" VPOS="310" WIDTH="92" HEIGHT="34" CONTENT="object" WC="1.00" CC="000000"/>
						<String ID="P327_ST00045" HPOS="140" VPOS="325" WIDTH="34" HEIGHT="4" CONTENT="—" WC="0.20" CC="8"/>
						<String ID="P327_ST00046" HPOS="177" VPOS="310" WIDTH="55" HEIGHT="26" CONTENT="this" WC="0.80" CC="0232"/>
						<SP ID="P327_SP00034" HPOS="232" VPOS="344" WIDTH="11"/>
						<String ID="P327_ST00047" HPOS="243" VPOS="310" WIDTH="23" HEIGHT="26" CONTENT="is" WC="0.70" CC="50"/>
						<SP ID="P327_SP00035" HPOS="266" VPOS="344" WIDTH="13"/>
						<String ID="P327_ST00048" HPOS="279" VPOS="309" WIDTH="46" HEIGHT="28" CONTENT="the" WC="0.77" CC="060"/>
						<SP ID="P327_SP00036" HPOS="325" VPOS="344" WIDTH="11"/>
						<String ID="P327_ST00049" HPOS="336" VPOS="311" WIDTH="61" HEIGHT="26" CONTENT="best" WC="0.99" CC="0000"/>
						<SP ID="P327_SP00037" HPOS="397" VPOS="344" WIDTH="8"/>
						<String ID="P327_ST00050" HPOS="405" VPOS="321" WIDTH="60" HEIGHT="25" CONTENT="way" WC="1.00" CC="000"/>
						<SP ID="P327_SP00038" HPOS="465" VPOS="346" WIDTH="10"/>
						<String ID="P327_ST00051" HPOS="475" VPOS="316" WIDTH="28" HEIGHT="22" CONTENT="to" WC="1.00" CC="00"/>
						<SP ID="P327_SP00039" HPOS="503" VPOS="346" WIDTH="11"/>
						<String ID="P327_ST00052" HPOS="514" VPOS="311" WIDTH="82" HEIGHT="37" CONTENT="study" WC="0.88" CC="32000"/>
						<SP ID="P327_SP00040" HPOS="596" VPOS="348" WIDTH="8"/>
						<String ID="P327_ST00053" HPOS="604" VPOS="312" WIDTH="158" HEIGHT="37" CONTENT="languages," WC="0.79" CC="0060600034"/>
						<SP ID="P327_SP00041" HPOS="762" VPOS="349" WIDTH="14"/>
						<String ID="P327_ST00054" HPOS="776" VPOS="314" WIDTH="54" HEIGHT="26" CONTENT="and" WC="0.27" CC="939"/>
						<SP ID="P327_SP00042" HPOS="830" VPOS="349" WIDTH="13"/>
						<String ID="P327_ST00055" HPOS="843" VPOS="323" WIDTH="16" HEIGHT="17" CONTENT="a" WC="1.00" CC="0"/>
					</TextLine>
					<TextLine ID="P327_TL00008" HPOS="47" VPOS="356" WIDTH="811" HEIGHT="37">
						<String ID="P327_ST00056" HPOS="47" VPOS="366" WIDTH="59" HEIGHT="27" CONTENT="way" WC="1.00" CC="000"/>
						<SP ID="P327_SP00043" HPOS="106" VPOS="393" WIDTH="14"/>
						<String ID="P327_ST00057" HPOS="120" VPOS="356" WIDTH="88" HEIGHT="28" CONTENT="which" WC="0.62" CC="06507"/>
						<SP ID="P327_SP00044" HPOS="208" VPOS="393" WIDTH="15"/>
						<String ID="P327_ST00058" HPOS="223" VPOS="357" WIDTH="121" HEIGHT="26" CONTENT="confines" WC="0.68" CC="00476700"/>
						<SP ID="P327_SP00045" HPOS="344" VPOS="393" WIDTH="14"/>
						<String ID="P327_ST00059" HPOS="358" VPOS="367" WIDTH="35" HEIGHT="17" CONTENT="no" WC="0.85" CC="02"/>
						<SP ID="P327_SP00046" HPOS="393" VPOS="393" WIDTH="13"/>
						<String ID="P327_ST00060" HPOS="406" VPOS="367" WIDTH="52" HEIGHT="17" CONTENT="one" WC="1.00" CC="000"/>
						<SP ID="P327_SP00047" HPOS="458" VPOS="393" WIDTH="12"/>
						<String ID="P327_ST00061" HPOS="470" VPOS="362" WIDTH="28" HEIGHT="22" CONTENT="to" WC="0.96" CC="00"/>
						<SP ID="P327_SP00048" HPOS="498" VPOS="393" WIDTH="13"/>
						<String ID="P327_ST00062" HPOS="511" VPOS="358" WIDTH="43" HEIGHT="26" CONTENT="his" WC="0.83" CC="103"/>
						<SP ID="P327_SP00049" HPOS="554" VPOS="393" WIDTH="16"/>
						<String ID="P327_ST00063" HPOS="570" VPOS="359" WIDTH="78" HEIGHT="26" CONTENT="desk." WC="0.94" CC="00003"/>
						<SP ID="P327_SP00050" HPOS="648" VPOS="393" WIDTH="40"/>
						<String ID="P327_ST00064" HPOS="688" VPOS="359" WIDTH="26" HEIGHT="27" CONTENT="It" WC="0.96" CC="00"/>
						<SP ID="P327_SP00051" HPOS="714" VPOS="393" WIDTH="12"/>
						<String ID="P327_ST00065" HPOS="726" VPOS="360" WIDTH="22" HEIGHT="26" CONTENT="is" WC="0.56" CC="25"/>
						<SP ID="P327_SP00052" HPOS="748" VPOS="393" WIDTH="14"/>
						<String ID="P327_ST00066" HPOS="762" VPOS="369" WIDTH="35" HEIGHT="17" CONTENT="an" WC="0.92" CC="10"/>
						<SP ID="P327_SP00053" HPOS="797" VPOS="393" WIDTH="13"/>
						<String ID="P327_ST00067" HPOS="810" VPOS="360" WIDTH="48" HEIGHT="27" CONTENT="im" SUBS_TYPE="HypPart1" SUBS_CONTENT="important" WC="0.92" CC="200"/>
						<HYP CONTENT="-"/>
					</TextLine>
					<TextLine ID="P327_TL00009" HPOS="48" VPOS="405" WIDTH="810" HEIGHT="36">
						<String ID="P327_ST00068" HPOS="48" VPOS="409" WIDTH="109" HEIGHT="30" CONTENT="portant" SUBS_TYPE="HypPart2" SUBS_CONTENT="important" WC="0.81" CC="0403050"/>
						<SP ID="P327_SP00054" HPOS="157" VPOS="439" WIDTH="21"/>
						<String ID="P327_ST00069" HPOS="178" VPOS="405" WIDTH="66" HEIGHT="32" CONTENT="rule," WC="0.79" CC="50004"/>
						<SP ID="P327_SP00055" HPOS="244" VPOS="439" WIDTH="13"/>
						<String ID="P327_ST00070" HPOS="257" VPOS="414" WIDTH="81" HEIGHT="17" CONTENT="never" WC="0.86" CC="60000"/>
						<SP ID="P327_SP00056" HPOS="338" VPOS="439" WIDTH="15"/>
						<String ID="P327_ST00071" HPOS="353" VPOS="409" WIDTH="28" HEIGHT="23" CONTENT="to" WC="1.00" CC="00"/>
						<SP ID="P327_SP00057" HPOS="381" VPOS="439" WIDTH="13"/>
						<String ID="P327_ST00072" HPOS="394" VPOS="405" WIDTH="33" HEIGHT="27" CONTENT="be" WC="0.80" CC="40"/>
						<SP ID="P327_SP00058" HPOS="427" VPOS="439" WIDTH="14"/>
						<String ID="P327_ST00073" HPOS="441" VPOS="405" WIDTH="129" HEIGHT="27" CONTENT="ashamed" WC="0.83" CC="2000504"/>
						<SP ID="P327_SP00059" HPOS="570" VPOS="439" WIDTH="14"/>
						<String ID="P327_ST00074" HPOS="584" VPOS="405" WIDTH="31" HEIGHT="27" CONTENT="of" WC="0.79" CC="40"/>
						<SP ID="P327_SP00060" HPOS="615" VPOS="439" WIDTH="10"/>
						<String ID="P327_ST00075" HPOS="625" VPOS="415" WIDTH="67" HEIGHT="26" CONTENT="your" WC="0.82" CC="0006"/>
						<SP ID="P327_SP00061" HPOS="692" VPOS="441" WIDTH="11"/>
						<String ID="P327_ST00076" HPOS="703" VPOS="405" WIDTH="155" HEIGHT="36" CONTENT="ignorance," WC="0.86" CC="0050030004"/>
					</TextLine>
					<TextLine ID="P327_TL00010" HPOS="48" VPOS="451" WIDTH="812" HEIGHT="37">
						<String ID="P327_ST00077" HPOS="48" VPOS="460" WIDTH="48" HEIGHT="18" CONTENT="nor" WC="0.85" CC="400"/>
						<SP ID="P327_SP00062" HPOS="96" VPOS="478" WIDTH="13"/>
						<String ID="P327_ST00078" HPOS="109" VPOS="451" WIDTH="147" HEIGHT="27" CONTENT="backward" WC="0.96" CC="00010010"/>
						<SP ID="P327_SP00063" HPOS="256" VPOS="478" WIDTH="21"/>
						<String ID="P327_ST00079" HPOS="277" VPOS="456" WIDTH="28" HEIGHT="22" CONTENT="to" WC="1.00" CC="00"/>
						<SP ID="P327_SP00064" HPOS="305" VPOS="478" WIDTH="20"/>
						<String ID="P327_ST00080" HPOS="325" VPOS="452" WIDTH="50" HEIGHT="26" CONTENT="ask" WC="0.85" CC="040"/>
						<SP ID="P327_SP00065" HPOS="375" VPOS="478" WIDTH="20"/>
						<String ID="P327_ST00081" HPOS="395" VPOS="461" WIDTH="66" HEIGHT="18" CONTENT="even" WC="0.58" CC="0906"/>
						<SP ID="P327_SP00066" HPOS="461" VPOS="479" WIDTH="14"/>
						<String ID="P327_ST00082" HPOS="475" VPOS="453" WIDTH="84" HEIGHT="26" CONTENT="about" WC="0.76" CC="16030"/>
						<SP ID="P327_SP00067" HPOS="559" VPOS="479" WIDTH="15"/>
						<String ID="P327_ST00083" HPOS="574" VPOS="453" WIDTH="72" HEIGHT="25" CONTENT="what" WC="0.64" CC="0508"/>
						<SP ID="P327_SP00068" HPOS="646" VPOS="479" WIDTH="13"/>
						<String ID="P327_ST00084" HPOS="659" VPOS="461" WIDTH="53" HEIGHT="27" CONTENT="you" WC="0.80" CC="006"/>
						<SP ID="P327_SP00069" HPOS="712" VPOS="488" WIDTH="15"/>
						<String ID="P327_ST00085" HPOS="727" VPOS="453" WIDTH="88" HEIGHT="35" CONTENT="ought" WC="0.82" CC="02060"/>
						<SP ID="P327_SP00070" HPOS="815" VPOS="488" WIDTH="17"/>
						<String ID="P327_ST00086" HPOS="832" VPOS="458" WIDTH="28" HEIGHT="23" CONTENT="to" WC="1.00" CC="00"/>
					</TextLine>
					<TextLine ID="P327_TL00011" HPOS="48" VPOS="499" WIDTH="814" HEIGHT="36">
						<String ID="P327_ST00087" HPOS="48" VPOS="499" WIDTH="80" HEIGHT="26" CONTENT="know" WC="0.60" CC="1409"/>
						<String ID="P327_ST00088" HPOS="140" VPOS="509" WIDTH="6" HEIGHT="23" CONTENT=";" WC="0.72" CC="2"/>
						<SP ID="P327_SP00071" HPOS="146" VPOS="532" WIDTH="30"/>
						<String ID="P327_ST00089" HPOS="176" VPOS="499" WIDTH="54" HEIGHT="26" CONTENT="and" WC="0.60" CC="830"/>
						<SP ID="P327_SP00072" HPOS="230" VPOS="532" WIDTH="20"/>
						<String ID="P327_ST00090" HPOS="250" VPOS="508" WIDTH="35" HEIGHT="18" CONTENT="no" WC="0.82" CC="30"/>
						<SP ID="P327_SP00073" HPOS="285" VPOS="532" WIDTH="21"/>
						<String ID="P327_ST00091" HPOS="306" VPOS="499" WIDTH="64" HEIGHT="35" CONTENT="plan" WC="0.81" CC="0106"/>
						<SP ID="P327_SP00074" HPOS="370" VPOS="534" WIDTH="21"/>
						<String ID="P327_ST00092" HPOS="391" VPOS="499" WIDTH="69" HEIGHT="27" CONTENT="have" WC="0.89" CC="4000"/>
						<SP ID="P327_SP00075" HPOS="460" VPOS="534" WIDTH="22"/>
						<String ID="P327_ST00093" HPOS="482" VPOS="499" WIDTH="11" HEIGHT="26" CONTENT="I" WC="1.00" CC="0"/>
						<SP ID="P327_SP00076" HPOS="493" VPOS="534" WIDTH="22"/>
						<String ID="P327_ST00094" HPOS="515" VPOS="499" WIDTH="84" HEIGHT="27" CONTENT="found" WC="1.00" CC="00000"/>
						<SP ID="P327_SP00077" HPOS="599" VPOS="534" WIDTH="21"/>
						<String ID="P327_ST00095" HPOS="620" VPOS="509" WIDTH="29" HEIGHT="17" CONTENT="so" WC="0.96" CC="00"/>
						<SP ID="P327_SP00078" HPOS="649" VPOS="534" WIDTH="21"/>
						<String ID="P327_ST00096" HPOS="670" VPOS="499" WIDTH="141" HEIGHT="36" CONTENT="profitable" WC="0.93" CC="0400020000"/>
						<SP ID="P327_SP00079" HPOS="811" VPOS="535" WIDTH="20"/>
						<String ID="P327_ST00097" HPOS="831" VPOS="510" WIDTH="31" HEIGHT="16" CONTENT="as" WC="0.96" CC="00"/>
					</TextLine>
					<TextLine ID="P327_TL00012" HPOS="48" VPOS="546" WIDTH="813" HEIGHT="36">
						<String ID="P327_ST00098" HPOS="48" VPOS="546" WIDTH="158" HEIGHT="36" CONTENT="employing" WC="0.65" CC="000407539"/>
						<SP ID="P327_SP00080" HPOS="206" VPOS="582" WIDTH="10"/>
						<String ID="P327_ST00099" HPOS="216" VPOS="546" WIDTH="46" HEIGHT="27" CONTENT="the" WC="0.78" CC="060"/>
						<SP ID="P327_SP00081" HPOS="262" VPOS="582" WIDTH="14"/>
						<String ID="P327_ST00100" HPOS="276" VPOS="546" WIDTH="90" HEIGHT="35" CONTENT="pencil" WC="0.86" CC="006020"/>
						<SP ID="P327_SP00082" HPOS="366" VPOS="582" WIDTH="14"/>
						<String ID="P327_ST00101" HPOS="380" VPOS="547" WIDTH="28" HEIGHT="26" CONTENT="in" WC="0.67" CC="06"/>
						<SP ID="P327_SP00083" HPOS="408" VPOS="582" WIDTH="11"/>
						<String ID="P327_ST00102" HPOS="419" VPOS="547" WIDTH="130" HEIGHT="35" CONTENT="catching" WC="0.90" CC="00000430"/>
						<SP ID="P327_SP00084" HPOS="549" VPOS="582" WIDTH="10"/>
						<String ID="P327_ST00103" HPOS="559" VPOS="546" WIDTH="89" HEIGHT="26" CONTENT="words" WC="0.96" CC="00001"/>
						<SP ID="P327_SP00085" HPOS="648" VPOS="582" WIDTH="9"/>
						<String ID="P327_ST00104" HPOS="657" VPOS="546" WIDTH="52" HEIGHT="26" CONTENT="and" WC="0.86" CC="040"/>
						<SP ID="P327_SP00086" HPOS="709" VPOS="582" WIDTH="13"/>
						<String ID="P327_ST00105" HPOS="722" VPOS="549" WIDTH="139" HEIGHT="24" CONTENT="sentences" WC="0.88" CC="105000004"/>
					</TextLine>
					<TextLine ID="P327_TL00013" HPOS="49" VPOS="592" WIDTH="814" HEIGHT="38">
						<String ID="P327_ST00106" HPOS="49" VPOS="594" WIDTH="67" HEIGHT="26" CONTENT="from" WC="0.57" CC="4209"/>
						<SP ID="P327_SP00087" HPOS="116" VPOS="620" WIDTH="13"/>
						<String ID="P327_ST00107" HPOS="129" VPOS="593" WIDTH="48" HEIGHT="27" CONTENT="the" WC="0.92" CC="020"/>
						<SP ID="P327_SP00088" HPOS="177" VPOS="620" WIDTH="12"/>
						<String ID="P327_ST00108" HPOS="189" VPOS="593" WIDTH="52" HEIGHT="37" CONTENT="lips" WC="0.83" CC="3300"/>
						<SP ID="P327_SP00089" HPOS="241" VPOS="630" WIDTH="12"/>
						<String ID="P327_ST00109" HPOS="253" VPOS="593" WIDTH="31" HEIGHT="27" CONTENT="of" WC="1.00" CC="00"/>
						<SP ID="P327_SP00090" HPOS="284" VPOS="630" WIDTH="11"/>
						<String ID="P327_ST00110" HPOS="295" VPOS="593" WIDTH="78" HEIGHT="27" CONTENT="those" WC="0.84" CC="60010"/>
						<SP ID="P327_SP00091" HPOS="373" VPOS="630" WIDTH="15"/>
						<String ID="P327_ST00111" HPOS="388" VPOS="593" WIDTH="61" HEIGHT="27" CONTENT="who" WC="0.67" CC="900"/>
						<SP ID="P327_SP00092" HPOS="449" VPOS="630" WIDTH="11"/>
						<String ID="P327_ST00112" HPOS="460" VPOS="603" WIDTH="43" HEIGHT="17" CONTENT="are" WC="0.83" CC="130"/>
						<SP ID="P327_SP00093" HPOS="503" VPOS="630" WIDTH="14"/>
						<String ID="P327_ST00113" HPOS="517" VPOS="592" WIDTH="119" HEIGHT="37" CONTENT="talking," WC="0.66" CC="09303504"/>
						<SP ID="P327_SP00094" HPOS="636" VPOS="630" WIDTH="14"/>
						<String ID="P327_ST00114" HPOS="650" VPOS="592" WIDTH="53" HEIGHT="28" CONTENT="and" WC="0.87" CC="030"/>
						<SP ID="P327_SP00095" HPOS="703" VPOS="630" WIDTH="15"/>
						<String ID="P327_ST00115" HPOS="718" VPOS="592" WIDTH="75" HEIGHT="33" CONTENT="then," WC="0.66" CC="07054"/>
						<SP ID="P327_SP00096" HPOS="793" VPOS="630" WIDTH="14"/>
						<String ID="P327_ST00116" HPOS="807" VPOS="593" WIDTH="23" HEIGHT="27" CONTENT="if" WC="0.84" CC="30"/>
						<SP ID="P327_SP00097" HPOS="830" VPOS="630" WIDTH="11"/>
						<String ID="P327_ST00117" HPOS="841" VPOS="593" WIDTH="22" HEIGHT="27" CONTENT="it" WC="0.98" CC="00"/>
					</TextLine>
					<TextLine ID="P327_TL00014" HPOS="50" VPOS="640" WIDTH="813" HEIGHT="28">
						<String ID="P327_ST00118" HPOS="50" VPOS="649" WIDTH="86" HEIGHT="19" CONTENT="seems" WC="0.89" CC="00050"/>
						<SP ID="P327_SP00098" HPOS="136" VPOS="668" WIDTH="14"/>
						<String ID="P327_ST00119" HPOS="150" VPOS="644" WIDTH="45" HEIGHT="23" CONTENT="too" WC="0.99" CC="000"/>
						<SP ID="P327_SP00099" HPOS="195" VPOS="668" WIDTH="15"/>
						<String ID="P327_ST00120" HPOS="210" VPOS="641" WIDTH="195" HEIGHT="26" CONTENT="unreasonable" WC="0.77" CC="403000028700"/>
						<SP ID="P327_SP00100" HPOS="405" VPOS="668" WIDTH="14"/>
						<String ID="P327_ST00121" HPOS="419" VPOS="644" WIDTH="29" HEIGHT="23" CONTENT="to" WC="0.98" CC="00"/>
						<SP ID="P327_SP00101" HPOS="448" VPOS="668" WIDTH="11"/>
						<String ID="P327_ST00122" HPOS="459" VPOS="641" WIDTH="80" HEIGHT="26" CONTENT="make" WC="1.00" CC="0000"/>
						<SP ID="P327_SP00102" HPOS="539" VPOS="668" WIDTH="15"/>
						<String ID="P327_ST00123" HPOS="554" VPOS="641" WIDTH="46" HEIGHT="26" CONTENT="the" WC="0.55" CC="660"/>
						<SP ID="P327_SP00103" HPOS="600" VPOS="668" WIDTH="15"/>
						<String ID="P327_ST00124" HPOS="615" VPOS="649" WIDTH="62" HEIGHT="17" CONTENT="man" WC="0.78" CC="105"/>
						<SP ID="P327_SP00104" HPOS="677" VPOS="668" WIDTH="15"/>
						<String ID="P327_ST00125" HPOS="692" VPOS="640" WIDTH="42" HEIGHT="26" CONTENT="his" WC="0.67" CC="612"/>
						<SP ID="P327_SP00105" HPOS="734" VPOS="668" WIDTH="15"/>
						<String ID="P327_ST00126" HPOS="749" VPOS="650" WIDTH="59" HEIGHT="17" CONTENT="own" WC="0.97" CC="000"/>
						<SP ID="P327_SP00106" HPOS="808" VPOS="668" WIDTH="14"/>
						<String ID="P327_ST00127" HPOS="822" VPOS="641" WIDTH="41" HEIGHT="26" CONTENT="in" SUBS_TYPE="HypPart1" SUBS_CONTENT="interpreter," WC="1.00" CC="000"/>
						<HYP CONTENT="-"/>
					</TextLine>
					<TextLine ID="P327_TL00015" HPOS="50" VPOS="686" WIDTH="811" HEIGHT="38">
						<String ID="P327_ST00128" HPOS="50" VPOS="691" WIDTH="139" HEIGHT="32" CONTENT="terpreter," SUBS_TYPE="HypPart2" SUBS_CONTENT="interpreter," WC="0.93" CC="0020000004"/>
						<SP ID="P327_SP00107" HPOS="189" VPOS="723" WIDTH="22"/>
						<String ID="P327_ST00129" HPOS="211" VPOS="692" WIDTH="28" HEIGHT="22" CONTENT="to" WC="0.95" CC="01"/>
						<SP ID="P327_SP00108" HPOS="239" VPOS="723" WIDTH="15"/>
						<String ID="P327_ST00130" HPOS="254" VPOS="687" WIDTH="75" HEIGHT="27" CONTENT="defer" WC="0.96" CC="00001"/>
						<SP ID="P327_SP00109" HPOS="329" VPOS="723" WIDTH="14"/>
						<String ID="P327_ST00131" HPOS="343" VPOS="686" WIDTH="45" HEIGHT="28" CONTENT="the" WC="0.76" CC="070"/>
						<SP ID="P327_SP00110" HPOS="388" VPOS="723" WIDTH="18"/>
						<String ID="P327_ST00132" HPOS="406" VPOS="687" WIDTH="110" HEIGHT="37" CONTENT="inquiry" WC="0.82" CC="2000307"/>
						<SP ID="P327_SP00111" HPOS="516" VPOS="724" WIDTH="15"/>
						<String ID="P327_ST00133" HPOS="531" VPOS="692" WIDTH="30" HEIGHT="22" CONTENT="to" WC="0.65" CC="07"/>
						<SP ID="P327_SP00112" HPOS="561" VPOS="724" WIDTH="12"/>
						<String ID="P327_ST00134" HPOS="573" VPOS="697" WIDTH="16" HEIGHT="17" CONTENT="a" WC="1.00" CC="0"/>
						<SP ID="P327_SP00113" HPOS="589" VPOS="724" WIDTH="14"/>
						<String ID="P327_ST00135" HPOS="603" VPOS="686" WIDTH="89" HEIGHT="28" CONTENT="future" WC="0.70" CC="650400"/>
						<SP ID="P327_SP00114" HPOS="692" VPOS="724" WIDTH="15"/>
						<String ID="P327_ST00136" HPOS="707" VPOS="687" WIDTH="101" HEIGHT="35" CONTENT="period." WC="0.89" CC="0050100"/>
						<SP ID="P327_SP00115" HPOS="808" VPOS="724" WIDTH="40"/>
						<String ID="P327_ST00137" HPOS="848" VPOS="687" WIDTH="13" HEIGHT="27" CONTENT="I" WC="1.00" CC="0"/>
					</TextLine>
					<TextLine ID="P327_TL00016" HPOS="50" VPOS="734" WIDTH="813" HEIGHT="28">
						<String ID="P327_ST00138" HPOS="50" VPOS="735" WIDTH="68" HEIGHT="27" CONTENT="have" WC="0.87" CC="5000"/>
						<SP ID="P327_SP00116" HPOS="118" VPOS="762" WIDTH="10"/>
						<String ID="P327_ST00139" HPOS="128" VPOS="735" WIDTH="101" HEIGHT="27" CONTENT="known" WC="0.96" CC="01000"/>
						<SP ID="P327_SP00117" HPOS="229" VPOS="762" WIDTH="15"/>
						<String ID="P327_ST00140" HPOS="244" VPOS="744" WIDTH="50" HEIGHT="18" CONTENT="one" WC="0.83" CC="040"/>
						<SP ID="P327_SP00118" HPOS="294" VPOS="762" WIDTH="15"/>
						<String ID="P327_ST00141" HPOS="309" VPOS="744" WIDTH="29" HEIGHT="18" CONTENT="or" WC="0.69" CC="06"/>
						<SP ID="P327_SP00119" HPOS="338" VPOS="762" WIDTH="13"/>
						<String ID="P327_ST00142" HPOS="351" VPOS="738" WIDTH="55" HEIGHT="23" CONTENT="two" WC="1.00" CC="000"/>
						<SP ID="P327_SP00120" HPOS="406" VPOS="762" WIDTH="13"/>
						<String ID="P327_ST00143" HPOS="419" VPOS="734" WIDTH="86" HEIGHT="27" CONTENT="ladies" WC="0.89" CC="300300"/>
						<SP ID="P327_SP00121" HPOS="505" VPOS="762" WIDTH="14"/>
						<String ID="P327_ST00144" HPOS="519" VPOS="734" WIDTH="90" HEIGHT="27" CONTENT="whose" WC="0.96" CC="01000"/>
						<SP ID="P327_SP00122" HPOS="609" VPOS="762" WIDTH="14"/>
						<String ID="P327_ST00145" HPOS="623" VPOS="734" WIDTH="94" HEIGHT="27" CONTENT="health" WC="0.78" CC="000066"/>
						<SP ID="P327_SP00123" HPOS="717" VPOS="762" WIDTH="11"/>
						<String ID="P327_ST00146" HPOS="728" VPOS="743" WIDTH="55" HEIGHT="18" CONTENT="was" WC="1.00" CC="000"/>
						<SP ID="P327_SP00124" HPOS="783" VPOS="762" WIDTH="14"/>
						<String ID="P327_ST00147" HPOS="797" VPOS="734" WIDTH="66" HEIGHT="26" CONTENT="deli" SUBS_TYPE="HypPart1" SUBS_CONTENT="delicate," WC="0.84" CC="00232"/>
						<HYP CONTENT="-"/>
					</TextLine>
					<TextLine ID="P327_TL00017" HPOS="50" VPOS="781" WIDTH="813" HEIGHT="36">
						<String ID="P327_ST00148" HPOS="50" VPOS="786" WIDTH="68" HEIGHT="27" CONTENT="cate," SUBS_TYPE="HypPart2" SUBS_CONTENT="delicate," WC="0.80" CC="05004"/>
						<SP ID="P327_SP00125" HPOS="118" VPOS="813" WIDTH="16"/>
						<String ID="P327_ST00149" HPOS="134" VPOS="781" WIDTH="60" HEIGHT="28" CONTENT="who" WC="0.45" CC="970"/>
						<SP ID="P327_SP00126" HPOS="194" VPOS="813" WIDTH="13"/>
						<String ID="P327_ST00150" HPOS="207" VPOS="781" WIDTH="56" HEIGHT="27" CONTENT="had" WC="0.63" CC="730"/>
						<SP ID="P327_SP00127" HPOS="263" VPOS="813" WIDTH="20"/>
						<String ID="P327_ST00151" HPOS="283" VPOS="786" WIDTH="48" HEIGHT="31" CONTENT="yet" WC="1.00" CC="000"/>
						<SP ID="P327_SP00128" HPOS="331" VPOS="817" WIDTH="13"/>
						<String ID="P327_ST00152" HPOS="344" VPOS="781" WIDTH="78" HEIGHT="27" CONTENT="made" WC="0.93" CC="2000"/>
						<SP ID="P327_SP00129" HPOS="422" VPOS="817" WIDTH="14"/>
						<String ID="P327_ST00153" HPOS="436" VPOS="781" WIDTH="164" HEIGHT="27" CONTENT="themselves" WC="0.91" CC="0700000000"/>
						<SP ID="P327_SP00130" HPOS="600" VPOS="817" WIDTH="20"/>
						<String ID="P327_ST00154" HPOS="620" VPOS="781" WIDTH="67" HEIGHT="27" CONTENT="such" WC="0.47" CC="0847"/>
						<SP ID="P327_SP00131" HPOS="687" VPOS="817" WIDTH="21"/>
						<String ID="P327_ST00155" HPOS="708" VPOS="781" WIDTH="155" HEIGHT="36" CONTENT="proficients" WC="0.83" CC="03000040324"/>
					</TextLine>
					<TextLine ID="P327_TL00018" HPOS="48" VPOS="828" WIDTH="815" HEIGHT="36">
						<String ID="P327_ST00156" HPOS="48" VPOS="830" WIDTH="28" HEIGHT="26" CONTENT="in" WC="0.83" CC="03"/>
						<SP ID="P327_SP00132" HPOS="76" VPOS="856" WIDTH="15"/>
						<String ID="P327_ST00157" HPOS="91" VPOS="830" WIDTH="128" HEIGHT="33" CONTENT="Chinese," WC="0.83" CC="10060004"/>
						<SP ID="P327_SP00133" HPOS="219" VPOS="863" WIDTH="15"/>
						<String ID="P327_ST00158" HPOS="234" VPOS="829" WIDTH="62" HEIGHT="27" CONTENT="that" WC="0.85" CC="0500"/>
						<SP ID="P327_SP00134" HPOS="296" VPOS="863" WIDTH="19"/>
						<String ID="P327_ST00159" HPOS="315" VPOS="828" WIDTH="65" HEIGHT="36" CONTENT="they" WC="0.92" CC="0300"/>
						<SP ID="P327_SP00135" HPOS="380" VPOS="864" WIDTH="14"/>
						<String ID="P327_ST00160" HPOS="394" VPOS="828" WIDTH="80" HEIGHT="27" CONTENT="could" WC="0.87" CC="00060"/>
						<SP ID="P327_SP00136" HPOS="474" VPOS="864" WIDTH="15"/>
						<String ID="P327_ST00161" HPOS="489" VPOS="837" WIDTH="126" HEIGHT="18" CONTENT="converse" WC="0.86" CC="00600400"/>
						<SP ID="P327_SP00137" HPOS="615" VPOS="864" WIDTH="13"/>
						<String ID="P327_ST00162" HPOS="628" VPOS="837" WIDTH="36" HEIGHT="18" CONTENT="on" WC="0.94" CC="10"/>
						<SP ID="P327_SP00138" HPOS="664" VPOS="864" WIDTH="13"/>
						<String ID="P327_ST00163" HPOS="677" VPOS="829" WIDTH="35" HEIGHT="25" CONTENT="all" WC="0.91" CC="002"/>
						<SP ID="P327_SP00139" HPOS="712" VPOS="864" WIDTH="19"/>
						<String ID="P327_ST00164" HPOS="731" VPOS="829" WIDTH="132" HEIGHT="35" CONTENT="subjects," WC="0.86" CC="350000003"/>
					</TextLine>
					<TextLine ID="P327_TL00019" HPOS="49" VPOS="874" WIDTH="813" HEIGHT="39">
						<String ID="P327_ST00165" HPOS="49" VPOS="877" WIDTH="53" HEIGHT="26" CONTENT="and" WC="0.86" CC="040"/>
						<SP ID="P327_SP00140" HPOS="102" VPOS="903" WIDTH="14"/>
						<String ID="P327_ST00166" HPOS="116" VPOS="877" WIDTH="62" HEIGHT="27" CONTENT="read" WC="0.88" CC="4000"/>
						<SP ID="P327_SP00141" HPOS="178" VPOS="904" WIDTH="15"/>
						<String ID="P327_ST00167" HPOS="193" VPOS="877" WIDTH="54" HEIGHT="26" CONTENT="and" WC="0.87" CC="030"/>
						<SP ID="P327_SP00142" HPOS="247" VPOS="904" WIDTH="14"/>
						<String ID="P327_ST00168" HPOS="261" VPOS="876" WIDTH="111" HEIGHT="37" CONTENT="explain" WC="0.91" CC="0000600"/>
						<SP ID="P327_SP00143" HPOS="372" VPOS="913" WIDTH="15"/>
						<String ID="P327_ST00169" HPOS="387" VPOS="875" WIDTH="139" HEIGHT="27" CONTENT="Christian" WC="0.82" CC="202330201"/>
						<SP ID="P327_SP00144" HPOS="526" VPOS="913" WIDTH="20"/>
						<String ID="P327_ST00170" HPOS="546" VPOS="874" WIDTH="85" HEIGHT="28" CONTENT="books" WC="0.89" CC="00301"/>
						<SP ID="P327_SP00145" HPOS="631" VPOS="913" WIDTH="15"/>
						<String ID="P327_ST00171" HPOS="646" VPOS="875" WIDTH="64" HEIGHT="27" CONTENT="with" WC="0.84" CC="5000"/>
						<SP ID="P327_SP00146" HPOS="710" VPOS="913" WIDTH="15"/>
						<String ID="P327_ST00172" HPOS="725" VPOS="875" WIDTH="102" HEIGHT="36" CONTENT="facility" WC="0.78" CC="00001079"/>
						<SP ID="P327_SP00147" HPOS="827" VPOS="913" WIDTH="8"/>
						<String ID="P327_ST00173" HPOS="835" VPOS="876" WIDTH="27" HEIGHT="26" CONTENT="*." WC="0.84" CC="03"/>
					</TextLine>
					<TextLine ID="P327_TL00020" HPOS="51" VPOS="923" WIDTH="813" HEIGHT="36">
						<String ID="P327_ST00174" HPOS="51" VPOS="924" WIDTH="61" HEIGHT="27" CONTENT="Still" WC="0.88" CC="20110"/>
						<SP ID="P327_SP00148" HPOS="112" VPOS="951" WIDTH="13"/>
						<String ID="P327_ST00175" HPOS="125" VPOS="924" WIDTH="75" HEIGHT="27" CONTENT="there" WC="0.97" CC="00010"/>
						<SP ID="P327_SP00149" HPOS="200" VPOS="951" WIDTH="15"/>
						<String ID="P327_ST00176" HPOS="215" VPOS="924" WIDTH="22" HEIGHT="27" CONTENT="is" WC="0.62" CC="24"/>
						<SP ID="P327_SP00150" HPOS="237" VPOS="951" WIDTH="17"/>
						<String ID="P327_ST00177" HPOS="254" VPOS="934" WIDTH="35" HEIGHT="17" CONTENT="no" WC="0.82" CC="30"/>
						<SP ID="P327_SP00151" HPOS="289" VPOS="951" WIDTH="11"/>
						<String ID="P327_ST00178" HPOS="300" VPOS="924" WIDTH="80" HEIGHT="27" CONTENT="other" WC="0.74" CC="05700"/>
						<SP ID="P327_SP00152" HPOS="380" VPOS="951" WIDTH="9"/>
						<String ID="P327_ST00179" HPOS="389" VPOS="924" WIDTH="137" HEIGHT="35" CONTENT="language" WC="0.54" CC="64193290"/>
						<SP ID="P327_SP00153" HPOS="526" VPOS="959" WIDTH="14"/>
						<String ID="P327_ST00180" HPOS="540" VPOS="923" WIDTH="27" HEIGHT="26" CONTENT="in" WC="0.96" CC="00"/>
						<SP ID="P327_SP00154" HPOS="567" VPOS="959" WIDTH="14"/>
						<String ID="P327_ST00181" HPOS="581" VPOS="923" WIDTH="46" HEIGHT="27" CONTENT="the" WC="0.89" CC="030"/>
						<SP ID="P327_SP00155" HPOS="627" VPOS="959" WIDTH="11"/>
						<String ID="P327_ST00182" HPOS="638" VPOS="923" WIDTH="78" HEIGHT="31" CONTENT="East," WC="0.81" CC="00054"/>
						<SP ID="P327_SP00156" HPOS="716" VPOS="959" WIDTH="15"/>
						<String ID="P327_ST00183" HPOS="731" VPOS="923" WIDTH="133" HEIGHT="36" CONTENT="probably" WC="0.70" CC="01300459"/>
					</TextLine>
					<TextLine ID="P327_TL00021" HPOS="51" VPOS="970" WIDTH="813" HEIGHT="36">
						<String ID="P327_ST00184" HPOS="51" VPOS="981" WIDTH="35" HEIGHT="18" CONTENT="no" WC="0.79" CC="04"/>
						<SP ID="P327_SP00157" HPOS="86" VPOS="999" WIDTH="22"/>
						<String ID="P327_ST00185" HPOS="108" VPOS="972" WIDTH="77" HEIGHT="27" CONTENT="other" WC="0.81" CC="03401"/>
						<SP ID="P327_SP00158" HPOS="185" VPOS="999" WIDTH="20"/>
						<String ID="P327_ST00186" HPOS="205" VPOS="972" WIDTH="27" HEIGHT="26" CONTENT="in" WC="0.57" CC="35"/>
						<SP ID="P327_SP00159" HPOS="232" VPOS="999" WIDTH="22"/>
						<String ID="P327_ST00187" HPOS="254" VPOS="971" WIDTH="47" HEIGHT="27" CONTENT="the" WC="0.64" CC="055"/>
						<SP ID="P327_SP00160" HPOS="301" VPOS="999" WIDTH="15"/>
						<String ID="P327_ST00188" HPOS="316" VPOS="971" WIDTH="94" HEIGHT="33" CONTENT="world," WC="0.84" CC="000702"/>
						<SP ID="P327_SP00161" HPOS="410" VPOS="1004" WIDTH="22"/>
						<String ID="P327_ST00189" HPOS="432" VPOS="979" WIDTH="29" HEIGHT="18" CONTENT="so" WC="1.00" CC="00"/>
						<SP ID="P327_SP00162" HPOS="461" VPOS="1004" WIDTH="17"/>
						<String ID="P327_ST00190" HPOS="478" VPOS="970" WIDTH="119" HEIGHT="26" CONTENT="difficult" WC="0.99" CC="000000000"/>
						<SP ID="P327_SP00163" HPOS="597" VPOS="1004" WIDTH="19"/>
						<String ID="P327_ST00191" HPOS="616" VPOS="974" WIDTH="28" HEIGHT="23" CONTENT="to" WC="1.00" CC="00"/>
						<SP ID="P327_SP00164" HPOS="644" VPOS="1004" WIDTH="13"/>
						<String ID="P327_ST00192" HPOS="657" VPOS="970" WIDTH="33" HEIGHT="26" CONTENT="be" WC="1.00" CC="00"/>
						<SP ID="P327_SP00165" HPOS="690" VPOS="1004" WIDTH="11"/>
						<String ID="P327_ST00193" HPOS="701" VPOS="970" WIDTH="163" HEIGHT="36" CONTENT="completely" WC="0.83" CC="0060300060"/>
					</TextLine>
					<TextLine ID="P327_TL00022" HPOS="51" VPOS="1017" WIDTH="814" HEIGHT="39">
						<String ID="P327_ST00194" HPOS="51" VPOS="1019" WIDTH="127" HEIGHT="37" CONTENT="acquired" WC="0.95" CC="00003000"/>
						<SP ID="P327_SP00166" HPOS="178" VPOS="1056" WIDTH="28"/>
						<String ID="P327_ST00195" HPOS="206" VPOS="1029" WIDTH="30" HEIGHT="17" CONTENT="as" WC="1.00" CC="00"/>
						<SP ID="P327_SP00167" HPOS="236" VPOS="1056" WIDTH="20"/>
						<String ID="P327_ST00196" HPOS="256" VPOS="1019" WIDTH="47" HEIGHT="26" CONTENT="the" WC="0.79" CC="060"/>
						<SP ID="P327_SP00168" HPOS="303" VPOS="1056" WIDTH="16"/>
						<String ID="P327_ST00197" HPOS="319" VPOS="1018" WIDTH="127" HEIGHT="27" CONTENT="Chinese." WC="0.97" CC="00200000"/>
						<SP ID="P327_SP00169" HPOS="446" VPOS="1056" WIDTH="48"/>
						<String ID="P327_ST00198" HPOS="494" VPOS="1017" WIDTH="58" HEIGHT="28" CONTENT="The" WC="0.90" CC="020"/>
						<SP ID="P327_SP00170" HPOS="552" VPOS="1056" WIDTH="15"/>
						<String ID="P327_ST00199" HPOS="567" VPOS="1017" WIDTH="130" HEIGHT="32" CONTENT="Siamese," WC="0.80" CC="30900002"/>
						<SP ID="P327_SP00171" HPOS="697" VPOS="1056" WIDTH="22"/>
						<String ID="P327_ST00200" HPOS="719" VPOS="1017" WIDTH="146" HEIGHT="36" CONTENT="especially" WC="0.86" CC="0000003370"/>
					</TextLine>
					<TextLine ID="P327_TL00023" HPOS="51" VPOS="1063" WIDTH="813" HEIGHT="41">
						<String ID="P327_ST00201" HPOS="51" VPOS="1067" WIDTH="45" HEIGHT="28" CONTENT="the" WC="0.50" CC="860"/>
						<SP ID="P327_SP00172" HPOS="96" VPOS="1095" WIDTH="14"/>
						<String ID="P327_ST00202" HPOS="110" VPOS="1067" WIDTH="106" HEIGHT="37" CONTENT="spoken" WC="0.82" CC="523000"/>
						<SP ID="P327_SP00173" HPOS="216" VPOS="1104" WIDTH="8"/>
						<String ID="P327_ST00203" HPOS="224" VPOS="1067" WIDTH="148" HEIGHT="35" CONTENT="language," WC="0.68" CC="006900902"/>
						<SP ID="P327_SP00174" HPOS="372" VPOS="1104" WIDTH="8"/>
						<String ID="P327_ST00204" HPOS="380" VPOS="1065" WIDTH="23" HEIGHT="27" CONTENT="is" WC="0.64" CC="70"/>
						<SP ID="P327_SP00175" HPOS="403" VPOS="1104" WIDTH="10"/>
						<String ID="P327_ST00205" HPOS="413" VPOS="1066" WIDTH="38" HEIGHT="35" CONTENT="by" WC="1.00" CC="00"/>
						<SP ID="P327_SP00176" HPOS="451" VPOS="1104" WIDTH="10"/>
						<String ID="P327_ST00206" HPOS="461" VPOS="1074" WIDTH="36" HEIGHT="17" CONTENT="no" WC="0.64" CC="70"/>
						<SP ID="P327_SP00177" HPOS="497" VPOS="1104" WIDTH="13"/>
						<String ID="P327_ST00207" HPOS="510" VPOS="1074" WIDTH="94" HEIGHT="17" CONTENT="means" WC="0.66" CC="70062"/>
						<SP ID="P327_SP00178" HPOS="604" VPOS="1104" WIDTH="11"/>
						<String ID="P327_ST00208" HPOS="615" VPOS="1064" WIDTH="151" HEIGHT="36" CONTENT="appalling." WC="0.71" CC="0008000593"/>
						<SP ID="P327_SP00179" HPOS="766" VPOS="1104" WIDTH="40"/>
						<String ID="P327_ST00209" HPOS="806" VPOS="1063" WIDTH="58" HEIGHT="27" CONTENT="The" WC="1.00" CC="000"/>
					</TextLine>
					<TextLine ID="P327_TL00024" HPOS="51" VPOS="1110" WIDTH="814" HEIGHT="41">
						<String ID="P327_ST00210" HPOS="51" VPOS="1115" WIDTH="141" HEIGHT="36" CONTENT="Malayan," WC="0.77" CC="00337004"/>
						<SP ID="P327_SP00180" HPOS="192" VPOS="1151" WIDTH="15"/>
						<String ID="P327_ST00211" HPOS="207" VPOS="1114" WIDTH="144" HEIGHT="36" CONTENT="employed" WC="0.73" CC="06070060"/>
						<SP ID="P327_SP00181" HPOS="351" VPOS="1151" WIDTH="13"/>
						<String ID="P327_ST00212" HPOS="364" VPOS="1113" WIDTH="28" HEIGHT="26" CONTENT="in" WC="0.54" CC="26"/>
						<SP ID="P327_SP00182" HPOS="392" VPOS="1151" WIDTH="14"/>
						<String ID="P327_ST00213" HPOS="406" VPOS="1113" WIDTH="47" HEIGHT="26" CONTENT="the" WC="0.66" CC="270"/>
						<SP ID="P327_SP00183" HPOS="453" VPOS="1151" WIDTH="7"/>
						<String ID="P327_ST00214" HPOS="460" VPOS="1111" WIDTH="101" HEIGHT="28" CONTENT="Straits" WC="0.89" CC="3000120"/>
						<SP ID="P327_SP00184" HPOS="561" VPOS="1151" WIDTH="9"/>
						<String ID="P327_ST00215" HPOS="570" VPOS="1111" WIDTH="54" HEIGHT="27" CONTENT="and" WC="0.92" CC="020"/>
						<SP ID="P327_SP00185" HPOS="624" VPOS="1151" WIDTH="14"/>
						<String ID="P327_ST00216" HPOS="638" VPOS="1111" WIDTH="170" HEIGHT="35" CONTENT="throughout" WC="0.79" CC="0330407020"/>
						<SP ID="P327_SP00186" HPOS="808" VPOS="1151" WIDTH="11"/>
						<String ID="P327_ST00217" HPOS="819" VPOS="1110" WIDTH="46" HEIGHT="26" CONTENT="the" WC="0.60" CC="560"/>
					</TextLine>
					<TextLine ID="P327_TL00025" HPOS="51" VPOS="1156" WIDTH="814" HEIGHT="42">
						<String ID="P327_ST00218" HPOS="51" VPOS="1163" WIDTH="112" HEIGHT="31" CONTENT="islands," WC="0.80" CC="00501054"/>
						<SP ID="P327_SP00187" HPOS="163" VPOS="1194" WIDTH="16"/>
						<String ID="P327_ST00219" HPOS="179" VPOS="1163" WIDTH="23" HEIGHT="26" CONTENT="is" WC="0.91" CC="01"/>
						<SP ID="P327_SP00188" HPOS="202" VPOS="1194" WIDTH="19"/>
						<String ID="P327_ST00220" HPOS="221" VPOS="1161" WIDTH="151" HEIGHT="37" CONTENT="simplicity" WC="0.81" CC="4260001300"/>
						<SP ID="P327_SP00189" HPOS="372" VPOS="1198" WIDTH="17"/>
						<String ID="P327_ST00221" HPOS="389" VPOS="1160" WIDTH="84" HEIGHT="27" CONTENT="itself." WC="0.94" CC="0000004"/>
						<SP ID="P327_SP00190" HPOS="473" VPOS="1198" WIDTH="41"/>
						<String ID="P327_ST00222" HPOS="514" VPOS="1159" WIDTH="26" HEIGHT="27" CONTENT="It" WC="1.00" CC="00"/>
						<SP ID="P327_SP00191" HPOS="540" VPOS="1198" WIDTH="19"/>
						<String ID="P327_ST00223" HPOS="559" VPOS="1159" WIDTH="23" HEIGHT="25" CONTENT="is" WC="1.00" CC="00"/>
						<SP ID="P327_SP00192" HPOS="582" VPOS="1198" WIDTH="17"/>
						<String ID="P327_ST00224" HPOS="599" VPOS="1157" WIDTH="130" HEIGHT="27" CONTENT="doubtful" WC="0.85" CC="00006500"/>
						<SP ID="P327_SP00193" HPOS="729" VPOS="1198" WIDTH="15"/>
						<String ID="P327_ST00225" HPOS="744" VPOS="1156" WIDTH="121" HEIGHT="27" CONTENT="whether" WC="0.67" CC="9700401"/>
					</TextLine>
					<TextLine ID="P327_TL00026" HPOS="51" VPOS="1204" WIDTH="814" HEIGHT="40">
						<String ID="P327_ST00226" HPOS="51" VPOS="1211" WIDTH="75" HEIGHT="27" CONTENT="there" WC="0.86" CC="01040"/>
						<SP ID="P327_SP00194" HPOS="126" VPOS="1238" WIDTH="14"/>
						<String ID="P327_ST00227" HPOS="140" VPOS="1211" WIDTH="23" HEIGHT="26" CONTENT="is" WC="0.91" CC="01"/>
						<SP ID="P327_SP00195" HPOS="163" VPOS="1238" WIDTH="13"/>
						<String ID="P327_ST00228" HPOS="176" VPOS="1210" WIDTH="115" HEIGHT="27" CONTENT="another" WC="0.81" CC="0400205"/>
						<SP ID="P327_SP00196" HPOS="291" VPOS="1238" WIDTH="14"/>
						<String ID="P327_ST00229" HPOS="305" VPOS="1209" WIDTH="136" HEIGHT="35" CONTENT="language" WC="0.64" CC="30690090"/>
						<SP ID="P327_SP00197" HPOS="441" VPOS="1244" WIDTH="13"/>
						<String ID="P327_ST00230" HPOS="454" VPOS="1207" WIDTH="28" HEIGHT="26" CONTENT="in" WC="0.77" CC="40"/>
						<SP ID="P327_SP00198" HPOS="482" VPOS="1244" WIDTH="17"/>
						<String ID="P327_ST00231" HPOS="499" VPOS="1205" WIDTH="48" HEIGHT="28" CONTENT="the" WC="1.00" CC="000"/>
						<SP ID="P327_SP00199" HPOS="547" VPOS="1244" WIDTH="17"/>
						<String ID="P327_ST00232" HPOS="564" VPOS="1204" WIDTH="84" HEIGHT="28" CONTENT="world" WC="0.80" CC="13500"/>
						<SP ID="P327_SP00200" HPOS="648" VPOS="1244" WIDTH="16"/>
						<String ID="P327_ST00233" HPOS="664" VPOS="1204" WIDTH="90" HEIGHT="27" CONTENT="which" WC="0.52" CC="96007"/>
						<SP ID="P327_SP00201" HPOS="754" VPOS="1244" WIDTH="14"/>
						<String ID="P327_ST00234" HPOS="768" VPOS="1213" WIDTH="50" HEIGHT="17" CONTENT="can" WC="0.72" CC="502"/>
						<SP ID="P327_SP00202" HPOS="818" VPOS="1244" WIDTH="14"/>
						<String ID="P327_ST00235" HPOS="832" VPOS="1204" WIDTH="33" HEIGHT="26" CONTENT="be" WC="1.00" CC="00"/>
					</TextLine>
					<TextLine ID="P327_TL00027" HPOS="51" VPOS="1250" WIDTH="818" HEIGHT="44">
						<String ID="P327_ST00236" HPOS="51" VPOS="1267" WIDTH="28" HEIGHT="18" CONTENT="so" WC="1.00" CC="00"/>
						<SP ID="P327_SP00203" HPOS="79" VPOS="1285" WIDTH="13"/>
						<String ID="P327_ST00237" HPOS="92" VPOS="1258" WIDTH="114" HEIGHT="36" CONTENT="quickly" WC="0.81" CC="0020045"/>
						<SP ID="P327_SP00204" HPOS="206" VPOS="1294" WIDTH="12"/>
						<String ID="P327_ST00238" HPOS="218" VPOS="1255" WIDTH="168" HEIGHT="29" CONTENT="understood" WC="0.81" CC="4400260000"/>
						<SP ID="P327_SP00205" HPOS="386" VPOS="1294" WIDTH="14"/>
						<String ID="P327_ST00239" HPOS="400" VPOS="1255" WIDTH="54" HEIGHT="27" CONTENT="and" WC="0.89" CC="030"/>
						<SP ID="P327_SP00206" HPOS="454" VPOS="1294" WIDTH="15"/>
						<String ID="P327_ST00240" HPOS="469" VPOS="1252" WIDTH="142" HEIGHT="38" CONTENT="employed" WC="0.81" CC="01060006"/>
						<SP ID="P327_SP00207" HPOS="611" VPOS="1294" WIDTH="17"/>
						<String ID="P327_ST00241" HPOS="628" VPOS="1253" WIDTH="36" HEIGHT="35" CONTENT="by" WC="0.63" CC="07"/>
						<SP ID="P327_SP00208" HPOS="664" VPOS="1294" WIDTH="16"/>
						<String ID="P327_ST00242" HPOS="680" VPOS="1250" WIDTH="145" HEIGHT="37" CONTENT="foreigners" WC="0.75" CC="0010592050"/>
						<SP ID="P327_SP00209" HPOS="825" VPOS="1294" WIDTH="14"/>
						<String ID="P327_ST00243" HPOS="839" VPOS="1250" WIDTH="30" HEIGHT="27" CONTENT="of" WC="0.93" CC="01"/>
					</TextLine>
					<TextLine ID="P327_TL00028" HPOS="51" VPOS="1306" WIDTH="166" HEIGHT="25">
						<String ID="P327_ST00244" HPOS="51" VPOS="1306" WIDTH="35" HEIGHT="25" CONTENT="all" WC="0.58" CC="066"/>
						<SP ID="P327_SP00210" HPOS="86" VPOS="1331" WIDTH="11"/>
						<String ID="P327_ST00245" HPOS="97" VPOS="1306" WIDTH="120" HEIGHT="25" CONTENT="nations." WC="0.93" CC="20000200"/>
					</TextLine>
				</TextBlock>
				<TextBlock ID="P327_TB00004" HPOS="88" VPOS="1343" WIDTH="778" HEIGHT="40" STYLEREFS="TXT_1 PAR_CENTER">
					<TextLine ID="P327_TL00029" HPOS="89" VPOS="1343" WIDTH="777" HEIGHT="40">
						<String ID="P327_ST00246" HPOS="89" VPOS="1353" WIDTH="156" HEIGHT="27" CONTENT="November" WC="0.68" CC="60905004"/>
						<SP ID="P327_SP00211" HPOS="245" VPOS="1380" WIDTH="13"/>
						<String ID="P327_ST00247" HPOS="258" VPOS="1351" WIDTH="58" HEIGHT="26" CONTENT="4th." WC="0.82" CC="0070"/>
						<String ID="P327_ST00248" HPOS="320" VPOS="1367" WIDTH="36" HEIGHT="3" CONTENT="—" WC="0.20" CC="8"/>
						<String ID="P327_ST00249" HPOS="359" VPOS="1350" WIDTH="33" HEIGHT="27" CONTENT="In" WC="0.84" CC="03"/>
						<SP ID="P327_SP00212" HPOS="392" VPOS="1380" WIDTH="14"/>
						<String ID="P327_ST00250" HPOS="406" VPOS="1349" WIDTH="47" HEIGHT="27" CONTENT="the" WC="0.80" CC="060"/>
						<SP ID="P327_SP00213" HPOS="453" VPOS="1380" WIDTH="11"/>
						<String ID="P327_ST00251" HPOS="464" VPOS="1346" WIDTH="173" HEIGHT="37" CONTENT="expectation" WC="0.91" CC="00600000200"/>
						<SP ID="P327_SP00214" HPOS="637" VPOS="1383" WIDTH="14"/>
						<String ID="P327_ST00252" HPOS="651" VPOS="1345" WIDTH="31" HEIGHT="27" CONTENT="of" WC="0.72" CC="05"/>
						<SP ID="P327_SP00215" HPOS="682" VPOS="1383" WIDTH="10"/>
						<String ID="P327_ST00253" HPOS="692" VPOS="1343" WIDTH="108" HEIGHT="36" CONTENT="leaving" WC="0.69" CC="0000559"/>
						<SP ID="P327_SP00216" HPOS="800" VPOS="1383" WIDTH="20"/>
						<String ID="P327_ST00254" HPOS="820" VPOS="1343" WIDTH="46" HEIGHT="27" CONTENT="the" WC="0.76" CC="070"/>
					</TextLine>
				</TextBlock>
				<TextBlock ID="P327_TB00005" HPOS="50" VPOS="1408" WIDTH="816" HEIGHT="69" STYLEREFS="TXT_1 PAR_LEFT">
					<TextLine ID="P327_TL00030" HPOS="79" VPOS="1408" WIDTH="787" HEIGHT="39">
						<String ID="P327_ST00255" HPOS="79" VPOS="1418" WIDTH="12" HEIGHT="13" CONTENT="*" WC="0.86" CC="1"/>
						<SP ID="P327_SP00217" HPOS="91" VPOS="1431" WIDTH="12"/>
						<String ID="P327_ST00256" HPOS="103" VPOS="1418" WIDTH="70" HEIGHT="29" CONTENT="Being" WC="0.78" CC="00172"/>
						<SP ID="P327_SP00218" HPOS="173" VPOS="1447" WIDTH="11"/>
						<String ID="P327_ST00257" HPOS="184" VPOS="1417" WIDTH="94" HEIGHT="21" CONTENT="familiar" WC="0.62" CC="54003096"/>
						<SP ID="P327_SP00219" HPOS="278" VPOS="1447" WIDTH="14"/>
						<String ID="P327_ST00258" HPOS="292" VPOS="1415" WIDTH="53" HEIGHT="22" CONTENT="with" WC="0.46" CC="9234"/>
						<SP ID="P327_SP00220" HPOS="345" VPOS="1447" WIDTH="14"/>
						<String ID="P327_ST00259" HPOS="359" VPOS="1415" WIDTH="35" HEIGHT="21" CONTENT="the" WC="0.76" CC="070"/>
						<SP ID="P327_SP00221" HPOS="394" VPOS="1447" WIDTH="15"/>
						<String ID="P327_ST00260" HPOS="409" VPOS="1413" WIDTH="102" HEIGHT="28" CONTENT="subjects," WC="0.63" CC="335405073"/>
						<SP ID="P327_SP00222" HPOS="511" VPOS="1447" WIDTH="15"/>
						<String ID="P327_ST00261" HPOS="526" VPOS="1411" WIDTH="60" HEIGHT="21" CONTENT="these" WC="0.78" CC="05050"/>
						<SP ID="P327_SP00223" HPOS="586" VPOS="1447" WIDTH="15"/>
						<String ID="P327_ST00262" HPOS="601" VPOS="1410" WIDTH="68" HEIGHT="22" CONTENT="books" WC="0.61" CC="70074"/>
						<SP ID="P327_SP00224" HPOS="669" VPOS="1447" WIDTH="11"/>
						<String ID="P327_ST00263" HPOS="680" VPOS="1415" WIDTH="35" HEIGHT="16" CONTENT="are" WC="0.53" CC="670"/>
						<SP ID="P327_SP00225" HPOS="715" VPOS="1447" WIDTH="10"/>
						<String ID="P327_ST00264" HPOS="725" VPOS="1415" WIDTH="60" HEIGHT="15" CONTENT="more" WC="0.81" CC="0150"/>
						<SP ID="P327_SP00226" HPOS="785" VPOS="1447" WIDTH="15"/>
						<String ID="P327_ST00265" HPOS="800" VPOS="1408" WIDTH="66" HEIGHT="28" CONTENT="easily" WC="0.83" CC="324000"/>
					</TextLine>
					<TextLine ID="P327_TL00031" HPOS="51" VPOS="1443" WIDTH="453" HEIGHT="34">
						<String ID="P327_ST00266" HPOS="51" VPOS="1447" WIDTH="179" HEIGHT="30" CONTENT="comprehended" WC="0.65" CC="044603430750"/>
						<SP ID="P327_SP00227" HPOS="230" VPOS="1477" WIDTH="11"/>
						<String ID="P327_ST00267" HPOS="241" VPOS="1448" WIDTH="30" HEIGHT="28" CONTENT="by" WC="0.54" CC="09"/>
						<SP ID="P327_SP00228" HPOS="271" VPOS="1477" WIDTH="12"/>
						<String ID="P327_ST00268" HPOS="283" VPOS="1453" WIDTH="26" HEIGHT="15" CONTENT="us" WC="0.77" CC="03"/>
						<SP ID="P327_SP00229" HPOS="309" VPOS="1477" WIDTH="10"/>
						<String ID="P327_ST00269" HPOS="319" VPOS="1445" WIDTH="51" HEIGHT="21" CONTENT="than" WC="1.00" CC="0000"/>
						<SP ID="P327_SP00230" HPOS="370" VPOS="1477" WIDTH="12"/>
						<String ID="P327_ST00270" HPOS="382" VPOS="1443" WIDTH="56" HEIGHT="22" CONTENT="their" WC="0.70" CC="05016"/>
						<SP ID="P327_SP00231" HPOS="438" VPOS="1477" WIDTH="10"/>
						<String ID="P327_ST00271" HPOS="448" VPOS="1449" WIDTH="56" HEIGHT="15" CONTENT="own." WC="0.57" CC="0970"/>
					</TextLine>
				</TextBlock>
				<TextBlock ID="P327_TB00006" HPOS="458" VPOS="1490" WIDTH="18" HEIGHT="18" STYLEREFS="TXT_0 PAR_CENTER">
					<TextLine ID="P327_TL00032" HPOS="460" VPOS="1492" WIDTH="16" HEIGHT="16">
						<String ID="P327_ST00272" HPOS="460" VPOS="1492" WIDTH="16" HEIGHT="16" CONTENT="o" WC="1.00" CC="0"/>
					</TextLine>
				</TextBlock>
			</PrintSpace>
		</Page>
	</Layout>
</alto>
