<?xml version="1.0" encoding="UTF-8"?>
<alto xmlns:xsi="http://www.w3.org/2001/XMLSchema-instance" xsi:noNamespaceSchemaLocation="http://www.bl.uk/schemas/alto/alto-1-4.xsd" xmlns:xlink="http://www.w3.org/1999/xlink">
	<Description>
		<MeasurementUnit>mm10</MeasurementUnit>
		<sourceImageInformation>
			<fileName>//head1/IN/2008-15/A0011390163/005148.jp2</fileName>
		</sourceImageInformation>
		<OCRProcessing ID="OCRPROCESSING_1">
			<preProcessingStep>
				<processingSoftware>
					<softwareCreator>CCS Content Conversion Specialists GmbH, Germany</softwareCreator>
					<softwareName>CCS docWORKS</softwareName>
					<softwareVersion>6.1-0.67</softwareVersion>
				</processingSoftware>
			</preProcessingStep>
			<ocrProcessingStep>
				<processingSoftware>
					<softwareCreator>ABBYY (BIT Software), Russia</softwareCreator>
					<softwareName>Finereader</softwareName>
				</processingSoftware>
			</ocrProcessingStep>
		</OCRProcessing>
	</Description>
	<Styles>
		<TextStyle ID="TXT_0" FONTSIZE="10" FONTFAMILY="Courier New"/>
		<TextStyle ID="TXT_1" FONTSIZE="9" FONTFAMILY="Courier New"/>
		<ParagraphStyle ID="PAR_LEFT" ALIGN="Left"/>
		<ParagraphStyle ID="PAR_RIGHT" ALIGN="Right"/>
	</Styles>
	<Layout>
		<Page ID="P372" PHYSICAL_IMG_NR="372" HEIGHT="1595" WIDTH="960" PRINTED_IMG_NR="334" POSITION="Left" ACCURACY="76.66">
			<TopMargin ID="P372_TM00001" HPOS="0" VPOS="0" WIDTH="960" HEIGHT="77">
				<TextBlock ID="P372_TB00001" HPOS="110" VPOS="51" WIDTH="54" HEIGHT="25" STYLEREFS="TXT_0 PAR_LEFT">
					<TextLine ID="P372_TL00001" HPOS="111" VPOS="52" WIDTH="53" HEIGHT="24">
						<String ID="P372_ST00001" HPOS="111" VPOS="52" WIDTH="53" HEIGHT="24" CONTENT="334" WC="0.57" CC="128"/>
					</TextLine>
				</TextBlock>
				<TextBlock ID="P372_TB00002" HPOS="360" VPOS="59" WIDTH="314" HEIGHT="18" STYLEREFS="TXT_1 PAR_RIGHT">
					<TextLine ID="P372_TL00002" HPOS="362" VPOS="60" WIDTH="312" HEIGHT="17">
						<String ID="P372_ST00002" HPOS="362" VPOS="60" WIDTH="58" HEIGHT="17" CONTENT="LOO" WC="0.96" CC="001"/>
						<SP ID="P372_SP00001" HPOS="420" VPOS="77" WIDTH="15"/>
						<String ID="P372_ST00003" HPOS="435" VPOS="60" WIDTH="82" HEIGHT="17" CONTENT="CHOO" WC="1.00" CC="0000"/>
						<SP ID="P372_SP00002" HPOS="517" VPOS="77" WIDTH="17"/>
						<String ID="P372_ST00004" HPOS="534" VPOS="60" WIDTH="140" HEIGHT="17" CONTENT="ISLANDS." WC="0.85" CC="00000740"/>
					</TextLine>
				</TextBlock>
			</TopMargin>
			<LeftMargin ID="P372_LM00001" HPOS="0" VPOS="77" WIDTH="96" HEIGHT="1401"/>
			<RightMargin ID="P372_RM00001" HPOS="925" VPOS="77" WIDTH="35" HEIGHT="1401"/>
			<BottomMargin ID="P372_BM00001" HPOS="0" VPOS="1478" WIDTH="960" HEIGHT="117"/>
			<PrintSpace ID="P372_PS00001" HPOS="96" VPOS="77" WIDTH="829" HEIGHT="1401">
				<TextBlock ID="P372_TB00003" HPOS="96" VPOS="121" WIDTH="829" HEIGHT="1075" STYLEREFS="TXT_1 PAR_LEFT">
					<TextLine ID="P372_TL00003" HPOS="111" VPOS="121" WIDTH="814" HEIGHT="34">
						<String ID="P372_ST00005" HPOS="111" VPOS="122" WIDTH="31" HEIGHT="26" CONTENT="of" WC="0.42" CC="55"/>
						<SP ID="P372_SP00003" HPOS="142" VPOS="148" WIDTH="11"/>
						<String ID="P372_ST00006" HPOS="153" VPOS="121" WIDTH="46" HEIGHT="26" CONTENT="the" WC="0.77" CC="600"/>
						<SP ID="P372_SP00004" HPOS="199" VPOS="148" WIDTH="11"/>
						<String ID="P372_ST00007" HPOS="210" VPOS="125" WIDTH="58" HEIGHT="22" CONTENT="sect" WC="0.71" CC="0073"/>
						<SP ID="P372_SP00005" HPOS="268" VPOS="148" WIDTH="13"/>
						<String ID="P372_ST00008" HPOS="281" VPOS="121" WIDTH="30" HEIGHT="26" CONTENT="of" WC="0.81" CC="03"/>
						<SP ID="P372_SP00006" HPOS="311" VPOS="148" WIDTH="10"/>
						<String ID="P372_ST00009" HPOS="321" VPOS="121" WIDTH="141" HEIGHT="26" CONTENT="Taou-sze." WC="0.73" CC="070031900"/>
						<SP ID="P372_SP00007" HPOS="462" VPOS="148" WIDTH="21"/>
						<String ID="P372_ST00010" HPOS="483" VPOS="122" WIDTH="85" HEIGHT="26" CONTENT="There" WC="0.66" CC="06018"/>
						<SP ID="P372_SP00008" HPOS="568" VPOS="148" WIDTH="16"/>
						<String ID="P372_ST00011" HPOS="584" VPOS="132" WIDTH="44" HEIGHT="16" CONTENT="are" WC="1.00" CC="000"/>
						<SP ID="P372_SP00009" HPOS="628" VPOS="148" WIDTH="14"/>
						<String ID="P372_ST00012" HPOS="642" VPOS="133" WIDTH="70" HEIGHT="16" CONTENT="nuns" WC="0.83" CC="3002"/>
						<SP ID="P372_SP00010" HPOS="712" VPOS="149" WIDTH="15"/>
						<String ID="P372_ST00013" HPOS="727" VPOS="132" WIDTH="101" HEIGHT="23" CONTENT="among" WC="0.48" CC="90329"/>
						<SP ID="P372_SP00011" HPOS="828" VPOS="155" WIDTH="15"/>
						<String ID="P372_ST00014" HPOS="843" VPOS="123" WIDTH="82" HEIGHT="26" CONTENT="them." WC="0.45" CC="07792"/>
					</TextLine>
					<TextLine ID="P372_TL00004" HPOS="109" VPOS="168" WIDTH="816" HEIGHT="37">
						<String ID="P372_ST00015" HPOS="109" VPOS="169" WIDTH="77" HEIGHT="34" CONTENT="They" WC="0.83" CC="0600"/>
						<SP ID="P372_SP00012" HPOS="186" VPOS="203" WIDTH="25"/>
						<String ID="P372_ST00016" HPOS="211" VPOS="168" WIDTH="52" HEIGHT="26" CONTENT="had" WC="0.50" CC="770"/>
						<SP ID="P372_SP00013" HPOS="263" VPOS="203" WIDTH="28"/>
						<String ID="P372_ST00017" HPOS="291" VPOS="169" WIDTH="114" HEIGHT="34" CONTENT="temples" WC="0.76" CC="0090105"/>
						<SP ID="P372_SP00014" HPOS="405" VPOS="203" WIDTH="26"/>
						<String ID="P372_ST00018" HPOS="431" VPOS="169" WIDTH="27" HEIGHT="25" CONTENT="in" WC="0.78" CC="04"/>
						<SP ID="P372_SP00015" HPOS="458" VPOS="203" WIDTH="23"/>
						<String ID="P372_ST00019" HPOS="481" VPOS="169" WIDTH="47" HEIGHT="25" CONTENT="the" WC="0.78" CC="060"/>
						<SP ID="P372_SP00016" HPOS="528" VPOS="203" WIDTH="27"/>
						<String ID="P372_ST00020" HPOS="555" VPOS="169" WIDTH="147" HEIGHT="26" CONTENT="thirteenth" WC="0.66" CC="0740700068"/>
						<SP ID="P372_SP00017" HPOS="702" VPOS="203" WIDTH="25"/>
						<String ID="P372_ST00021" HPOS="727" VPOS="174" WIDTH="125" HEIGHT="31" CONTENT="century," WC="0.93" CC="01003000"/>
						<SP ID="P372_SP00018" HPOS="852" VPOS="205" WIDTH="30"/>
						<String ID="P372_ST00022" HPOS="882" VPOS="170" WIDTH="43" HEIGHT="26" CONTENT="the" WC="0.77" CC="060"/>
					</TextLine>
					<TextLine ID="P372_TL00005" HPOS="109" VPOS="214" WIDTH="816" HEIGHT="38">
						<String ID="P372_ST00023" HPOS="109" VPOS="215" WIDTH="177" HEIGHT="26" CONTENT="foundations" WC="0.77" CC="00650500061"/>
						<SP ID="P372_SP00019" HPOS="286" VPOS="241" WIDTH="18"/>
						<String ID="P372_ST00024" HPOS="304" VPOS="215" WIDTH="30" HEIGHT="25" CONTENT="of" WC="1.00" CC="00"/>
						<SP ID="P372_SP00020" HPOS="334" VPOS="241" WIDTH="21"/>
						<String ID="P372_ST00025" HPOS="355" VPOS="214" WIDTH="88" HEIGHT="27" CONTENT="which" WC="0.86" CC="03101"/>
						<SP ID="P372_SP00021" HPOS="443" VPOS="241" WIDTH="21"/>
						<String ID="P372_ST00026" HPOS="464" VPOS="215" WIDTH="68" HEIGHT="26" CONTENT="have" WC="0.79" CC="4400"/>
						<SP ID="P372_SP00022" HPOS="532" VPOS="241" WIDTH="22"/>
						<String ID="P372_ST00027" HPOS="554" VPOS="216" WIDTH="64" HEIGHT="35" CONTENT="long" WC="0.53" CC="4049"/>
						<SP ID="P372_SP00023" HPOS="618" VPOS="251" WIDTH="24"/>
						<String ID="P372_ST00028" HPOS="642" VPOS="216" WIDTH="74" HEIGHT="26" CONTENT="since" WC="0.81" CC="30500"/>
						<SP ID="P372_SP00024" HPOS="716" VPOS="251" WIDTH="22"/>
						<String ID="P372_ST00029" HPOS="738" VPOS="217" WIDTH="187" HEIGHT="35" CONTENT="disappeared." WC="0.77" CC="904000050070"/>
					</TextLine>
					<TextLine ID="P372_TL00006" HPOS="109" VPOS="262" WIDTH="815" HEIGHT="36">
						<String ID="P372_ST00030" HPOS="109" VPOS="263" WIDTH="77" HEIGHT="35" CONTENT="They" WC="0.84" CC="0600"/>
						<SP ID="P372_SP00025" HPOS="186" VPOS="298" WIDTH="22"/>
						<String ID="P372_ST00031" HPOS="208" VPOS="262" WIDTH="67" HEIGHT="26" CONTENT="have" WC="0.81" CC="7000"/>
						<SP ID="P372_SP00026" HPOS="275" VPOS="298" WIDTH="22"/>
						<String ID="P372_ST00032" HPOS="297" VPOS="262" WIDTH="122" HEIGHT="26" CONTENT="imitated" WC="0.99" CC="00000000"/>
						<SP ID="P372_SP00027" HPOS="419" VPOS="298" WIDTH="27"/>
						<String ID="P372_ST00033" HPOS="446" VPOS="263" WIDTH="73" HEIGHT="26" CONTENT="what" WC="0.82" CC="0700"/>
						<SP ID="P372_SP00028" HPOS="519" VPOS="298" WIDTH="24"/>
						<String ID="P372_ST00034" HPOS="543" VPOS="263" WIDTH="66" HEIGHT="35" CONTENT="they" WC="0.85" CC="0500"/>
						<SP ID="P372_SP00029" HPOS="609" VPOS="298" WIDTH="23"/>
						<String ID="P372_ST00035" HPOS="632" VPOS="273" WIDTH="54" HEIGHT="17" CONTENT="saw" WC="0.97" CC="000"/>
						<SP ID="P372_SP00030" HPOS="686" VPOS="298" WIDTH="21"/>
						<String ID="P372_ST00036" HPOS="707" VPOS="263" WIDTH="26" HEIGHT="27" CONTENT="in" WC="0.79" CC="04"/>
						<SP ID="P372_SP00031" HPOS="733" VPOS="298" WIDTH="20"/>
						<String ID="P372_ST00037" HPOS="753" VPOS="263" WIDTH="101" HEIGHT="33" CONTENT="China," WC="0.83" CC="050003"/>
						<SP ID="P372_SP00032" HPOS="854" VPOS="298" WIDTH="17"/>
						<String ID="P372_ST00038" HPOS="871" VPOS="267" WIDTH="53" HEIGHT="25" CONTENT="and" WC="0.84" CC="040"/>
					</TextLine>
					<TextLine ID="P372_TL00007" HPOS="109" VPOS="309" WIDTH="816" HEIGHT="37">
						<String ID="P372_ST00039" HPOS="109" VPOS="311" WIDTH="69" HEIGHT="25" CONTENT="have" WC="0.44" CC="7590"/>
						<SP ID="P372_SP00033" HPOS="178" VPOS="336" WIDTH="19"/>
						<String ID="P372_ST00040" HPOS="197" VPOS="318" WIDTH="67" HEIGHT="17" CONTENT="even" WC="0.80" CC="5002"/>
						<SP ID="P372_SP00034" HPOS="264" VPOS="336" WIDTH="16"/>
						<String ID="P372_ST00041" HPOS="280" VPOS="309" WIDTH="131" HEIGHT="36" CONTENT="imported" WC="0.97" CC="02000000"/>
						<SP ID="P372_SP00035" HPOS="411" VPOS="345" WIDTH="15"/>
						<String ID="P372_ST00042" HPOS="426" VPOS="309" WIDTH="46" HEIGHT="26" CONTENT="her" WC="0.52" CC="625"/>
						<SP ID="P372_SP00036" HPOS="472" VPOS="345" WIDTH="20"/>
						<String ID="P372_ST00043" HPOS="492" VPOS="310" WIDTH="78" HEIGHT="29" CONTENT="idols," WC="0.88" CC="000510"/>
						<String ID="P372_ST00044" HPOS="574" VPOS="326" WIDTH="34" HEIGHT="3" CONTENT="—" WC="0.20" CC="8"/>
						<String ID="P372_ST00045" HPOS="611" VPOS="310" WIDTH="47" HEIGHT="26" CONTENT="the" WC="0.78" CC="060"/>
						<SP ID="P372_SP00037" HPOS="658" VPOS="345" WIDTH="14"/>
						<String ID="P372_ST00046" HPOS="672" VPOS="320" WIDTH="88" HEIGHT="26" CONTENT="queen" WC="0.72" CC="60007"/>
						<SP ID="P372_SP00038" HPOS="760" VPOS="346" WIDTH="16"/>
						<String ID="P372_ST00047" HPOS="776" VPOS="312" WIDTH="31" HEIGHT="26" CONTENT="of" WC="1.00" CC="00"/>
						<SP ID="P372_SP00039" HPOS="807" VPOS="346" WIDTH="17"/>
						<String ID="P372_ST00048" HPOS="824" VPOS="312" WIDTH="101" HEIGHT="27" CONTENT="heaven" WC="0.89" CC="600000"/>
					</TextLine>
					<TextLine ID="P372_TL00008" HPOS="108" VPOS="357" WIDTH="817" HEIGHT="38">
						<String ID="P372_ST00049" HPOS="108" VPOS="357" WIDTH="52" HEIGHT="27" CONTENT="and" WC="0.76" CC="070"/>
						<SP ID="P372_SP00040" HPOS="160" VPOS="384" WIDTH="16"/>
						<String ID="P372_ST00050" HPOS="176" VPOS="357" WIDTH="99" HEIGHT="27" CONTENT="others." WC="0.69" CC="0170560"/>
						<SP ID="P372_SP00041" HPOS="275" VPOS="384" WIDTH="40"/>
						<String ID="P372_ST00051" HPOS="315" VPOS="357" WIDTH="154" HEIGHT="35" CONTENT="According" WC="0.68" CC="000097019"/>
						<SP ID="P372_SP00042" HPOS="469" VPOS="392" WIDTH="16"/>
						<String ID="P372_ST00052" HPOS="485" VPOS="362" WIDTH="27" HEIGHT="21" CONTENT="to" WC="1.00" CC="00"/>
						<SP ID="P372_SP00043" HPOS="512" VPOS="392" WIDTH="17"/>
						<String ID="P372_ST00053" HPOS="529" VPOS="358" WIDTH="69" HEIGHT="26" CONTENT="their" WC="0.76" CC="05041"/>
						<SP ID="P372_SP00044" HPOS="598" VPOS="392" WIDTH="13"/>
						<String ID="P372_ST00054" HPOS="611" VPOS="363" WIDTH="143" HEIGHT="26" CONTENT="accounts," WC="0.95" CC="000004000"/>
						<SP ID="P372_SP00045" HPOS="754" VPOS="392" WIDTH="18"/>
						<String ID="P372_ST00055" HPOS="772" VPOS="368" WIDTH="16" HEIGHT="16" CONTENT="a" WC="1.00" CC="0"/>
						<SP ID="P372_SP00046" HPOS="788" VPOS="392" WIDTH="13"/>
						<String ID="P372_ST00056" HPOS="801" VPOS="360" WIDTH="83" HEIGHT="35" CONTENT="priest" WC="0.90" CC="040001"/>
						<SP ID="P372_SP00047" HPOS="884" VPOS="395" WIDTH="14"/>
						<String ID="P372_ST00057" HPOS="898" VPOS="361" WIDTH="27" HEIGHT="26" CONTENT="of" WC="1.00" CC="00"/>
					</TextLine>
					<TextLine ID="P372_TL00009" HPOS="110" VPOS="404" WIDTH="814" HEIGHT="30">
						<String ID="P372_ST00058" HPOS="110" VPOS="404" WIDTH="99" HEIGHT="26" CONTENT="Budha" WC="0.61" CC="33056"/>
						<SP ID="P372_SP00048" HPOS="209" VPOS="430" WIDTH="21"/>
						<String ID="P372_ST00059" HPOS="230" VPOS="413" WIDTH="56" HEIGHT="17" CONTENT="was" WC="0.87" CC="003"/>
						<SP ID="P372_SP00049" HPOS="286" VPOS="430" WIDTH="17"/>
						<String ID="P372_ST00060" HPOS="303" VPOS="404" WIDTH="94" HEIGHT="26" CONTENT="driven" WC="0.82" CC="900000"/>
						<SP ID="P372_SP00050" HPOS="397" VPOS="430" WIDTH="20"/>
						<String ID="P372_ST00061" HPOS="417" VPOS="413" WIDTH="33" HEIGHT="17" CONTENT="on" WC="0.58" CC="08"/>
						<SP ID="P372_SP00051" HPOS="450" VPOS="430" WIDTH="21"/>
						<String ID="P372_ST00062" HPOS="471" VPOS="404" WIDTH="69" HEIGHT="27" CONTENT="their" WC="0.80" CC="05004"/>
						<SP ID="P372_SP00052" HPOS="540" VPOS="431" WIDTH="23"/>
						<String ID="P372_ST00063" HPOS="563" VPOS="405" WIDTH="87" HEIGHT="26" CONTENT="island" WC="0.79" CC="014500"/>
						<SP ID="P372_SP00053" HPOS="650" VPOS="431" WIDTH="22"/>
						<String ID="P372_ST00064" HPOS="672" VPOS="406" WIDTH="25" HEIGHT="25" CONTENT="in" WC="0.76" CC="04"/>
						<SP ID="P372_SP00054" HPOS="697" VPOS="431" WIDTH="22"/>
						<String ID="P372_ST00065" HPOS="719" VPOS="415" WIDTH="14" HEIGHT="16" CONTENT="a" WC="0.01" CC="9"/>
						<SP ID="P372_SP00055" HPOS="733" VPOS="431" WIDTH="26"/>
						<String ID="P372_ST00066" HPOS="759" VPOS="406" WIDTH="63" HEIGHT="26" CONTENT="boat" WC="1.00" CC="0000"/>
						<SP ID="P372_SP00056" HPOS="822" VPOS="432" WIDTH="19"/>
						<String ID="P372_ST00067" HPOS="841" VPOS="407" WIDTH="83" HEIGHT="27" CONTENT="about" WC="0.66" CC="54006"/>
					</TextLine>
					<TextLine ID="P372_TL00010" HPOS="109" VPOS="450" WIDTH="814" HEIGHT="36">
						<String ID="P372_ST00068" HPOS="109" VPOS="460" WIDTH="61" HEIGHT="18" CONTENT="a.d." WC="0.85" CC="0050"/>
						<SP ID="P372_SP00057" HPOS="170" VPOS="478" WIDTH="20"/>
						<String ID="P372_ST00069" HPOS="190" VPOS="452" WIDTH="68" HEIGHT="26" CONTENT="1275" WC="0.56" CC="1096"/>
						<SP ID="P372_SP00058" HPOS="258" VPOS="478" WIDTH="48"/>
						<String ID="P372_ST00070" HPOS="306" VPOS="450" WIDTH="77" HEIGHT="36" CONTENT="They" WC="0.83" CC="0600"/>
						<SP ID="P372_SP00059" HPOS="383" VPOS="486" WIDTH="22"/>
						<String ID="P372_ST00071" HPOS="405" VPOS="451" WIDTH="79" HEIGHT="27" CONTENT="knew" WC="0.92" CC="2000"/>
						<SP ID="P372_SP00060" HPOS="484" VPOS="486" WIDTH="21"/>
						<String ID="P372_ST00072" HPOS="505" VPOS="457" WIDTH="47" HEIGHT="21" CONTENT="not" WC="0.70" CC="602"/>
						<SP ID="P372_SP00061" HPOS="552" VPOS="486" WIDTH="18"/>
						<String ID="P372_ST00073" HPOS="570" VPOS="452" WIDTH="112" HEIGHT="27" CONTENT="whence" WC="0.78" CC="070500"/>
						<SP ID="P372_SP00062" HPOS="682" VPOS="486" WIDTH="20"/>
						<String ID="P372_ST00074" HPOS="702" VPOS="453" WIDTH="35" HEIGHT="26" CONTENT="he" WC="0.76" CC="40"/>
						<SP ID="P372_SP00063" HPOS="737" VPOS="486" WIDTH="19"/>
						<String ID="P372_ST00075" HPOS="756" VPOS="462" WIDTH="76" HEIGHT="18" CONTENT="came" WC="0.89" CC="0400"/>
						<SP ID="P372_SP00064" HPOS="832" VPOS="486" WIDTH="13"/>
						<String ID="P372_ST00076" HPOS="845" VPOS="464" WIDTH="6" HEIGHT="21" CONTENT=";" WC="1.00" CC="0"/>
						<SP ID="P372_SP00065" HPOS="851" VPOS="486" WIDTH="25"/>
						<String ID="P372_ST00077" HPOS="876" VPOS="455" WIDTH="47" HEIGHT="25" CONTENT="but" WC="0.65" CC="314"/>
					</TextLine>
					<TextLine ID="P372_TL00011" HPOS="108" VPOS="499" WIDTH="813" HEIGHT="36">
						<String ID="P372_ST00078" HPOS="108" VPOS="500" WIDTH="33" HEIGHT="26" CONTENT="he" WC="0.71" CC="50"/>
						<SP ID="P372_SP00066" HPOS="141" VPOS="526" WIDTH="17"/>
						<String ID="P372_ST00079" HPOS="158" VPOS="499" WIDTH="174" HEIGHT="26" CONTENT="commenced" WC="0.86" CC="009002000"/>
						<SP ID="P372_SP00067" HPOS="332" VPOS="526" WIDTH="16"/>
						<String ID="P372_ST00080" HPOS="348" VPOS="508" WIDTH="15" HEIGHT="16" CONTENT="a" WC="0.27" CC="7"/>
						<SP ID="P372_SP00068" HPOS="363" VPOS="526" WIDTH="13"/>
						<String ID="P372_ST00081" HPOS="376" VPOS="499" WIDTH="53" HEIGHT="26" CONTENT="line" WC="0.72" CC="5050"/>
						<SP ID="P372_SP00069" HPOS="429" VPOS="526" WIDTH="19"/>
						<String ID="P372_ST00082" HPOS="448" VPOS="499" WIDTH="31" HEIGHT="26" CONTENT="of" WC="0.95" CC="00"/>
						<SP ID="P372_SP00070" HPOS="479" VPOS="526" WIDTH="17"/>
						<String ID="P372_ST00083" HPOS="496" VPOS="500" WIDTH="166" HEIGHT="35" CONTENT="priesthood," WC="0.86" CC="00006070000"/>
						<SP ID="P372_SP00071" HPOS="662" VPOS="535" WIDTH="25"/>
						<String ID="P372_ST00084" HPOS="687" VPOS="500" WIDTH="88" HEIGHT="27" CONTENT="which" WC="0.46" CC="97206"/>
						<SP ID="P372_SP00072" HPOS="775" VPOS="535" WIDTH="18"/>
						<String ID="P372_ST00085" HPOS="793" VPOS="500" WIDTH="48" HEIGHT="27" CONTENT="has" WC="0.74" CC="043"/>
						<SP ID="P372_SP00073" HPOS="841" VPOS="535" WIDTH="15"/>
						<String ID="P372_ST00086" HPOS="856" VPOS="501" WIDTH="65" HEIGHT="27" CONTENT="been" WC="0.69" CC="6005"/>
					</TextLine>
					<TextLine ID="P372_TL00012" HPOS="108" VPOS="546" WIDTH="813" HEIGHT="37">
						<String ID="P372_ST00087" HPOS="108" VPOS="547" WIDTH="66" HEIGHT="36" CONTENT="kept" WC="0.77" CC="0504"/>
						<SP ID="P372_SP00074" HPOS="174" VPOS="583" WIDTH="13"/>
						<String ID="P372_ST00088" HPOS="187" VPOS="556" WIDTH="37" HEIGHT="26" CONTENT="up" WC="0.60" CC="80"/>
						<SP ID="P372_SP00075" HPOS="224" VPOS="583" WIDTH="21"/>
						<String ID="P372_ST00089" HPOS="245" VPOS="555" WIDTH="61" HEIGHT="17" CONTENT="ever" WC="0.75" CC="0900"/>
						<SP ID="P372_SP00076" HPOS="306" VPOS="583" WIDTH="20"/>
						<String ID="P372_ST00090" HPOS="326" VPOS="546" WIDTH="83" HEIGHT="26" CONTENT="since." WC="0.82" CC="504000"/>
						<SP ID="P372_SP00077" HPOS="409" VPOS="583" WIDTH="42"/>
						<String ID="P372_ST00091" HPOS="451" VPOS="547" WIDTH="36" HEIGHT="25" CONTENT="As" WC="0.97" CC="00"/>
						<SP ID="P372_SP00078" HPOS="487" VPOS="583" WIDTH="18"/>
						<String ID="P372_ST00092" HPOS="505" VPOS="546" WIDTH="27" HEIGHT="26" CONTENT="in" WC="0.65" CC="07"/>
						<SP ID="P372_SP00079" HPOS="532" VPOS="583" WIDTH="15"/>
						<String ID="P372_ST00093" HPOS="547" VPOS="546" WIDTH="102" HEIGHT="33" CONTENT="China," WC="0.58" CC="070853"/>
						<SP ID="P372_SP00080" HPOS="649" VPOS="583" WIDTH="23"/>
						<String ID="P372_ST00094" HPOS="672" VPOS="548" WIDTH="66" HEIGHT="35" CONTENT="they" WC="0.81" CC="0700"/>
						<SP ID="P372_SP00081" HPOS="738" VPOS="583" WIDTH="15"/>
						<String ID="P372_ST00095" HPOS="753" VPOS="548" WIDTH="68" HEIGHT="26" CONTENT="have" WC="0.52" CC="7920"/>
						<SP ID="P372_SP00082" HPOS="821" VPOS="583" WIDTH="23"/>
						<String ID="P372_ST00096" HPOS="844" VPOS="548" WIDTH="77" HEIGHT="27" CONTENT="those" WC="0.83" CC="26000"/>
					</TextLine>
					<TextLine ID="P372_TL00013" HPOS="106" VPOS="593" WIDTH="815" HEIGHT="38">
						<String ID="P372_ST00097" HPOS="106" VPOS="603" WIDTH="99" HEIGHT="26" CONTENT="among" WC="0.50" CC="90049"/>
						<SP ID="P372_SP00083" HPOS="205" VPOS="629" WIDTH="10"/>
						<String ID="P372_ST00098" HPOS="215" VPOS="594" WIDTH="73" HEIGHT="25" CONTENT="them" WC="0.47" CC="6508"/>
						<SP ID="P372_SP00084" HPOS="288" VPOS="629" WIDTH="12"/>
						<String ID="P372_ST00099" HPOS="300" VPOS="593" WIDTH="60" HEIGHT="27" CONTENT="who" WC="0.69" CC="062"/>
						<SP ID="P372_SP00085" HPOS="360" VPOS="629" WIDTH="15"/>
						<String ID="P372_ST00100" HPOS="375" VPOS="594" WIDTH="110" HEIGHT="34" CONTENT="pretend" WC="0.82" CC="0005070"/>
						<SP ID="P372_SP00086" HPOS="485" VPOS="629" WIDTH="13"/>
						<String ID="P372_ST00101" HPOS="498" VPOS="599" WIDTH="27" HEIGHT="21" CONTENT="to" WC="0.76" CC="04"/>
						<SP ID="P372_SP00087" HPOS="525" VPOS="629" WIDTH="12"/>
						<String ID="P372_ST00102" HPOS="537" VPOS="594" WIDTH="75" HEIGHT="36" CONTENT="point" WC="0.58" CC="82053"/>
						<SP ID="P372_SP00088" HPOS="612" VPOS="630" WIDTH="11"/>
						<String ID="P372_ST00103" HPOS="623" VPOS="599" WIDTH="49" HEIGHT="22" CONTENT="out" WC="1.00" CC="000"/>
						<SP ID="P372_SP00089" HPOS="672" VPOS="630" WIDTH="11"/>
						<String ID="P372_ST00104" HPOS="683" VPOS="595" WIDTH="150" HEIGHT="36" CONTENT="propitious" WC="0.75" CC="0408270020"/>
						<SP ID="P372_SP00090" HPOS="833" VPOS="631" WIDTH="14"/>
						<String ID="P372_ST00105" HPOS="847" VPOS="600" WIDTH="74" HEIGHT="31" CONTENT="spots" WC="0.86" CC="10005"/>
					</TextLine>
					<TextLine ID="P372_TL00014" HPOS="105" VPOS="640" WIDTH="813" HEIGHT="37">
						<String ID="P372_ST00106" HPOS="105" VPOS="641" WIDTH="40" HEIGHT="26" CONTENT="for" WC="0.85" CC="040"/>
						<SP ID="P372_SP00091" HPOS="145" VPOS="667" WIDTH="14"/>
						<String ID="P372_ST00107" HPOS="159" VPOS="649" WIDTH="104" HEIGHT="28" CONTENT="graves," WC="0.76" CC="0660004"/>
						<SP ID="P372_SP00092" HPOS="263" VPOS="677" WIDTH="10"/>
						<String ID="P372_ST00108" HPOS="273" VPOS="640" WIDTH="104" HEIGHT="36" CONTENT="though" WC="0.62" CC="070807"/>
						<SP ID="P372_SP00093" HPOS="377" VPOS="677" WIDTH="16"/>
						<String ID="P372_ST00109" HPOS="393" VPOS="649" WIDTH="70" HEIGHT="18" CONTENT="none" WC="0.51" CC="8550"/>
						<SP ID="P372_SP00094" HPOS="463" VPOS="677" WIDTH="11"/>
						<String ID="P372_ST00110" HPOS="474" VPOS="641" WIDTH="31" HEIGHT="25" CONTENT="of" WC="0.93" CC="10"/>
						<SP ID="P372_SP00095" HPOS="505" VPOS="677" WIDTH="11"/>
						<String ID="P372_ST00111" HPOS="516" VPOS="641" WIDTH="73" HEIGHT="25" CONTENT="them" WC="0.81" CC="0033"/>
						<SP ID="P372_SP00096" HPOS="589" VPOS="677" WIDTH="14"/>
						<String ID="P372_ST00112" HPOS="603" VPOS="642" WIDTH="103" HEIGHT="35" CONTENT="profess" WC="0.86" CC="0000062"/>
						<SP ID="P372_SP00097" HPOS="706" VPOS="677" WIDTH="10"/>
						<String ID="P372_ST00113" HPOS="716" VPOS="646" WIDTH="28" HEIGHT="22" CONTENT="to" WC="1.00" CC="00"/>
						<SP ID="P372_SP00098" HPOS="744" VPOS="677" WIDTH="10"/>
						<String ID="P372_ST00114" HPOS="754" VPOS="642" WIDTH="164" HEIGHT="27" CONTENT="understand" WC="0.85" CC="0300060040"/>
					</TextLine>
					<TextLine ID="P372_TL00015" HPOS="106" VPOS="688" WIDTH="815" HEIGHT="35">
						<String ID="P372_ST00115" HPOS="106" VPOS="688" WIDTH="148" HEIGHT="35" CONTENT="astrology." WC="0.79" CC="0300645000"/>
						<SP ID="P372_SP00099" HPOS="254" VPOS="723" WIDTH="38"/>
						<String ID="P372_ST00116" HPOS="292" VPOS="688" WIDTH="86" HEIGHT="26" CONTENT="There" WC="0.70" CC="77000"/>
						<SP ID="P372_SP00100" HPOS="378" VPOS="723" WIDTH="22"/>
						<String ID="P372_ST00117" HPOS="400" VPOS="688" WIDTH="22" HEIGHT="26" CONTENT="is" WC="0.81" CC="03"/>
						<SP ID="P372_SP00101" HPOS="422" VPOS="723" WIDTH="14"/>
						<String ID="P372_ST00118" HPOS="436" VPOS="697" WIDTH="80" HEIGHT="26" CONTENT="every" WC="0.98" CC="00000"/>
						<SP ID="P372_SP00102" HPOS="516" VPOS="723" WIDTH="18"/>
						<String ID="P372_ST00119" HPOS="534" VPOS="698" WIDTH="93" HEIGHT="17" CONTENT="reason" WC="0.77" CC="014510"/>
						<SP ID="P372_SP00103" HPOS="627" VPOS="723" WIDTH="16"/>
						<String ID="P372_ST00120" HPOS="643" VPOS="693" WIDTH="28" HEIGHT="22" CONTENT="to" WC="1.00" CC="00"/>
						<SP ID="P372_SP00104" HPOS="671" VPOS="723" WIDTH="11"/>
						<String ID="P372_ST00121" HPOS="682" VPOS="688" WIDTH="112" HEIGHT="33" CONTENT="believe," WC="0.96" CC="02100000"/>
						<SP ID="P372_SP00105" HPOS="794" VPOS="723" WIDTH="14"/>
						<String ID="P372_ST00122" HPOS="808" VPOS="689" WIDTH="69" HEIGHT="32" CONTENT="that," WC="0.74" CC="06303"/>
						<SP ID="P372_SP00106" HPOS="877" VPOS="723" WIDTH="16"/>
						<String ID="P372_ST00123" HPOS="893" VPOS="699" WIDTH="28" HEIGHT="17" CONTENT="as" WC="0.36" CC="57"/>
					</TextLine>
					<TextLine ID="P372_TL00016" HPOS="105" VPOS="735" WIDTH="815" HEIGHT="36">
						<String ID="P372_ST00124" HPOS="105" VPOS="744" WIDTH="15" HEIGHT="16" CONTENT="a" WC="0.30" CC="6"/>
						<SP ID="P372_SP00107" HPOS="120" VPOS="760" WIDTH="18"/>
						<String ID="P372_ST00125" HPOS="138" VPOS="735" WIDTH="103" HEIGHT="29" CONTENT="nation," WC="0.67" CC="7700070"/>
						<SP ID="P372_SP00108" HPOS="241" VPOS="764" WIDTH="22"/>
						<String ID="P372_ST00126" HPOS="263" VPOS="735" WIDTH="65" HEIGHT="36" CONTENT="they" WC="0.68" CC="5700"/>
						<SP ID="P372_SP00109" HPOS="328" VPOS="771" WIDTH="13"/>
						<String ID="P372_ST00127" HPOS="341" VPOS="743" WIDTH="61" HEIGHT="18" CONTENT="care" WC="0.75" CC="0450"/>
						<SP ID="P372_SP00110" HPOS="402" VPOS="771" WIDTH="22"/>
						<String ID="P372_ST00128" HPOS="424" VPOS="744" WIDTH="60" HEIGHT="27" CONTENT="very" WC="0.84" CC="1040"/>
						<SP ID="P372_SP00111" HPOS="484" VPOS="771" WIDTH="22"/>
						<String ID="P372_ST00129" HPOS="506" VPOS="735" WIDTH="68" HEIGHT="26" CONTENT="little" WC="0.82" CC="000550"/>
						<SP ID="P372_SP00112" HPOS="574" VPOS="771" WIDTH="21"/>
						<String ID="P372_ST00130" HPOS="595" VPOS="736" WIDTH="84" HEIGHT="26" CONTENT="about" WC="0.65" CC="90080"/>
						<SP ID="P372_SP00113" HPOS="679" VPOS="771" WIDTH="21"/>
						<String ID="P372_ST00131" HPOS="700" VPOS="736" WIDTH="71" HEIGHT="26" CONTENT="their" WC="0.89" CC="02002"/>
						<SP ID="P372_SP00114" HPOS="771" VPOS="771" WIDTH="21"/>
						<String ID="P372_ST00132" HPOS="792" VPOS="738" WIDTH="128" HEIGHT="33" CONTENT="supersti-" WC="0.67" CC="380037502"/>
					</TextLine>
					<TextLine ID="P372_TL00017" HPOS="104" VPOS="782" WIDTH="816" HEIGHT="38">
						<String ID="P372_ST00133" HPOS="104" VPOS="782" WIDTH="82" HEIGHT="27" CONTENT="tions." WC="0.73" CC="010760"/>
						<SP ID="P372_SP00115" HPOS="186" VPOS="809" WIDTH="40"/>
						<String ID="P372_ST00134" HPOS="226" VPOS="786" WIDTH="16" HEIGHT="10" CONTENT='"' WC="0.63" CC="3"/>
						<SP ID="P372_SP00116" HPOS="242" VPOS="809" WIDTH="14"/>
						<String ID="P372_ST00135" HPOS="256" VPOS="782" WIDTH="90" HEIGHT="27" CONTENT="When" WC="0.77" CC="0503"/>
						<SP ID="P372_SP00117" HPOS="346" VPOS="809" WIDTH="19"/>
						<String ID="P372_ST00136" HPOS="365" VPOS="782" WIDTH="66" HEIGHT="36" CONTENT="they" WC="0.71" CC="4700"/>
						<SP ID="P372_SP00118" HPOS="431" VPOS="818" WIDTH="14"/>
						<String ID="P372_ST00137" HPOS="445" VPOS="782" WIDTH="81" HEIGHT="27" CONTENT="heard" WC="0.66" CC="60900"/>
						<SP ID="P372_SP00119" HPOS="526" VPOS="818" WIDTH="20"/>
						<String ID="P372_ST00138" HPOS="546" VPOS="783" WIDTH="62" HEIGHT="26" CONTENT="that" WC="0.52" CC="7704"/>
						<SP ID="P372_SP00120" HPOS="608" VPOS="818" WIDTH="14"/>
						<String ID="P372_ST00139" HPOS="622" VPOS="792" WIDTH="39" HEIGHT="17" CONTENT="we" WC="0.84" CC="03"/>
						<SP ID="P372_SP00121" HPOS="661" VPOS="818" WIDTH="15"/>
						<String ID="P372_ST00140" HPOS="676" VPOS="783" WIDTH="45" HEIGHT="26" CONTENT="did" WC="1.00" CC="000"/>
						<SP ID="P372_SP00122" HPOS="721" VPOS="818" WIDTH="21"/>
						<String ID="P372_ST00141" HPOS="742" VPOS="787" WIDTH="47" HEIGHT="22" CONTENT="not" WC="0.84" CC="400"/>
						<SP ID="P372_SP00123" HPOS="789" VPOS="818" WIDTH="16"/>
						<String ID="P372_ST00142" HPOS="805" VPOS="784" WIDTH="115" HEIGHT="36" CONTENT="worship" WC="0.90" CC="0030030"/>
					</TextLine>
					<TextLine ID="P372_TL00018" HPOS="104" VPOS="829" WIDTH="815" HEIGHT="37">
						<String ID="P372_ST00143" HPOS="104" VPOS="829" WIDTH="97" HEIGHT="31" CONTENT='idols,"' WC="0.61" CC="0900627"/>
						<SP ID="P372_SP00124" HPOS="201" VPOS="860" WIDTH="23"/>
						<String ID="P372_ST00144" HPOS="224" VPOS="838" WIDTH="62" HEIGHT="27" CONTENT="says" WC="0.82" CC="7000"/>
						<SP ID="P372_SP00125" HPOS="286" VPOS="865" WIDTH="22"/>
						<String ID="P372_ST00145" HPOS="308" VPOS="829" WIDTH="55" HEIGHT="26" CONTENT="Mr." WC="1.00" CC="000"/>
						<SP ID="P372_SP00126" HPOS="363" VPOS="865" WIDTH="16"/>
						<String ID="P372_ST00146" HPOS="379" VPOS="829" WIDTH="130" HEIGHT="30" CONTENT="Gutzlaff," WC="0.81" CC="050315000"/>
						<SP ID="P372_SP00127" HPOS="509" VPOS="865" WIDTH="21"/>
						<String ID="P372_ST00147" HPOS="530" VPOS="830" WIDTH="97" HEIGHT="36" CONTENT='"they' WC="0.82" CC="40500"/>
						<SP ID="P372_SP00128" HPOS="627" VPOS="866" WIDTH="21"/>
						<String ID="P372_ST00148" HPOS="648" VPOS="831" WIDTH="112" HEIGHT="34" CONTENT="replied," WC="0.90" CC="00040003"/>
						<SP ID="P372_SP00129" HPOS="760" VPOS="866" WIDTH="21"/>
						<String ID="P372_ST00149" HPOS="781" VPOS="831" WIDTH="68" HEIGHT="26" CONTENT="'We" WC="0.95" CC="100"/>
						<SP ID="P372_SP00130" HPOS="849" VPOS="866" WIDTH="14"/>
						<String ID="P372_ST00150" HPOS="863" VPOS="831" WIDTH="56" HEIGHT="27" CONTENT="also" WC="0.66" CC="6060"/>
					</TextLine>
					<TextLine ID="P372_TL00019" HPOS="104" VPOS="876" WIDTH="815" HEIGHT="37">
						<String ID="P372_ST00151" HPOS="104" VPOS="876" WIDTH="84" HEIGHT="27" CONTENT="abhor" WC="0.73" CC="30504"/>
						<SP ID="P372_SP00131" HPOS="188" VPOS="903" WIDTH="15"/>
						<String ID="P372_ST00152" HPOS="203" VPOS="876" WIDTH="54" HEIGHT="26" CONTENT="this" WC="0.56" CC="3724"/>
						<SP ID="P372_SP00132" HPOS="257" VPOS="903" WIDTH="15"/>
						<String ID="P372_ST00153" HPOS="272" VPOS="876" WIDTH="115" HEIGHT="35" CONTENT="worship" WC="0.91" CC="0000600"/>
						<SP ID="P372_SP00133" HPOS="387" VPOS="911" WIDTH="13"/>
						<String ID="P372_ST00154" HPOS="400" VPOS="887" WIDTH="6" HEIGHT="21" CONTENT=";" WC="1.00" CC="0"/>
						<SP ID="P372_SP00134" HPOS="406" VPOS="911" WIDTH="22"/>
						<String ID="P372_ST00155" HPOS="428" VPOS="876" WIDTH="78" HEIGHT="27" CONTENT="those" WC="0.60" CC="06390"/>
						<SP ID="P372_SP00135" HPOS="506" VPOS="911" WIDTH="15"/>
						<String ID="P372_ST00156" HPOS="521" VPOS="876" WIDTH="85" HEIGHT="27" CONTENT="which" WC="0.76" CC="40007"/>
						<SP ID="P372_SP00136" HPOS="606" VPOS="911" WIDTH="16"/>
						<String ID="P372_ST00157" HPOS="622" VPOS="887" WIDTH="54" HEIGHT="26" CONTENT="you" WC="0.90" CC="020"/>
						<SP ID="P372_SP00137" HPOS="676" VPOS="913" WIDTH="13"/>
						<String ID="P372_ST00158" HPOS="689" VPOS="887" WIDTH="43" HEIGHT="17" CONTENT="see" WC="0.67" CC="900"/>
						<SP ID="P372_SP00138" HPOS="732" VPOS="913" WIDTH="11"/>
						<String ID="P372_ST00159" HPOS="743" VPOS="878" WIDTH="62" HEIGHT="27" CONTENT="here" WC="0.74" CC="7200"/>
						<SP ID="P372_SP00139" HPOS="805" VPOS="913" WIDTH="15"/>
						<String ID="P372_ST00160" HPOS="820" VPOS="888" WIDTH="43" HEIGHT="17" CONTENT="are" WC="0.97" CC="000"/>
						<SP ID="P372_SP00140" HPOS="863" VPOS="913" WIDTH="12"/>
						<String ID="P372_ST00161" HPOS="875" VPOS="879" WIDTH="44" HEIGHT="26" CONTENT="the" WC="0.74" CC="070"/>
					</TextLine>
					<TextLine ID="P372_TL00020" HPOS="105" VPOS="922" WIDTH="815" HEIGHT="36">
						<String ID="P372_ST00162" HPOS="105" VPOS="927" WIDTH="126" HEIGHT="31" CONTENT="property" WC="0.67" CC="02206077"/>
						<SP ID="P372_SP00141" HPOS="231" VPOS="958" WIDTH="14"/>
						<String ID="P372_ST00163" HPOS="245" VPOS="924" WIDTH="30" HEIGHT="24" CONTENT="of" WC="0.73" CC="50"/>
						<SP ID="P372_SP00142" HPOS="275" VPOS="958" WIDTH="16"/>
						<String ID="P372_ST00164" HPOS="291" VPOS="923" WIDTH="45" HEIGHT="25" CONTENT="the" WC="0.82" CC="050"/>
						<SP ID="P372_SP00143" HPOS="336" VPOS="958" WIDTH="16"/>
						<String ID="P372_ST00165" HPOS="352" VPOS="922" WIDTH="143" HEIGHT="31" CONTENT="Budhists," WC="0.83" CC="507000010"/>
						<SP ID="P372_SP00144" HPOS="495" VPOS="958" WIDTH="21"/>
						<String ID="P372_ST00166" HPOS="516" VPOS="924" WIDTH="51" HEIGHT="25" CONTENT="and" WC="0.50" CC="950"/>
						<SP ID="P372_SP00145" HPOS="567" VPOS="958" WIDTH="18"/>
						<String ID="P372_ST00167" HPOS="585" VPOS="933" WIDTH="39" HEIGHT="17" CONTENT="we" WC="0.54" CC="90"/>
						<SP ID="P372_SP00146" HPOS="624" VPOS="958" WIDTH="21"/>
						<String ID="P372_ST00168" HPOS="645" VPOS="925" WIDTH="35" HEIGHT="26" CONTENT="do" WC="1.00" CC="00"/>
						<SP ID="P372_SP00147" HPOS="680" VPOS="958" WIDTH="21"/>
						<String ID="P372_ST00169" HPOS="701" VPOS="930" WIDTH="48" HEIGHT="21" CONTENT="not" WC="0.94" CC="100"/>
						<SP ID="P372_SP00148" HPOS="749" VPOS="958" WIDTH="19"/>
						<String ID="P372_ST00170" HPOS="768" VPOS="925" WIDTH="90" HEIGHT="27" CONTENT="batter" WC="0.88" CC="060000"/>
						<SP ID="P372_SP00149" HPOS="858" VPOS="958" WIDTH="13"/>
						<String ID="P372_ST00171" HPOS="871" VPOS="935" WIDTH="49" HEIGHT="18" CONTENT="our" WC="0.86" CC="040"/>
					</TextLine>
					<TextLine ID="P372_TL00021" HPOS="104" VPOS="969" WIDTH="814" HEIGHT="39">
						<String ID="P372_ST00172" HPOS="104" VPOS="969" WIDTH="82" HEIGHT="27" CONTENT="heads" WC="0.73" CC="70005"/>
						<SP ID="P372_SP00150" HPOS="186" VPOS="996" WIDTH="16"/>
						<String ID="P372_ST00173" HPOS="202" VPOS="970" WIDTH="105" HEIGHT="35" CONTENT="against" WC="0.54" CC="5090654"/>
						<SP ID="P372_SP00151" HPOS="307" VPOS="1005" WIDTH="13"/>
						<String ID="P372_ST00174" HPOS="320" VPOS="970" WIDTH="95" HEIGHT="26" CONTENT="them.'" WC="0.76" CC="060520"/>
						<SP ID="P372_SP00152" HPOS="415" VPOS="1005" WIDTH="38"/>
						<String ID="P372_ST00175" HPOS="453" VPOS="970" WIDTH="66" HEIGHT="27" CONTENT="This" WC="0.96" CC="0001"/>
						<SP ID="P372_SP00153" HPOS="519" VPOS="1005" WIDTH="13"/>
						<String ID="P372_ST00176" HPOS="532" VPOS="970" WIDTH="48" HEIGHT="27" CONTENT="has" WC="0.58" CC="750"/>
						<SP ID="P372_SP00154" HPOS="580" VPOS="1005" WIDTH="10"/>
						<String ID="P372_ST00177" HPOS="590" VPOS="971" WIDTH="66" HEIGHT="26" CONTENT="been" WC="0.80" CC="0006"/>
						<SP ID="P372_SP00155" HPOS="656" VPOS="1005" WIDTH="12"/>
						<String ID="P372_ST00178" HPOS="668" VPOS="971" WIDTH="46" HEIGHT="26" CONTENT="the" WC="0.60" CC="550"/>
						<SP ID="P372_SP00156" HPOS="714" VPOS="1005" WIDTH="12"/>
						<String ID="P372_ST00179" HPOS="726" VPOS="974" WIDTH="107" HEIGHT="34" CONTENT="general" WC="0.60" CC="9070505"/>
						<SP ID="P372_SP00157" HPOS="833" VPOS="1008" WIDTH="11"/>
						<String ID="P372_ST00180" HPOS="844" VPOS="974" WIDTH="74" HEIGHT="34" CONTENT="reply" WC="0.86" CC="60000"/>
					</TextLine>
					<TextLine ID="P372_TL00022" HPOS="103" VPOS="1017" WIDTH="816" HEIGHT="37">
						<String ID="P372_ST00181" HPOS="103" VPOS="1017" WIDTH="31" HEIGHT="25" CONTENT="of" WC="0.50" CC="90"/>
						<SP ID="P372_SP00158" HPOS="134" VPOS="1042" WIDTH="17"/>
						<String ID="P372_ST00182" HPOS="151" VPOS="1026" WIDTH="80" HEIGHT="26" CONTENT="many" WC="0.68" CC="0660"/>
						<SP ID="P372_SP00159" HPOS="231" VPOS="1052" WIDTH="15"/>
						<String ID="P372_ST00183" HPOS="246" VPOS="1017" WIDTH="171" HEIGHT="32" CONTENT="Mandarins," WC="0.77" CC="0730000613"/>
						<SP ID="P372_SP00160" HPOS="417" VPOS="1052" WIDTH="16"/>
						<String ID="P372_ST00184" HPOS="433" VPOS="1018" WIDTH="78" HEIGHT="26" CONTENT="when" WC="0.77" CC="0602"/>
						<SP ID="P372_SP00161" HPOS="511" VPOS="1052" WIDTH="22"/>
						<String ID="P372_ST00185" HPOS="533" VPOS="1018" WIDTH="10" HEIGHT="25" CONTENT="I" WC="0.63" CC="3"/>
						<SP ID="P372_SP00162" HPOS="543" VPOS="1052" WIDTH="15"/>
						<String ID="P372_ST00186" HPOS="558" VPOS="1019" WIDTH="124" HEIGHT="35" CONTENT="inquired" WC="0.72" CC="16621004"/>
						<SP ID="P372_SP00163" HPOS="682" VPOS="1054" WIDTH="17"/>
						<String ID="P372_ST00187" HPOS="699" VPOS="1029" WIDTH="72" HEIGHT="24" CONTENT="upon" WC="0.82" CC="7000"/>
						<SP ID="P372_SP00164" HPOS="771" VPOS="1054" WIDTH="17"/>
						<String ID="P372_ST00188" HPOS="788" VPOS="1020" WIDTH="55" HEIGHT="27" CONTENT="this" WC="0.71" CC="4501"/>
						<SP ID="P372_SP00165" HPOS="843" VPOS="1054" WIDTH="13"/>
						<String ID="P372_ST00189" HPOS="856" VPOS="1021" WIDTH="63" HEIGHT="26" CONTENT="sub" SUBS_TYPE="HypPart1" SUBS_CONTENT="subject." WC="0.48" CC="5860"/>
						<HYP CONTENT="-"/>
					</TextLine>
					<TextLine ID="P372_TL00023" HPOS="97" VPOS="1063" WIDTH="823" HEIGHT="39">
						<String ID="P372_ST00190" HPOS="97" VPOS="1065" WIDTH="67" HEIGHT="34" CONTENT="ject." SUBS_TYPE="HypPart2" SUBS_CONTENT="subject." WC="0.89" CC="00050"/>
						<SP ID="P372_SP00166" HPOS="164" VPOS="1099" WIDTH="40"/>
						<String ID="P372_ST00191" HPOS="204" VPOS="1063" WIDTH="75" HEIGHT="37" CONTENT="They" WC="0.85" CC="0500"/>
						<SP ID="P372_SP00167" HPOS="279" VPOS="1100" WIDTH="15"/>
						<String ID="P372_ST00192" HPOS="294" VPOS="1064" WIDTH="119" HEIGHT="27" CONTENT="disavow" WC="0.65" CC="8000690"/>
						<SP ID="P372_SP00168" HPOS="413" VPOS="1100" WIDTH="15"/>
						<String ID="P372_ST00193" HPOS="428" VPOS="1065" WIDTH="128" HEIGHT="35" CONTENT="practical" WC="0.96" CC="000003000"/>
						<SP ID="P372_SP00169" HPOS="556" VPOS="1100" WIDTH="13"/>
						<String ID="P372_ST00194" HPOS="569" VPOS="1065" WIDTH="125" HEIGHT="37" CONTENT="idolatry," WC="0.78" CC="400037004"/>
						<SP ID="P372_SP00170" HPOS="694" VPOS="1102" WIDTH="18"/>
						<String ID="P372_ST00195" HPOS="712" VPOS="1067" WIDTH="117" HEIGHT="27" CONTENT="because" WC="1.00" CC="0000000"/>
						<SP ID="P372_SP00171" HPOS="829" VPOS="1102" WIDTH="21"/>
						<String ID="P372_ST00196" HPOS="850" VPOS="1069" WIDTH="70" HEIGHT="25" CONTENT="their" WC="0.79" CC="07030"/>
					</TextLine>
					<TextLine ID="P372_TL00024" HPOS="102" VPOS="1111" WIDTH="816" HEIGHT="40">
						<String ID="P372_ST00197" HPOS="102" VPOS="1120" WIDTH="95" HEIGHT="17" CONTENT="reason" WC="0.68" CC="502604"/>
						<SP ID="P372_SP00172" HPOS="197" VPOS="1137" WIDTH="22"/>
						<String ID="P372_ST00198" HPOS="219" VPOS="1111" WIDTH="177" HEIGHT="35" CONTENT="disapproves" WC="0.91" CC="10600000100"/>
						<SP ID="P372_SP00173" HPOS="396" VPOS="1146" WIDTH="21"/>
						<String ID="P372_ST00199" HPOS="417" VPOS="1112" WIDTH="31" HEIGHT="26" CONTENT="of" WC="0.68" CC="14"/>
						<SP ID="P372_SP00174" HPOS="448" VPOS="1146" WIDTH="23"/>
						<String ID="P372_ST00200" HPOS="471" VPOS="1112" WIDTH="46" HEIGHT="27" CONTENT="the" WC="0.66" CC="270"/>
						<SP ID="P372_SP00175" HPOS="517" VPOS="1146" WIDTH="18"/>
						<String ID="P372_ST00201" HPOS="535" VPOS="1113" WIDTH="96" HEIGHT="35" CONTENT="theory" WC="0.91" CC="050000"/>
						<String ID="P372_ST00202" HPOS="642" VPOS="1124" WIDTH="6" HEIGHT="22" CONTENT=";" WC="1.00" CC="0"/>
						<SP ID="P372_SP00176" HPOS="648" VPOS="1148" WIDTH="28"/>
						<String ID="P372_ST00203" HPOS="676" VPOS="1119" WIDTH="47" HEIGHT="30" CONTENT="yet" WC="0.96" CC="001"/>
						<SP ID="P372_SP00177" HPOS="723" VPOS="1149" WIDTH="20"/>
						<String ID="P372_ST00204" HPOS="743" VPOS="1113" WIDTH="67" HEIGHT="38" CONTENT="they" WC="0.83" CC="0600"/>
						<SP ID="P372_SP00178" HPOS="810" VPOS="1151" WIDTH="17"/>
						<String ID="P372_ST00205" HPOS="827" VPOS="1115" WIDTH="44" HEIGHT="31" CONTENT="do," WC="0.93" CC="020"/>
						<SP ID="P372_SP00179" HPOS="871" VPOS="1151" WIDTH="21"/>
						<String ID="P372_ST00206" HPOS="892" VPOS="1115" WIDTH="26" HEIGHT="26" CONTENT="in" WC="0.91" CC="01"/>
					</TextLine>
					<TextLine ID="P372_TL00025" HPOS="101" VPOS="1158" WIDTH="714" HEIGHT="38">
						<String ID="P372_ST00207" HPOS="101" VPOS="1158" WIDTH="65" HEIGHT="32" CONTENT="fact," WC="0.86" CC="00051"/>
						<SP ID="P372_SP00180" HPOS="166" VPOS="1190" WIDTH="15"/>
						<String ID="P372_ST00208" HPOS="181" VPOS="1168" WIDTH="137" HEIGHT="25" CONTENT="persevere" WC="0.87" CC="005200030"/>
						<SP ID="P372_SP00181" HPOS="318" VPOS="1193" WIDTH="13"/>
						<String ID="P372_ST00209" HPOS="331" VPOS="1159" WIDTH="27" HEIGHT="26" CONTENT="in" WC="0.45" CC="37"/>
						<SP ID="P372_SP00182" HPOS="358" VPOS="1193" WIDTH="16"/>
						<String ID="P372_ST00210" HPOS="374" VPOS="1159" WIDTH="68" HEIGHT="26" CONTENT="their" WC="0.60" CC="46035"/>
						<SP ID="P372_SP00183" HPOS="442" VPOS="1193" WIDTH="14"/>
						<String ID="P372_ST00211" HPOS="456" VPOS="1161" WIDTH="198" HEIGHT="26" CONTENT="unreasonable" WC="0.62" CC="410087079070"/>
						<SP ID="P372_SP00184" HPOS="654" VPOS="1193" WIDTH="14"/>
						<String ID="P372_ST00212" HPOS="668" VPOS="1162" WIDTH="147" HEIGHT="34" CONTENT='worship."' WC="0.75" CC="004470032"/>
					</TextLine>
				</TextBlock>
				<TextBlock ID="P372_TB00004" HPOS="99" VPOS="1204" WIDTH="820" HEIGHT="274" STYLEREFS="TXT_1 PAR_LEFT">
					<TextLine ID="P372_TL00026" HPOS="138" VPOS="1205" WIDTH="781" HEIGHT="37">
						<String ID="P372_ST00213" HPOS="138" VPOS="1205" WIDTH="81" HEIGHT="26" CONTENT="Their" WC="0.85" CC="07000"/>
						<SP ID="P372_SP00185" HPOS="219" VPOS="1231" WIDTH="14"/>
						<String ID="P372_ST00214" HPOS="233" VPOS="1206" WIDTH="97" HEIGHT="26" CONTENT="refusal" WC="0.73" CC="0006055"/>
						<SP ID="P372_SP00186" HPOS="330" VPOS="1232" WIDTH="16"/>
						<String ID="P372_ST00215" HPOS="346" VPOS="1211" WIDTH="27" HEIGHT="21" CONTENT="to" WC="1.00" CC="00"/>
						<SP ID="P372_SP00187" HPOS="373" VPOS="1232" WIDTH="15"/>
						<String ID="P372_ST00216" HPOS="388" VPOS="1207" WIDTH="77" HEIGHT="27" CONTENT="allow" WC="0.70" CC="77000"/>
						<SP ID="P372_SP00188" HPOS="465" VPOS="1234" WIDTH="17"/>
						<String ID="P372_ST00217" HPOS="482" VPOS="1207" WIDTH="159" HEIGHT="35" CONTENT="Europeans" WC="0.81" CC="044000430"/>
						<SP ID="P372_SP00189" HPOS="641" VPOS="1242" WIDTH="15"/>
						<String ID="P372_ST00218" HPOS="656" VPOS="1212" WIDTH="27" HEIGHT="23" CONTENT="to" WC="0.78" CC="40"/>
						<SP ID="P372_SP00190" HPOS="683" VPOS="1242" WIDTH="13"/>
						<String ID="P372_ST00219" HPOS="696" VPOS="1210" WIDTH="86" HEIGHT="30" CONTENT="trade," WC="0.99" CC="000000"/>
						<SP ID="P372_SP00191" HPOS="782" VPOS="1242" WIDTH="22"/>
						<String ID="P372_ST00220" HPOS="804" VPOS="1211" WIDTH="54" HEIGHT="25" CONTENT="and" WC="0.67" CC="180"/>
						<SP ID="P372_SP00192" HPOS="858" VPOS="1242" WIDTH="16"/>
						<String ID="P372_ST00221" HPOS="874" VPOS="1211" WIDTH="45" HEIGHT="26" CONTENT="the" WC="0.63" CC="370"/>
					</TextLine>
					<TextLine ID="P372_TL00027" HPOS="100" VPOS="1252" WIDTH="817" HEIGHT="38">
						<String ID="P372_ST00222" HPOS="100" VPOS="1252" WIDTH="79" HEIGHT="36" CONTENT="pains" WC="0.79" CC="00063"/>
						<SP ID="P372_SP00193" HPOS="179" VPOS="1288" WIDTH="15"/>
						<String ID="P372_ST00223" HPOS="194" VPOS="1252" WIDTH="65" HEIGHT="36" CONTENT="they" WC="0.84" CC="0600"/>
						<SP ID="P372_SP00194" HPOS="259" VPOS="1288" WIDTH="13"/>
						<String ID="P372_ST00224" HPOS="272" VPOS="1253" WIDTH="145" HEIGHT="37" CONTENT="uniformly" WC="0.78" CC="051500060"/>
						<SP ID="P372_SP00195" HPOS="417" VPOS="1290" WIDTH="9"/>
						<String ID="P372_ST00225" HPOS="426" VPOS="1254" WIDTH="63" HEIGHT="26" CONTENT="take" WC="0.91" CC="0030"/>
						<SP ID="P372_SP00196" HPOS="489" VPOS="1290" WIDTH="14"/>
						<String ID="P372_ST00226" HPOS="503" VPOS="1259" WIDTH="28" HEIGHT="21" CONTENT="to" WC="1.00" CC="00"/>
						<SP ID="P372_SP00197" HPOS="531" VPOS="1290" WIDTH="15"/>
						<String ID="P372_ST00227" HPOS="546" VPOS="1260" WIDTH="113" HEIGHT="30" CONTENT="prevent" WC="0.83" CC="0000055"/>
						<SP ID="P372_SP00198" HPOS="659" VPOS="1290" WIDTH="13"/>
						<String ID="P372_ST00228" HPOS="672" VPOS="1256" WIDTH="166" HEIGHT="28" CONTENT="intercourse" WC="0.86" CC="02001000190"/>
						<SP ID="P372_SP00199" HPOS="838" VPOS="1290" WIDTH="16"/>
						<String ID="P372_ST00229" HPOS="854" VPOS="1258" WIDTH="63" HEIGHT="26" CONTENT="with" WC="1.00" CC="0000"/>
					</TextLine>
					<TextLine ID="P372_TL00028" HPOS="100" VPOS="1300" WIDTH="819" HEIGHT="39">
						<String ID="P372_ST00230" HPOS="100" VPOS="1304" WIDTH="147" HEIGHT="31" CONTENT="strangers," WC="0.68" CC="0040695040"/>
						<SP ID="P372_SP00200" HPOS="247" VPOS="1335" WIDTH="14"/>
						<String ID="P372_ST00231" HPOS="261" VPOS="1300" WIDTH="69" HEIGHT="26" CONTENT="have" WC="0.60" CC="5170"/>
						<SP ID="P372_SP00201" HPOS="330" VPOS="1335" WIDTH="14"/>
						<String ID="P372_ST00232" HPOS="344" VPOS="1301" WIDTH="131" HEIGHT="36" CONTENT="probably" WC="0.79" CC="03105050"/>
						<SP ID="P372_SP00202" HPOS="475" VPOS="1337" WIDTH="15"/>
						<String ID="P372_ST00233" HPOS="490" VPOS="1302" WIDTH="67" HEIGHT="26" CONTENT="been" WC="0.81" CC="6001"/>
						<SP ID="P372_SP00203" HPOS="557" VPOS="1337" WIDTH="17"/>
						<String ID="P372_ST00234" HPOS="574" VPOS="1302" WIDTH="122" HEIGHT="27" CONTENT="dictated" WC="0.92" CC="00060000"/>
						<SP ID="P372_SP00204" HPOS="696" VPOS="1337" WIDTH="17"/>
						<String ID="P372_ST00235" HPOS="713" VPOS="1303" WIDTH="36" HEIGHT="36" CONTENT="by" WC="0.67" CC="60"/>
						<SP ID="P372_SP00205" HPOS="749" VPOS="1339" WIDTH="14"/>
						<String ID="P372_ST00236" HPOS="763" VPOS="1304" WIDTH="71" HEIGHT="26" CONTENT="their" WC="0.85" CC="06000"/>
						<SP ID="P372_SP00206" HPOS="834" VPOS="1339" WIDTH="14"/>
						<String ID="P372_ST00237" HPOS="848" VPOS="1314" WIDTH="71" HEIGHT="18" CONTENT="more" WC="0.92" CC="0030"/>
					</TextLine>
					<TextLine ID="P372_TL00029" HPOS="100" VPOS="1346" WIDTH="819" HEIGHT="41">
						<String ID="P372_ST00238" HPOS="100" VPOS="1346" WIDTH="128" HEIGHT="35" CONTENT="powerful" WC="0.80" CC="00000680"/>
						<SP ID="P372_SP00207" HPOS="228" VPOS="1381" WIDTH="16"/>
						<String ID="P372_ST00239" HPOS="244" VPOS="1347" WIDTH="174" HEIGHT="35" CONTENT="neighbours." WC="0.62" CC="30097053470"/>
						<SP ID="P372_SP00208" HPOS="418" VPOS="1382" WIDTH="42"/>
						<String ID="P372_ST00240" HPOS="460" VPOS="1351" WIDTH="18" HEIGHT="11" CONTENT='"' WC="0.52" CC="4"/>
						<SP ID="P372_SP00209" HPOS="478" VPOS="1382" WIDTH="13"/>
						<String ID="P372_ST00241" HPOS="491" VPOS="1349" WIDTH="51" HEIGHT="26" CONTENT="We" WC="1.00" CC="00"/>
						<SP ID="P372_SP00210" HPOS="542" VPOS="1382" WIDTH="14"/>
						<String ID="P372_ST00242" HPOS="556" VPOS="1350" WIDTH="35" HEIGHT="26" CONTENT="do" WC="0.39" CC="92"/>
						<SP ID="P372_SP00211" HPOS="591" VPOS="1382" WIDTH="15"/>
						<String ID="P372_ST00243" HPOS="606" VPOS="1355" WIDTH="48" HEIGHT="21" CONTENT="not" WC="0.76" CC="501"/>
						<SP ID="P372_SP00212" HPOS="654" VPOS="1382" WIDTH="13"/>
						<String ID="P372_ST00244" HPOS="667" VPOS="1350" WIDTH="114" HEIGHT="34" CONTENT='doubt,"' WC="0.82" CC="0100047"/>
						<SP ID="P372_SP00213" HPOS="781" VPOS="1384" WIDTH="14"/>
						<String ID="P372_ST00245" HPOS="795" VPOS="1361" WIDTH="64" HEIGHT="26" CONTENT="says" WC="1.00" CC="0000"/>
						<SP ID="P372_SP00214" HPOS="859" VPOS="1387" WIDTH="15"/>
						<String ID="P372_ST00246" HPOS="874" VPOS="1353" WIDTH="45" HEIGHT="25" CONTENT="the" WC="0.52" CC="670"/>
					</TextLine>
					<TextLine ID="P372_TL00030" HPOS="99" VPOS="1393" WIDTH="820" HEIGHT="39">
						<String ID="P372_ST00247" HPOS="99" VPOS="1393" WIDTH="87" HEIGHT="26" CONTENT="writer" WC="0.81" CC="002502"/>
						<SP ID="P372_SP00215" HPOS="186" VPOS="1419" WIDTH="14"/>
						<String ID="P372_ST00248" HPOS="200" VPOS="1394" WIDTH="108" HEIGHT="35" CONTENT="already" WC="0.91" CC="3000300"/>
						<SP ID="P372_SP00216" HPOS="308" VPOS="1429" WIDTH="9"/>
						<String ID="P372_ST00249" HPOS="317" VPOS="1395" WIDTH="113" HEIGHT="35" CONTENT="quoted," WC="0.85" CC="0000090"/>
						<SP ID="P372_SP00217" HPOS="430" VPOS="1430" WIDTH="16"/>
						<String ID="P372_ST00250" HPOS="446" VPOS="1400" WIDTH="16" HEIGHT="9" CONTENT='"' WC="0.26" CC="7"/>
						<SP ID="P372_SP00218" HPOS="462" VPOS="1430" WIDTH="11"/>
						<String ID="P372_ST00251" HPOS="473" VPOS="1396" WIDTH="61" HEIGHT="26" CONTENT="that" WC="0.81" CC="0700"/>
						<SP ID="P372_SP00219" HPOS="534" VPOS="1430" WIDTH="13"/>
						<String ID="P372_ST00252" HPOS="547" VPOS="1396" WIDTH="65" HEIGHT="36" CONTENT="they" WC="0.89" CC="0400"/>
						<SP ID="P372_SP00220" HPOS="612" VPOS="1432" WIDTH="14"/>
						<String ID="P372_ST00253" HPOS="626" VPOS="1397" WIDTH="69" HEIGHT="27" CONTENT="have" WC="0.61" CC="6080"/>
						<SP ID="P372_SP00221" HPOS="695" VPOS="1432" WIDTH="13"/>
						<String ID="P372_ST00254" HPOS="708" VPOS="1399" WIDTH="120" HEIGHT="27" CONTENT="received" WC="0.78" CC="50003800"/>
						<SP ID="P372_SP00222" HPOS="828" VPOS="1432" WIDTH="17"/>
						<String ID="P372_ST00255" HPOS="845" VPOS="1400" WIDTH="74" HEIGHT="26" CONTENT="strict" WC="0.91" CC="203000"/>
					</TextLine>
					<TextLine ID="P372_TL00031" HPOS="99" VPOS="1439" WIDTH="820" HEIGHT="39">
						<String ID="P372_ST00256" HPOS="99" VPOS="1439" WIDTH="89" HEIGHT="27" CONTENT="orders" WC="0.80" CC="150005"/>
						<SP ID="P372_SP00223" HPOS="188" VPOS="1466" WIDTH="20"/>
						<String ID="P372_ST00257" HPOS="208" VPOS="1440" WIDTH="67" HEIGHT="26" CONTENT="from" WC="1.00" CC="0000"/>
						<SP ID="P372_SP00224" HPOS="275" VPOS="1466" WIDTH="22"/>
						<String ID="P372_ST00258" HPOS="297" VPOS="1441" WIDTH="88" HEIGHT="26" CONTENT="China" WC="0.66" CC="45006"/>
						<SP ID="P372_SP00225" HPOS="385" VPOS="1467" WIDTH="23"/>
						<String ID="P372_ST00259" HPOS="408" VPOS="1446" WIDTH="27" HEIGHT="22" CONTENT="to" WC="0.99" CC="00"/>
						<SP ID="P372_SP00226" HPOS="435" VPOS="1468" WIDTH="22"/>
						<String ID="P372_ST00260" HPOS="457" VPOS="1442" WIDTH="70" HEIGHT="35" CONTENT="keep" WC="0.72" CC="0009"/>
						<SP ID="P372_SP00227" HPOS="527" VPOS="1477" WIDTH="23"/>
						<String ID="P372_ST00261" HPOS="550" VPOS="1448" WIDTH="137" HEIGHT="30" CONTENT="strangers" WC="0.89" CC="100070000"/>
						<SP ID="P372_SP00228" HPOS="687" VPOS="1478" WIDTH="23"/>
						<String ID="P372_ST00262" HPOS="710" VPOS="1446" WIDTH="81" HEIGHT="31" CONTENT="aloof," WC="0.85" CC="420000"/>
						<SP ID="P372_SP00229" HPOS="791" VPOS="1478" WIDTH="24"/>
						<String ID="P372_ST00263" HPOS="815" VPOS="1448" WIDTH="53" HEIGHT="26" CONTENT="and" WC="1.00" CC="000"/>
						<SP ID="P372_SP00230" HPOS="868" VPOS="1478" WIDTH="25"/>
						<String ID="P372_ST00264" HPOS="893" VPOS="1452" WIDTH="26" HEIGHT="22" CONTENT="to" WC="0.47" CC="54"/>
					</TextLine>
				</TextBlock>
			</PrintSpace>
		</Page>
	</Layout>
</alto>
