<?xml version="1.0" encoding="UTF-8"?>
<alto xmlns:xsi="http://www.w3.org/2001/XMLSchema-instance" xsi:noNamespaceSchemaLocation="http://www.bl.uk/schemas/alto/alto-1-4.xsd" xmlns:xlink="http://www.w3.org/1999/xlink">
	<Description>
		<MeasurementUnit>mm10</MeasurementUnit>
		<sourceImageInformation>
			<fileName>//head1/IN/2008-15/A0011390163/004834.jp2</fileName>
		</sourceImageInformation>
		<OCRProcessing ID="OCRPROCESSING_1">
			<preProcessingStep>
				<processingSoftware>
					<softwareCreator>CCS Content Conversion Specialists GmbH, Germany</softwareCreator>
					<softwareName>CCS docWORKS</softwareName>
					<softwareVersion>6.1-0.67</softwareVersion>
				</processingSoftware>
			</preProcessingStep>
			<ocrProcessingStep>
				<processingSoftware>
					<softwareCreator>ABBYY (BIT Software), Russia</softwareCreator>
					<softwareName>Finereader</softwareName>
				</processingSoftware>
			</ocrProcessingStep>
		</OCRProcessing>
	</Description>
	<Styles>
		<TextStyle ID="TXT_0" FONTSIZE="10" FONTFAMILY="Courier New"/>
		<TextStyle ID="TXT_1" FONTSIZE="9" FONTFAMILY="Courier New"/>
		<ParagraphStyle ID="PAR_LEFT" ALIGN="Left"/>
		<ParagraphStyle ID="PAR_CENTER" ALIGN="Center"/>
	</Styles>
	<Layout>
		<Page ID="P74" PHYSICAL_IMG_NR="74" HEIGHT="1595" WIDTH="960" PRINTED_IMG_NR="36" POSITION="Left" ACCURACY="77.65">
			<TopMargin ID="P74_TM00001" HPOS="0" VPOS="0" WIDTH="960" HEIGHT="82">
				<TextBlock ID="P74_TB00001" HPOS="80" VPOS="50" WIDTH="35" HEIGHT="31" STYLEREFS="TXT_0 PAR_LEFT">
					<TextLine ID="P74_TL00001" HPOS="82" VPOS="56" WIDTH="33" HEIGHT="25">
						<String ID="P74_ST00001" HPOS="82" VPOS="56" WIDTH="33" HEIGHT="25" CONTENT="36" WC="0.12" CC="97"/>
					</TextLine>
				</TextBlock>
				<TextBlock ID="P74_TB00002" HPOS="432" VPOS="60" WIDTH="98" HEIGHT="19" STYLEREFS="TXT_1 PAR_CENTER">
					<TextLine ID="P74_TL00002" HPOS="433" VPOS="62" WIDTH="97" HEIGHT="17">
						<String ID="P74_ST00002" HPOS="433" VPOS="62" WIDTH="97" HEIGHT="17" CONTENT="CHINA" WC="0.56" CC="50509"/>
					</TextLine>
				</TextBlock>
			</TopMargin>
			<LeftMargin ID="P74_LM00001" HPOS="0" VPOS="82" WIDTH="80" HEIGHT="1393"/>
			<RightMargin ID="P74_RM00001" HPOS="899" VPOS="82" WIDTH="61" HEIGHT="1393"/>
			<BottomMargin ID="P74_BM00001" HPOS="0" VPOS="1475" WIDTH="960" HEIGHT="120"/>
			<PrintSpace ID="P74_PS00001" HPOS="80" VPOS="82" WIDTH="819" HEIGHT="1393">
				<TextBlock ID="P74_TB00003" HPOS="81" VPOS="121" WIDTH="812" HEIGHT="366" STYLEREFS="TXT_1 PAR_LEFT">
					<TextLine ID="P74_TL00003" HPOS="83" VPOS="122" WIDTH="810" HEIGHT="39">
						<String ID="P74_ST00003" HPOS="83" VPOS="129" WIDTH="114" HEIGHT="32" CONTENT="support" WC="0.59" CC="1159225"/>
						<SP ID="P74_SP00001" HPOS="197" VPOS="161" WIDTH="17"/>
						<String ID="P74_ST00004" HPOS="214" VPOS="124" WIDTH="46" HEIGHT="27" CONTENT="the" WC="0.74" CC="070"/>
						<SP ID="P74_SP00002" HPOS="260" VPOS="161" WIDTH="15"/>
						<String ID="P74_ST00005" HPOS="275" VPOS="124" WIDTH="82" HEIGHT="27" CONTENT="third." WC="0.89" CC="060000"/>
						<SP ID="P74_SP00003" HPOS="357" VPOS="161" WIDTH="27"/>
						<String ID="P74_ST00006" HPOS="384" VPOS="124" WIDTH="57" HEIGHT="26" CONTENT="The" WC="0.76" CC="070"/>
						<SP ID="P74_SP00004" HPOS="441" VPOS="161" WIDTH="15"/>
						<String ID="P74_ST00007" HPOS="456" VPOS="125" WIDTH="75" HEIGHT="34" CONTENT="place" WC="0.86" CC="06000"/>
						<SP ID="P74_SP00005" HPOS="531" VPOS="161" WIDTH="15"/>
						<String ID="P74_ST00008" HPOS="546" VPOS="124" WIDTH="87" HEIGHT="27" CONTENT="where" WC="0.74" CC="07031"/>
						<SP ID="P74_SP00006" HPOS="633" VPOS="161" WIDTH="13"/>
						<String ID="P74_ST00009" HPOS="646" VPOS="124" WIDTH="35" HEIGHT="26" CONTENT="he" WC="0.64" CC="70"/>
						<SP ID="P74_SP00007" HPOS="681" VPOS="161" WIDTH="14"/>
						<String ID="P74_ST00010" HPOS="695" VPOS="123" WIDTH="22" HEIGHT="26" CONTENT="is" WC="0.82" CC="30"/>
						<SP ID="P74_SP00008" HPOS="717" VPOS="161" WIDTH="14"/>
						<String ID="P74_ST00011" HPOS="731" VPOS="122" WIDTH="123" HEIGHT="35" CONTENT="reported" WC="0.75" CC="30009600"/>
						<SP ID="P74_SP00009" HPOS="854" VPOS="161" WIDTH="13"/>
						<String ID="P74_ST00012" HPOS="867" VPOS="126" WIDTH="26" HEIGHT="24" CONTENT="to" WC="0.94" CC="01"/>
					</TextLine>
					<TextLine ID="P74_TL00004" HPOS="82" VPOS="169" WIDTH="811" HEIGHT="37">
						<String ID="P74_ST00013" HPOS="82" VPOS="173" WIDTH="70" HEIGHT="26" CONTENT="have" WC="0.70" CC="6050"/>
						<SP ID="P74_SP00010" HPOS="152" VPOS="199" WIDTH="14"/>
						<String ID="P74_ST00014" HPOS="166" VPOS="176" WIDTH="51" HEIGHT="28" CONTENT="sat," WC="0.65" CC="0634"/>
						<SP ID="P74_SP00011" HPOS="217" VPOS="204" WIDTH="14"/>
						<String ID="P74_ST00015" HPOS="231" VPOS="172" WIDTH="24" HEIGHT="26" CONTENT="is" WC="0.69" CC="41"/>
						<SP ID="P74_SP00012" HPOS="255" VPOS="204" WIDTH="15"/>
						<String ID="P74_ST00016" HPOS="270" VPOS="181" WIDTH="15" HEIGHT="17" CONTENT="a" WC="1.00" CC="0"/>
						<SP ID="P74_SP00013" HPOS="285" VPOS="204" WIDTH="15"/>
						<String ID="P74_ST00017" HPOS="300" VPOS="172" WIDTH="79" HEIGHT="26" CONTENT="small" WC="0.76" CC="03160"/>
						<SP ID="P74_SP00014" HPOS="379" VPOS="204" WIDTH="14"/>
						<String ID="P74_ST00018" HPOS="393" VPOS="171" WIDTH="90" HEIGHT="35" CONTENT="cavity" WC="1.00" CC="000000"/>
						<SP ID="P74_SP00015" HPOS="483" VPOS="206" WIDTH="11"/>
						<String ID="P74_ST00019" HPOS="494" VPOS="171" WIDTH="27" HEIGHT="26" CONTENT="in" WC="0.41" CC="47"/>
						<SP ID="P74_SP00016" HPOS="521" VPOS="206" WIDTH="14"/>
						<String ID="P74_ST00020" HPOS="535" VPOS="180" WIDTH="52" HEIGHT="18" CONTENT="one" WC="0.78" CC="050"/>
						<SP ID="P74_SP00017" HPOS="587" VPOS="206" WIDTH="14"/>
						<String ID="P74_ST00021" HPOS="601" VPOS="171" WIDTH="86" HEIGHT="27" CONTENT="ofthe" WC="0.79" CC="30070"/>
						<SP ID="P74_SP00018" HPOS="687" VPOS="206" WIDTH="15"/>
						<String ID="P74_ST00022" HPOS="702" VPOS="169" WIDTH="91" HEIGHT="31" CONTENT="rocks," WC="0.83" CC="120050"/>
						<SP ID="P74_SP00019" HPOS="793" VPOS="206" WIDTH="11"/>
						<String ID="P74_ST00023" HPOS="804" VPOS="169" WIDTH="89" HEIGHT="27" CONTENT="which" WC="0.44" CC="97046"/>
					</TextLine>
					<TextLine ID="P74_TL00005" HPOS="84" VPOS="217" WIDTH="809" HEIGHT="38">
						<String ID="P74_ST00024" HPOS="84" VPOS="224" WIDTH="27" HEIGHT="21" CONTENT="at" WC="0.59" CC="34"/>
						<SP ID="P74_SP00020" HPOS="111" VPOS="245" WIDTH="22"/>
						<String ID="P74_ST00025" HPOS="133" VPOS="223" WIDTH="109" HEIGHT="31" CONTENT="present" WC="0.91" CC="0200030"/>
						<SP ID="P74_SP00021" HPOS="242" VPOS="254" WIDTH="23"/>
						<String ID="P74_ST00026" HPOS="265" VPOS="218" WIDTH="23" HEIGHT="27" CONTENT="is" WC="0.84" CC="03"/>
						<SP ID="P74_SP00022" HPOS="288" VPOS="254" WIDTH="22"/>
						<String ID="P74_ST00027" HPOS="310" VPOS="218" WIDTH="132" HEIGHT="36" CONTENT="occupied" WC="0.98" CC="00000100"/>
						<SP ID="P74_SP00023" HPOS="442" VPOS="254" WIDTH="23"/>
						<String ID="P74_ST00028" HPOS="465" VPOS="218" WIDTH="36" HEIGHT="36" CONTENT="by" WC="1.00" CC="00"/>
						<SP ID="P74_SP00024" HPOS="501" VPOS="254" WIDTH="23"/>
						<String ID="P74_ST00029" HPOS="524" VPOS="229" WIDTH="15" HEIGHT="16" CONTENT="a" WC="1.00" CC="0"/>
						<SP ID="P74_SP00025" HPOS="539" VPOS="254" WIDTH="23"/>
						<String ID="P74_ST00030" HPOS="562" VPOS="217" WIDTH="212" HEIGHT="38" CONTENT="representative" WC="0.84" CC="00000504310600"/>
						<SP ID="P74_SP00026" HPOS="774" VPOS="255" WIDTH="22"/>
						<String ID="P74_ST00031" HPOS="796" VPOS="217" WIDTH="31" HEIGHT="27" CONTENT="of" WC="1.00" CC="00"/>
						<SP ID="P74_SP00027" HPOS="827" VPOS="255" WIDTH="17"/>
						<String ID="P74_ST00032" HPOS="844" VPOS="217" WIDTH="49" HEIGHT="27" CONTENT="less" WC="0.75" CC="0612"/>
					</TextLine>
					<TextLine ID="P74_TL00006" HPOS="82" VPOS="265" WIDTH="811" HEIGHT="35">
						<String ID="P74_ST00033" HPOS="82" VPOS="266" WIDTH="151" HEIGHT="34" CONTENT="perishable" WC="0.76" CC="0090060700"/>
						<SP ID="P74_SP00028" HPOS="233" VPOS="300" WIDTH="14"/>
						<String ID="P74_ST00034" HPOS="247" VPOS="266" WIDTH="121" HEIGHT="25" CONTENT="material" WC="0.84" CC="60000500"/>
						<SP ID="P74_SP00029" HPOS="368" VPOS="300" WIDTH="15"/>
						<String ID="P74_ST00035" HPOS="383" VPOS="265" WIDTH="67" HEIGHT="26" CONTENT="than" WC="0.74" CC="3700"/>
						<SP ID="P74_SP00030" HPOS="450" VPOS="300" WIDTH="14"/>
						<String ID="P74_ST00036" HPOS="464" VPOS="266" WIDTH="118" HEIGHT="25" CONTENT="himself." WC="0.79" CC="23410102"/>
						<SP ID="P74_SP00031" HPOS="582" VPOS="300" WIDTH="41"/>
						<String ID="P74_ST00037" HPOS="623" VPOS="266" WIDTH="78" HEIGHT="25" CONTENT="With" WC="0.71" CC="0074"/>
						<SP ID="P74_SP00032" HPOS="701" VPOS="300" WIDTH="16"/>
						<String ID="P74_ST00038" HPOS="717" VPOS="274" WIDTH="14" HEIGHT="16" CONTENT="a" WC="0.46" CC="5"/>
						<SP ID="P74_SP00033" HPOS="731" VPOS="300" WIDTH="14"/>
						<String ID="P74_ST00039" HPOS="745" VPOS="268" WIDTH="73" HEIGHT="22" CONTENT="stern" WC="0.65" CC="50091"/>
						<SP ID="P74_SP00034" HPOS="818" VPOS="300" WIDTH="15"/>
						<String ID="P74_ST00040" HPOS="833" VPOS="273" WIDTH="60" HEIGHT="18" CONTENT="con" SUBS_TYPE="HypPart1" SUBS_CONTENT="contour," WC="0.87" CC="0031"/>
						<HYP CONTENT="-"/>
					</TextLine>
					<TextLine ID="P74_TL00007" HPOS="82" VPOS="310" WIDTH="811" HEIGHT="36">
						<String ID="P74_ST00041" HPOS="82" VPOS="317" WIDTH="72" HEIGHT="26" CONTENT="tour," SUBS_TYPE="HypPart2" SUBS_CONTENT="contour," WC="0.89" CC="00014"/>
						<SP ID="P74_SP00035" HPOS="154" VPOS="343" WIDTH="21"/>
						<String ID="P74_ST00042" HPOS="175" VPOS="322" WIDTH="15" HEIGHT="16" CONTENT="a" WC="0.02" CC="9"/>
						<SP ID="P74_SP00036" HPOS="190" VPOS="343" WIDTH="19"/>
						<String ID="P74_ST00043" HPOS="209" VPOS="312" WIDTH="105" HEIGHT="27" CONTENT="martial" WC="0.90" CC="0000060"/>
						<SP ID="P74_SP00037" HPOS="314" VPOS="343" WIDTH="22"/>
						<String ID="P74_ST00044" HPOS="336" VPOS="311" WIDTH="48" HEIGHT="33" CONTENT="air," WC="0.78" CC="5101"/>
						<SP ID="P74_SP00038" HPOS="384" VPOS="344" WIDTH="21"/>
						<String ID="P74_ST00045" HPOS="405" VPOS="311" WIDTH="52" HEIGHT="27" CONTENT="and" WC="0.59" CC="930"/>
						<SP ID="P74_SP00039" HPOS="457" VPOS="344" WIDTH="17"/>
						<String ID="P74_ST00046" HPOS="474" VPOS="311" WIDTH="45" HEIGHT="28" CONTENT="the" WC="0.58" CC="570"/>
						<SP ID="P74_SP00040" HPOS="519" VPOS="344" WIDTH="15"/>
						<String ID="P74_ST00047" HPOS="534" VPOS="316" WIDTH="73" HEIGHT="22" CONTENT="want" WC="0.79" CC="0260"/>
						<SP ID="P74_SP00041" HPOS="607" VPOS="344" WIDTH="20"/>
						<String ID="P74_ST00048" HPOS="627" VPOS="311" WIDTH="30" HEIGHT="27" CONTENT="of" WC="0.82" CC="03"/>
						<SP ID="P74_SP00042" HPOS="657" VPOS="344" WIDTH="18"/>
						<String ID="P74_ST00049" HPOS="675" VPOS="321" WIDTH="35" HEIGHT="17" CONTENT="an" WC="1.00" CC="00"/>
						<SP ID="P74_SP00043" HPOS="710" VPOS="344" WIDTH="20"/>
						<String ID="P74_ST00050" HPOS="730" VPOS="320" WIDTH="58" HEIGHT="26" CONTENT="eye," WC="1.00" CC="0000"/>
						<SP ID="P74_SP00044" HPOS="788" VPOS="346" WIDTH="13"/>
						<String ID="P74_ST00051" HPOS="801" VPOS="310" WIDTH="54" HEIGHT="27" CONTENT="lost" WC="0.60" CC="6036"/>
						<SP ID="P74_SP00045" HPOS="855" VPOS="346" WIDTH="12"/>
						<String ID="P74_ST00052" HPOS="867" VPOS="311" WIDTH="26" HEIGHT="27" CONTENT="in" WC="0.90" CC="02"/>
					</TextLine>
					<TextLine ID="P74_TL00008" HPOS="83" VPOS="357" WIDTH="810" HEIGHT="37">
						<String ID="P74_ST00053" HPOS="83" VPOS="359" WIDTH="47" HEIGHT="26" CONTENT="the" WC="0.76" CC="070"/>
						<SP ID="P74_SP00046" HPOS="130" VPOS="385" WIDTH="20"/>
						<String ID="P74_ST00054" HPOS="150" VPOS="359" WIDTH="119" HEIGHT="27" CONTENT="Saracen" WC="0.81" CC="6000006"/>
						<SP ID="P74_SP00047" HPOS="269" VPOS="386" WIDTH="16"/>
						<String ID="P74_ST00055" HPOS="285" VPOS="369" WIDTH="77" HEIGHT="23" CONTENT="wars," WC="0.89" CC="00004"/>
						<SP ID="P74_SP00048" HPOS="362" VPOS="392" WIDTH="15"/>
						<String ID="P74_ST00056" HPOS="377" VPOS="359" WIDTH="74" HEIGHT="27" CONTENT="there" WC="0.91" CC="04000"/>
						<SP ID="P74_SP00049" HPOS="451" VPOS="392" WIDTH="20"/>
						<String ID="P74_ST00057" HPOS="471" VPOS="360" WIDTH="22" HEIGHT="25" CONTENT="is" WC="0.77" CC="21"/>
						<SP ID="P74_SP00050" HPOS="493" VPOS="392" WIDTH="19"/>
						<String ID="P74_ST00058" HPOS="512" VPOS="368" WIDTH="63" HEIGHT="26" CONTENT="very" WC="0.99" CC="0000"/>
						<SP ID="P74_SP00051" HPOS="575" VPOS="394" WIDTH="17"/>
						<String ID="P74_ST00059" HPOS="592" VPOS="359" WIDTH="70" HEIGHT="26" CONTENT="little" WC="0.79" CC="000560"/>
						<SP ID="P74_SP00052" HPOS="662" VPOS="394" WIDTH="19"/>
						<String ID="P74_ST00060" HPOS="681" VPOS="363" WIDTH="28" HEIGHT="22" CONTENT="to" WC="1.00" CC="00"/>
						<SP ID="P74_SP00053" HPOS="709" VPOS="394" WIDTH="13"/>
						<String ID="P74_ST00061" HPOS="722" VPOS="357" WIDTH="104" HEIGHT="27" CONTENT="remind" WC="0.75" CC="120370"/>
						<SP ID="P74_SP00054" HPOS="826" VPOS="394" WIDTH="19"/>
						<String ID="P74_ST00062" HPOS="845" VPOS="367" WIDTH="48" HEIGHT="18" CONTENT="one" WC="0.86" CC="040"/>
					</TextLine>
					<TextLine ID="P74_TL00009" HPOS="83" VPOS="405" WIDTH="810" HEIGHT="37">
						<String ID="P74_ST00063" HPOS="83" VPOS="406" WIDTH="31" HEIGHT="27" CONTENT="of" WC="0.79" CC="40"/>
						<SP ID="P74_SP00055" HPOS="114" VPOS="433" WIDTH="16"/>
						<String ID="P74_ST00064" HPOS="130" VPOS="407" WIDTH="46" HEIGHT="26" CONTENT="the" WC="0.79" CC="060"/>
						<SP ID="P74_SP00056" HPOS="176" VPOS="433" WIDTH="15"/>
						<String ID="P74_ST00065" HPOS="191" VPOS="411" WIDTH="62" HEIGHT="31" CONTENT="poet" WC="1.00" CC="0000"/>
						<SP ID="P74_SP00057" HPOS="253" VPOS="442" WIDTH="13"/>
						<String ID="P74_ST00066" HPOS="266" VPOS="406" WIDTH="92" HEIGHT="27" CONTENT="whose" WC="0.63" CC="95030"/>
						<SP ID="P74_SP00058" HPOS="358" VPOS="442" WIDTH="18"/>
						<String ID="P74_ST00067" HPOS="376" VPOS="406" WIDTH="144" HEIGHT="36" CONTENT="charming" WC="0.87" CC="07110000"/>
						<SP ID="P74_SP00059" HPOS="520" VPOS="442" WIDTH="14"/>
						<String ID="P74_ST00068" HPOS="534" VPOS="415" WIDTH="83" HEIGHT="22" CONTENT="verse," WC="0.94" CC="003000"/>
						<SP ID="P74_SP00060" HPOS="617" VPOS="442" WIDTH="21"/>
						<String ID="P74_ST00069" HPOS="638" VPOS="405" WIDTH="147" HEIGHT="35" CONTENT="according" WC="0.74" CC="900050070"/>
						<SP ID="P74_SP00061" HPOS="785" VPOS="442" WIDTH="21"/>
						<String ID="P74_ST00070" HPOS="806" VPOS="409" WIDTH="27" HEIGHT="23" CONTENT="to" WC="1.00" CC="00"/>
						<SP ID="P74_SP00062" HPOS="833" VPOS="442" WIDTH="20"/>
						<String ID="P74_ST00071" HPOS="853" VPOS="405" WIDTH="40" HEIGHT="27" CONTENT="his" WC="0.70" CC="602"/>
					</TextLine>
					<TextLine ID="P74_TL00010" HPOS="82" VPOS="453" WIDTH="634" HEIGHT="34">
						<String ID="P74_ST00072" HPOS="82" VPOS="457" WIDTH="190" HEIGHT="30" CONTENT="countrymen," WC="0.86" CC="00160000050"/>
						<SP ID="P74_SP00063" HPOS="272" VPOS="487" WIDTH="14"/>
						<String ID="P74_ST00073" HPOS="286" VPOS="453" WIDTH="79" HEIGHT="27" CONTENT="could" WC="0.75" CC="00740"/>
						<SP ID="P74_SP00064" HPOS="365" VPOS="487" WIDTH="16"/>
						<String ID="P74_ST00074" HPOS="381" VPOS="453" WIDTH="119" HEIGHT="34" CONTENT="scarcely" WC="0.89" CC="50000040"/>
						<SP ID="P74_SP00065" HPOS="500" VPOS="487" WIDTH="14"/>
						<String ID="P74_ST00075" HPOS="514" VPOS="454" WIDTH="32" HEIGHT="26" CONTENT="be" WC="0.94" CC="01"/>
						<SP ID="P74_SP00066" HPOS="546" VPOS="487" WIDTH="15"/>
						<String ID="P74_ST00076" HPOS="561" VPOS="453" WIDTH="155" HEIGHT="34" CONTENT="surpassed." WC="0.73" CC="0090405304"/>
					</TextLine>
				</TextBlock>
				<TextBlock ID="P74_TB00004" HPOS="83" VPOS="499" WIDTH="810" HEIGHT="168" STYLEREFS="TXT_1 PAR_LEFT">
					<TextLine ID="P74_TL00011" HPOS="120" VPOS="500" WIDTH="773" HEIGHT="36">
						<String ID="P74_ST00077" HPOS="120" VPOS="500" WIDTH="56" HEIGHT="27" CONTENT="The" WC="0.75" CC="070"/>
						<SP ID="P74_SP00067" HPOS="176" VPOS="527" WIDTH="22"/>
						<String ID="P74_ST00078" HPOS="198" VPOS="500" WIDTH="103" HEIGHT="36" CONTENT="history" WC="0.63" CC="4063460"/>
						<SP ID="P74_SP00068" HPOS="301" VPOS="536" WIDTH="13"/>
						<String ID="P74_ST00079" HPOS="314" VPOS="501" WIDTH="30" HEIGHT="26" CONTENT="of" WC="0.50" CC="09"/>
						<SP ID="P74_SP00069" HPOS="344" VPOS="536" WIDTH="19"/>
						<String ID="P74_ST00080" HPOS="363" VPOS="500" WIDTH="100" HEIGHT="27" CONTENT="Macao" WC="0.81" CC="00090"/>
						<SP ID="P74_SP00070" HPOS="463" VPOS="536" WIDTH="13"/>
						<String ID="P74_ST00081" HPOS="476" VPOS="500" WIDTH="22" HEIGHT="26" CONTENT="is" WC="0.63" CC="33"/>
						<SP ID="P74_SP00071" HPOS="498" VPOS="536" WIDTH="22"/>
						<String ID="P74_ST00082" HPOS="520" VPOS="500" WIDTH="126" HEIGHT="27" CONTENT="involved" WC="0.89" CC="35000000"/>
						<SP ID="P74_SP00072" HPOS="646" VPOS="536" WIDTH="22"/>
						<String ID="P74_ST00083" HPOS="668" VPOS="500" WIDTH="26" HEIGHT="27" CONTENT="in" WC="0.77" CC="40"/>
						<SP ID="P74_SP00073" HPOS="694" VPOS="536" WIDTH="15"/>
						<String ID="P74_ST00084" HPOS="709" VPOS="501" WIDTH="184" HEIGHT="27" CONTENT="considerable" WC="0.87" CC="007500000200"/>
					</TextLine>
					<TextLine ID="P74_TL00012" HPOS="84" VPOS="547" WIDTH="809" HEIGHT="36">
						<String ID="P74_ST00085" HPOS="84" VPOS="548" WIDTH="182" HEIGHT="35" CONTENT="uncertainty," WC="0.74" CC="830011608200"/>
						<SP ID="P74_SP00074" HPOS="266" VPOS="583" WIDTH="20"/>
						<String ID="P74_ST00086" HPOS="286" VPOS="549" WIDTH="50" HEIGHT="25" CONTENT="but" WC="0.64" CC="046"/>
						<SP ID="P74_SP00075" HPOS="336" VPOS="583" WIDTH="18"/>
						<String ID="P74_ST00087" HPOS="354" VPOS="548" WIDTH="78" HEIGHT="26" CONTENT="those" WC="0.74" CC="07140"/>
						<SP ID="P74_SP00076" HPOS="432" VPOS="583" WIDTH="22"/>
						<String ID="P74_ST00088" HPOS="454" VPOS="548" WIDTH="92" HEIGHT="34" CONTENT="points" WC="0.80" CC="900200"/>
						<SP ID="P74_SP00077" HPOS="546" VPOS="583" WIDTH="22"/>
						<String ID="P74_ST00089" HPOS="568" VPOS="548" WIDTH="30" HEIGHT="26" CONTENT="of" WC="1.00" CC="00"/>
						<SP ID="P74_SP00078" HPOS="598" VPOS="583" WIDTH="16"/>
						<String ID="P74_ST00090" HPOS="614" VPOS="547" WIDTH="108" HEIGHT="35" CONTENT="inquiry" WC="0.76" CC="1400460"/>
						<SP ID="P74_SP00079" HPOS="722" VPOS="583" WIDTH="16"/>
						<String ID="P74_ST00091" HPOS="738" VPOS="552" WIDTH="70" HEIGHT="22" CONTENT="most" WC="0.89" CC="0020"/>
						<SP ID="P74_SP00080" HPOS="808" VPOS="583" WIDTH="19"/>
						<String ID="P74_ST00092" HPOS="827" VPOS="549" WIDTH="66" HEIGHT="26" CONTENT="inte" SUBS_TYPE="HypPart1" SUBS_CONTENT="interesting" WC="0.76" CC="07400"/>
						<HYP CONTENT="-"/>
					</TextLine>
					<TextLine ID="P74_TL00013" HPOS="87" VPOS="594" WIDTH="806" HEIGHT="37">
						<String ID="P74_ST00093" HPOS="87" VPOS="595" WIDTH="104" HEIGHT="35" CONTENT="resting" SUBS_TYPE="HypPart2" SUBS_CONTENT="interesting" WC="0.66" CC="9210270"/>
						<SP ID="P74_SP00081" HPOS="191" VPOS="630" WIDTH="14"/>
						<String ID="P74_ST00094" HPOS="205" VPOS="599" WIDTH="27" HEIGHT="22" CONTENT="to" WC="0.70" CC="50"/>
						<SP ID="P74_SP00082" HPOS="232" VPOS="630" WIDTH="16"/>
						<String ID="P74_ST00095" HPOS="248" VPOS="595" WIDTH="44" HEIGHT="26" CONTENT="the" WC="0.77" CC="420"/>
						<SP ID="P74_SP00083" HPOS="292" VPOS="630" WIDTH="16"/>
						<String ID="P74_ST00096" HPOS="308" VPOS="594" WIDTH="140" HEIGHT="27" CONTENT="Christian" WC="0.64" CC="066050066"/>
						<SP ID="P74_SP00084" HPOS="448" VPOS="630" WIDTH="15"/>
						<String ID="P74_ST00097" HPOS="463" VPOS="594" WIDTH="170" HEIGHT="36" CONTENT="community" WC="0.71" CC="000534380"/>
						<SP ID="P74_SP00085" HPOS="633" VPOS="630" WIDTH="12"/>
						<String ID="P74_ST00098" HPOS="645" VPOS="604" WIDTH="44" HEIGHT="17" CONTENT="are" WC="1.00" CC="000"/>
						<SP ID="P74_SP00086" HPOS="689" VPOS="630" WIDTH="16"/>
						<String ID="P74_ST00099" HPOS="705" VPOS="594" WIDTH="34" HEIGHT="37" CONTENT="by" WC="0.98" CC="00"/>
						<SP ID="P74_SP00087" HPOS="739" VPOS="631" WIDTH="16"/>
						<String ID="P74_ST00100" HPOS="755" VPOS="604" WIDTH="35" HEIGHT="17" CONTENT="no" WC="0.42" CC="83"/>
						<SP ID="P74_SP00088" HPOS="790" VPOS="631" WIDTH="15"/>
						<String ID="P74_ST00101" HPOS="805" VPOS="604" WIDTH="88" HEIGHT="17" CONTENT="means" WC="0.73" CC="00066"/>
					</TextLine>
					<TextLine ID="P74_TL00014" HPOS="86" VPOS="642" WIDTH="123" HEIGHT="25">
						<String ID="P74_ST00102" HPOS="86" VPOS="642" WIDTH="123" HEIGHT="25" CONTENT="obscure." WC="0.75" CC="06401601"/>
					</TextLine>
				</TextBlock>
				<TextBlock ID="P74_TB00005" HPOS="82" VPOS="688" WIDTH="817" HEIGHT="787" STYLEREFS="TXT_1 PAR_LEFT">
					<TextLine ID="P74_TL00015" HPOS="120" VPOS="688" WIDTH="771" HEIGHT="37">
						<String ID="P74_ST00103" HPOS="120" VPOS="688" WIDTH="58" HEIGHT="26" CONTENT="The" WC="0.83" CC="050"/>
						<SP ID="P74_SP00089" HPOS="178" VPOS="714" WIDTH="15"/>
						<String ID="P74_ST00104" HPOS="193" VPOS="688" WIDTH="170" HEIGHT="36" CONTENT="Portuguese" WC="0.83" CC="3000305040"/>
						<SP ID="P74_SP00090" HPOS="363" VPOS="724" WIDTH="15"/>
						<String ID="P74_ST00105" HPOS="378" VPOS="698" WIDTH="48" HEIGHT="26" CONTENT="say" WC="0.87" CC="003"/>
						<SP ID="P74_SP00091" HPOS="426" VPOS="724" WIDTH="13"/>
						<String ID="P74_ST00106" HPOS="439" VPOS="688" WIDTH="62" HEIGHT="26" CONTENT="that" WC="0.58" CC="0744"/>
						<SP ID="P74_SP00092" HPOS="501" VPOS="724" WIDTH="13"/>
						<String ID="P74_ST00107" HPOS="514" VPOS="689" WIDTH="65" HEIGHT="36" CONTENT="they" WC="0.61" CC="0707"/>
						<SP ID="P74_SP00093" HPOS="579" VPOS="725" WIDTH="15"/>
						<String ID="P74_ST00108" HPOS="594" VPOS="689" WIDTH="120" HEIGHT="27" CONTENT="received" WC="0.83" CC="20001800"/>
						<SP ID="P74_SP00094" HPOS="714" VPOS="725" WIDTH="16"/>
						<String ID="P74_ST00109" HPOS="730" VPOS="690" WIDTH="20" HEIGHT="26" CONTENT="it" WC="1.00" CC="00"/>
						<SP ID="P74_SP00095" HPOS="750" VPOS="725" WIDTH="14"/>
						<String ID="P74_ST00110" HPOS="764" VPOS="690" WIDTH="69" HEIGHT="26" CONTENT="from" WC="1.00" CC="0000"/>
						<SP ID="P74_SP00096" HPOS="833" VPOS="725" WIDTH="15"/>
						<String ID="P74_ST00111" HPOS="848" VPOS="690" WIDTH="43" HEIGHT="27" CONTENT="the" WC="0.82" CC="500"/>
					</TextLine>
					<TextLine ID="P74_TL00016" HPOS="85" VPOS="736" WIDTH="808" HEIGHT="37">
						<String ID="P74_ST00112" HPOS="85" VPOS="745" WIDTH="120" HEIGHT="25" CONTENT="emperor" WC="0.70" CC="0900406"/>
						<SP ID="P74_SP00097" HPOS="205" VPOS="770" WIDTH="14"/>
						<String ID="P74_ST00113" HPOS="219" VPOS="736" WIDTH="84" HEIGHT="25" CONTENT="about" WC="0.81" CC="50004"/>
						<SP ID="P74_SP00098" HPOS="303" VPOS="770" WIDTH="21"/>
						<String ID="P74_ST00114" HPOS="324" VPOS="736" WIDTH="46" HEIGHT="26" CONTENT="the" WC="0.79" CC="060"/>
						<SP ID="P74_SP00099" HPOS="370" VPOS="770" WIDTH="13"/>
						<String ID="P74_ST00115" HPOS="383" VPOS="736" WIDTH="102" HEIGHT="26" CONTENT="middle" WC="1.00" CC="000000"/>
						<SP ID="P74_SP00100" HPOS="485" VPOS="770" WIDTH="21"/>
						<String ID="P74_ST00116" HPOS="506" VPOS="737" WIDTH="30" HEIGHT="26" CONTENT="of" WC="1.00" CC="00"/>
						<SP ID="P74_SP00101" HPOS="536" VPOS="770" WIDTH="17"/>
						<String ID="P74_ST00117" HPOS="553" VPOS="737" WIDTH="46" HEIGHT="26" CONTENT="the" WC="0.74" CC="250"/>
						<SP ID="P74_SP00102" HPOS="599" VPOS="770" WIDTH="20"/>
						<String ID="P74_ST00118" HPOS="619" VPOS="737" WIDTH="137" HEIGHT="27" CONTENT="sixteenth" WC="0.69" CC="200600575"/>
						<SP ID="P74_SP00103" HPOS="756" VPOS="770" WIDTH="16"/>
						<String ID="P74_ST00119" HPOS="772" VPOS="742" WIDTH="121" HEIGHT="31" CONTENT="century," WC="0.79" CC="00060603"/>
					</TextLine>
					<TextLine ID="P74_TL00017" HPOS="88" VPOS="783" WIDTH="811" HEIGHT="36">
						<String ID="P74_ST00120" HPOS="88" VPOS="792" WIDTH="30" HEIGHT="17" CONTENT="as" WC="0.40" CC="47"/>
						<SP ID="P74_SP00104" HPOS="118" VPOS="809" WIDTH="13"/>
						<String ID="P74_ST00121" HPOS="131" VPOS="792" WIDTH="34" HEIGHT="16" CONTENT="an" WC="1.00" CC="00"/>
						<SP ID="P74_SP00105" HPOS="165" VPOS="809" WIDTH="15"/>
						<String ID="P74_ST00122" HPOS="180" VPOS="783" WIDTH="156" HEIGHT="36" CONTENT="expression" WC="0.87" CC="0004202003"/>
						<SP ID="P74_SP00106" HPOS="336" VPOS="819" WIDTH="14"/>
						<String ID="P74_ST00123" HPOS="350" VPOS="783" WIDTH="31" HEIGHT="27" CONTENT="of" WC="1.00" CC="00"/>
						<SP ID="P74_SP00107" HPOS="381" VPOS="819" WIDTH="16"/>
						<String ID="P74_ST00124" HPOS="397" VPOS="783" WIDTH="138" HEIGHT="36" CONTENT="gratitude" WC="0.96" CC="030000000"/>
						<SP ID="P74_SP00108" HPOS="535" VPOS="819" WIDTH="13"/>
						<String ID="P74_ST00125" HPOS="548" VPOS="783" WIDTH="41" HEIGHT="26" CONTENT="for" WC="0.95" CC="001"/>
						<SP ID="P74_SP00109" HPOS="589" VPOS="819" WIDTH="12"/>
						<String ID="P74_ST00126" HPOS="601" VPOS="784" WIDTH="138" HEIGHT="35" CONTENT="expelling" WC="0.80" CC="000054070"/>
						<SP ID="P74_SP00110" HPOS="739" VPOS="819" WIDTH="14"/>
						<String ID="P74_ST00127" HPOS="753" VPOS="793" WIDTH="15" HEIGHT="16" CONTENT="a" WC="0.05" CC="9"/>
						<SP ID="P74_SP00111" HPOS="768" VPOS="819" WIDTH="14"/>
						<String ID="P74_ST00128" HPOS="782" VPOS="784" WIDTH="72" HEIGHT="26" CONTENT="band" WC="0.58" CC="0475"/>
						<SP ID="P74_SP00112" HPOS="854" VPOS="819" WIDTH="15"/>
						<String ID="P74_ST00129" HPOS="869" VPOS="786" WIDTH="30" HEIGHT="24" CONTENT="of" WC="1.00" CC="00"/>
					</TextLine>
					<TextLine ID="P74_TL00018" HPOS="85" VPOS="830" WIDTH="809" HEIGHT="36">
						<String ID="P74_ST00130" HPOS="85" VPOS="830" WIDTH="112" HEIGHT="35" CONTENT="pirates," WC="0.69" CC="00770054"/>
						<SP ID="P74_SP00113" HPOS="197" VPOS="865" WIDTH="15"/>
						<String ID="P74_ST00131" HPOS="212" VPOS="830" WIDTH="69" HEIGHT="31" CONTENT="who," WC="0.72" CC="0703"/>
						<SP ID="P74_SP00114" HPOS="281" VPOS="865" WIDTH="19"/>
						<String ID="P74_ST00132" HPOS="300" VPOS="830" WIDTH="115" HEIGHT="36" CONTENT="making" WC="0.71" CC="054160"/>
						<SP ID="P74_SP00115" HPOS="415" VPOS="866" WIDTH="13"/>
						<String ID="P74_ST00133" HPOS="428" VPOS="831" WIDTH="22" HEIGHT="25" CONTENT="it" WC="0.71" CC="05"/>
						<SP ID="P74_SP00116" HPOS="450" VPOS="866" WIDTH="13"/>
						<String ID="P74_ST00134" HPOS="463" VPOS="830" WIDTH="70" HEIGHT="27" CONTENT="their" WC="0.87" CC="06000"/>
						<SP ID="P74_SP00117" HPOS="533" VPOS="866" WIDTH="13"/>
						<String ID="P74_ST00135" HPOS="546" VPOS="830" WIDTH="221" HEIGHT="36" CONTENT="head-quarters," WC="0.82" CC="60002018300010"/>
						<SP ID="P74_SP00118" HPOS="767" VPOS="866" WIDTH="13"/>
						<String ID="P74_ST00136" HPOS="780" VPOS="830" WIDTH="114" HEIGHT="27" CONTENT="infested" WC="0.78" CC="07006400"/>
					</TextLine>
					<TextLine ID="P74_TL00019" HPOS="86" VPOS="876" WIDTH="808" HEIGHT="37">
						<String ID="P74_ST00137" HPOS="86" VPOS="876" WIDTH="46" HEIGHT="27" CONTENT="the" WC="1.00" CC="000"/>
						<SP ID="P74_SP00119" HPOS="132" VPOS="903" WIDTH="14"/>
						<String ID="P74_ST00138" HPOS="146" VPOS="881" WIDTH="76" HEIGHT="22" CONTENT="coast" WC="0.79" CC="00405"/>
						<SP ID="P74_SP00120" HPOS="222" VPOS="903" WIDTH="20"/>
						<String ID="P74_ST00139" HPOS="242" VPOS="878" WIDTH="54" HEIGHT="25" CONTENT="and" WC="0.25" CC="965"/>
						<SP ID="P74_SP00121" HPOS="296" VPOS="903" WIDTH="21"/>
						<String ID="P74_ST00140" HPOS="317" VPOS="877" WIDTH="115" HEIGHT="27" CONTENT="blocked" WC="0.91" CC="0300200"/>
						<SP ID="P74_SP00122" HPOS="432" VPOS="904" WIDTH="15"/>
						<String ID="P74_ST00141" HPOS="447" VPOS="887" WIDTH="37" HEIGHT="26" CONTENT="up" WC="1.00" CC="00"/>
						<SP ID="P74_SP00123" HPOS="484" VPOS="913" WIDTH="14"/>
						<String ID="P74_ST00142" HPOS="498" VPOS="877" WIDTH="46" HEIGHT="26" CONTENT="the" WC="0.76" CC="070"/>
						<SP ID="P74_SP00124" HPOS="544" VPOS="913" WIDTH="13"/>
						<String ID="P74_ST00143" HPOS="557" VPOS="881" WIDTH="62" HEIGHT="32" CONTENT="port" WC="1.00" CC="0000"/>
						<SP ID="P74_SP00125" HPOS="619" VPOS="913" WIDTH="14"/>
						<String ID="P74_ST00144" HPOS="633" VPOS="877" WIDTH="30" HEIGHT="26" CONTENT="of" WC="1.00" CC="00"/>
						<SP ID="P74_SP00126" HPOS="663" VPOS="913" WIDTH="17"/>
						<String ID="P74_ST00145" HPOS="680" VPOS="876" WIDTH="119" HEIGHT="27" CONTENT="Canton." WC="0.74" CC="3400270"/>
						<SP ID="P74_SP00127" HPOS="799" VPOS="913" WIDTH="40"/>
						<String ID="P74_ST00146" HPOS="839" VPOS="877" WIDTH="55" HEIGHT="26" CONTENT="The" WC="0.85" CC="040"/>
					</TextLine>
					<TextLine ID="P74_TL00020" HPOS="86" VPOS="924" WIDTH="808" HEIGHT="36">
						<String ID="P74_ST00147" HPOS="86" VPOS="924" WIDTH="118" HEIGHT="28" CONTENT="Chinese" WC="0.63" CC="0647060"/>
						<SP ID="P74_SP00128" HPOS="204" VPOS="952" WIDTH="15"/>
						<String ID="P74_ST00148" HPOS="219" VPOS="929" WIDTH="84" HEIGHT="23" CONTENT="assert" WC="0.63" CC="863002"/>
						<SP ID="P74_SP00129" HPOS="303" VPOS="952" WIDTH="14"/>
						<String ID="P74_ST00149" HPOS="317" VPOS="925" WIDTH="61" HEIGHT="27" CONTENT="that" WC="0.69" CC="0615"/>
						<SP ID="P74_SP00130" HPOS="378" VPOS="952" WIDTH="23"/>
						<String ID="P74_ST00150" HPOS="401" VPOS="924" WIDTH="46" HEIGHT="28" CONTENT="the" WC="0.94" CC="010"/>
						<SP ID="P74_SP00131" HPOS="447" VPOS="952" WIDTH="16"/>
						<String ID="P74_ST00151" HPOS="463" VPOS="925" WIDTH="76" HEIGHT="35" CONTENT="place" WC="0.98" CC="00100"/>
						<SP ID="P74_SP00132" HPOS="539" VPOS="960" WIDTH="13"/>
						<String ID="P74_ST00152" HPOS="552" VPOS="934" WIDTH="55" HEIGHT="17" CONTENT="was" WC="0.88" CC="011"/>
						<SP ID="P74_SP00133" HPOS="607" VPOS="960" WIDTH="15"/>
						<String ID="P74_ST00153" HPOS="622" VPOS="924" WIDTH="142" HEIGHT="36" CONTENT="gradually" WC="0.96" CC="020000000"/>
						<SP ID="P74_SP00134" HPOS="764" VPOS="960" WIDTH="15"/>
						<String ID="P74_ST00154" HPOS="779" VPOS="925" WIDTH="115" HEIGHT="35" CONTENT="usurped" WC="0.53" CC="4616940"/>
					</TextLine>
					<TextLine ID="P74_TL00021" HPOS="83" VPOS="972" WIDTH="812" HEIGHT="35">
						<String ID="P74_ST00155" HPOS="83" VPOS="972" WIDTH="37" HEIGHT="35" CONTENT="by" WC="0.64" CC="70"/>
						<SP ID="P74_SP00135" HPOS="120" VPOS="1007" WIDTH="15"/>
						<String ID="P74_ST00156" HPOS="135" VPOS="972" WIDTH="45" HEIGHT="25" CONTENT="tlie" WC="0.63" CC="0680"/>
						<SP ID="P74_SP00136" HPOS="180" VPOS="1007" WIDTH="15"/>
						<String ID="P74_ST00157" HPOS="195" VPOS="972" WIDTH="181" HEIGHT="35" CONTENT="Portuguese," WC="0.83" CC="43400050000"/>
						<SP ID="P74_SP00137" HPOS="376" VPOS="1007" WIDTH="19"/>
						<String ID="P74_ST00158" HPOS="395" VPOS="973" WIDTH="27" HEIGHT="25" CONTENT="in" WC="0.63" CC="33"/>
						<SP ID="P74_SP00138" HPOS="422" VPOS="1007" WIDTH="16"/>
						<String ID="P74_ST00159" HPOS="438" VPOS="972" WIDTH="69" HEIGHT="26" CONTENT="their" WC="0.68" CC="27014"/>
						<SP ID="P74_SP00139" HPOS="507" VPOS="1007" WIDTH="14"/>
						<String ID="P74_ST00160" HPOS="521" VPOS="981" WIDTH="63" HEIGHT="26" CONTENT="rage" WC="0.82" CC="3300"/>
						<SP ID="P74_SP00140" HPOS="584" VPOS="1007" WIDTH="22"/>
						<String ID="P74_ST00161" HPOS="606" VPOS="972" WIDTH="42" HEIGHT="26" CONTENT="for" WC="0.58" CC="804"/>
						<SP ID="P74_SP00141" HPOS="648" VPOS="1007" WIDTH="20"/>
						<String ID="P74_ST00162" HPOS="668" VPOS="972" WIDTH="104" HEIGHT="35" CONTENT="foreign" WC="0.93" CC="0000004"/>
						<SP ID="P74_SP00142" HPOS="772" VPOS="1007" WIDTH="19"/>
						<String ID="P74_ST00163" HPOS="791" VPOS="980" WIDTH="104" HEIGHT="27" CONTENT="posses" SUBS_TYPE="HypPart1" SUBS_CONTENT="possessions" WC="0.70" CC="9021401"/>
						<HYP CONTENT="-"/>
					</TextLine>
					<TextLine ID="P74_TL00022" HPOS="84" VPOS="1018" WIDTH="811" HEIGHT="33">
						<String ID="P74_ST00164" HPOS="84" VPOS="1018" WIDTH="75" HEIGHT="27" CONTENT="sions" SUBS_TYPE="HypPart2" SUBS_CONTENT="possessions" WC="0.60" CC="66014"/>
						<SP ID="P74_SP00143" HPOS="159" VPOS="1045" WIDTH="11"/>
						<String ID="P74_ST00165" HPOS="170" VPOS="1029" WIDTH="6" HEIGHT="20" CONTENT=";" WC="0.40" CC="5"/>
						<SP ID="P74_SP00144" HPOS="176" VPOS="1049" WIDTH="28"/>
						<String ID="P74_ST00166" HPOS="204" VPOS="1018" WIDTH="54" HEIGHT="27" CONTENT="and" WC="0.80" CC="060"/>
						<SP ID="P74_SP00145" HPOS="258" VPOS="1049" WIDTH="24"/>
						<String ID="P74_ST00167" HPOS="282" VPOS="1024" WIDTH="92" HEIGHT="22" CONTENT="recent" WC="0.77" CC="600070"/>
						<SP ID="P74_SP00146" HPOS="374" VPOS="1049" WIDTH="23"/>
						<String ID="P74_ST00168" HPOS="397" VPOS="1018" WIDTH="154" HEIGHT="28" CONTENT="researches" WC="0.77" CC="3060050600"/>
						<SP ID="P74_SP00147" HPOS="551" VPOS="1049" WIDTH="32"/>
						<String ID="P74_ST00169" HPOS="583" VPOS="1018" WIDTH="84" HEIGHT="33" CONTENT="shew," WC="0.76" CC="07004"/>
						<SP ID="P74_SP00148" HPOS="667" VPOS="1051" WIDTH="31"/>
						<String ID="P74_ST00170" HPOS="698" VPOS="1018" WIDTH="69" HEIGHT="32" CONTENT="that," WC="0.82" CC="35000"/>
						<SP ID="P74_SP00149" HPOS="767" VPOS="1051" WIDTH="32"/>
						<String ID="P74_ST00171" HPOS="799" VPOS="1018" WIDTH="23" HEIGHT="27" CONTENT="if" WC="0.79" CC="40"/>
						<SP ID="P74_SP00150" HPOS="822" VPOS="1051" WIDTH="28"/>
						<String ID="P74_ST00172" HPOS="850" VPOS="1019" WIDTH="45" HEIGHT="26" CONTENT="the" WC="0.83" CC="040"/>
					</TextLine>
					<TextLine ID="P74_TL00023" HPOS="84" VPOS="1064" WIDTH="812" HEIGHT="38">
						<String ID="P74_ST00173" HPOS="84" VPOS="1064" WIDTH="98" HEIGHT="26" CONTENT="former" WC="0.73" CC="003606"/>
						<SP ID="P74_SP00151" HPOS="182" VPOS="1090" WIDTH="10"/>
						<String ID="P74_ST00174" HPOS="192" VPOS="1073" WIDTH="44" HEIGHT="18" CONTENT="are" WC="1.00" CC="000"/>
						<SP ID="P74_SP00152" HPOS="236" VPOS="1091" WIDTH="14"/>
						<String ID="P74_ST00175" HPOS="250" VPOS="1068" WIDTH="112" HEIGHT="28" CONTENT="correct," WC="0.92" CC="00600000"/>
						<SP ID="P74_SP00153" HPOS="362" VPOS="1096" WIDTH="9"/>
						<String ID="P74_ST00176" HPOS="371" VPOS="1065" WIDTH="65" HEIGHT="36" CONTENT="they" WC="0.58" CC="0708"/>
						<SP ID="P74_SP00154" HPOS="436" VPOS="1101" WIDTH="10"/>
						<String ID="P74_ST00177" HPOS="446" VPOS="1070" WIDTH="102" HEIGHT="23" CONTENT="cannot" WC="0.70" CC="006605"/>
						<SP ID="P74_SP00155" HPOS="548" VPOS="1101" WIDTH="14"/>
						<String ID="P74_ST00178" HPOS="562" VPOS="1066" WIDTH="118" HEIGHT="36" CONTENT="produce" WC="0.85" CC="0910000"/>
						<SP ID="P74_SP00156" HPOS="680" VPOS="1102" WIDTH="15"/>
						<String ID="P74_ST00179" HPOS="695" VPOS="1067" WIDTH="46" HEIGHT="26" CONTENT="the" WC="0.87" CC="300"/>
						<SP ID="P74_SP00157" HPOS="741" VPOS="1102" WIDTH="14"/>
						<String ID="P74_ST00180" HPOS="755" VPOS="1066" WIDTH="141" HEIGHT="35" CONTENT="emperor's" WC="0.67" CC="060465006"/>
					</TextLine>
					<TextLine ID="P74_TL00024" HPOS="85" VPOS="1112" WIDTH="811" HEIGHT="38">
						<String ID="P74_ST00181" HPOS="85" VPOS="1116" WIDTH="80" HEIGHT="32" CONTENT="grant" WC="0.76" CC="03070"/>
						<SP ID="P74_SP00158" HPOS="165" VPOS="1148" WIDTH="13"/>
						<String ID="P74_ST00182" HPOS="178" VPOS="1116" WIDTH="27" HEIGHT="22" CONTENT="to" WC="1.00" CC="00"/>
						<SP ID="P74_SP00159" HPOS="205" VPOS="1148" WIDTH="15"/>
						<String ID="P74_ST00183" HPOS="220" VPOS="1122" WIDTH="81" HEIGHT="25" CONTENT="prove" WC="0.99" CC="00000"/>
						<SP ID="P74_SP00160" HPOS="301" VPOS="1148" WIDTH="13"/>
						<String ID="P74_ST00184" HPOS="314" VPOS="1112" WIDTH="32" HEIGHT="26" CONTENT="it." WC="0.93" CC="020"/>
						<SP ID="P74_SP00161" HPOS="346" VPOS="1148" WIDTH="40"/>
						<String ID="P74_ST00185" HPOS="386" VPOS="1112" WIDTH="33" HEIGHT="27" CONTENT="In" WC="1.00" CC="00"/>
						<SP ID="P74_SP00162" HPOS="419" VPOS="1148" WIDTH="15"/>
						<String ID="P74_ST00186" HPOS="434" VPOS="1113" WIDTH="135" HEIGHT="27" CONTENT="whatever" WC="0.86" CC="06000003"/>
						<SP ID="P74_SP00163" HPOS="569" VPOS="1148" WIDTH="19"/>
						<String ID="P74_ST00187" HPOS="588" VPOS="1123" WIDTH="60" HEIGHT="27" CONTENT="way" WC="1.00" CC="000"/>
						<SP ID="P74_SP00164" HPOS="648" VPOS="1150" WIDTH="20"/>
						<String ID="P74_ST00188" HPOS="668" VPOS="1114" WIDTH="154" HEIGHT="35" CONTENT="possession" WC="0.82" CC="0025002007"/>
						<SP ID="P74_SP00165" HPOS="822" VPOS="1150" WIDTH="22"/>
						<String ID="P74_ST00189" HPOS="844" VPOS="1123" WIDTH="52" HEIGHT="17" CONTENT="was" WC="0.22" CC="985"/>
					</TextLine>
					<TextLine ID="P74_TL00025" HPOS="85" VPOS="1159" WIDTH="811" HEIGHT="37">
						<String ID="P74_ST00190" HPOS="85" VPOS="1159" WIDTH="109" HEIGHT="36" CONTENT="gained," WC="0.74" CC="9005300"/>
						<SP ID="P74_SP00166" HPOS="194" VPOS="1195" WIDTH="21"/>
						<String ID="P74_ST00191" HPOS="215" VPOS="1159" WIDTH="46" HEIGHT="26" CONTENT="the" WC="0.86" CC="040"/>
						<SP ID="P74_SP00167" HPOS="261" VPOS="1195" WIDTH="13"/>
						<String ID="P74_ST00192" HPOS="274" VPOS="1159" WIDTH="104" HEIGHT="26" CONTENT="Jesuits" WC="0.88" CC="0061000"/>
						<SP ID="P74_SP00168" HPOS="378" VPOS="1195" WIDTH="21"/>
						<String ID="P74_ST00193" HPOS="399" VPOS="1160" WIDTH="54" HEIGHT="26" CONTENT="and" WC="0.83" CC="040"/>
						<SP ID="P74_SP00169" HPOS="453" VPOS="1195" WIDTH="15"/>
						<String ID="P74_ST00194" HPOS="468" VPOS="1161" WIDTH="91" HEIGHT="26" CONTENT="others" WC="0.72" CC="035007"/>
						<SP ID="P74_SP00170" HPOS="559" VPOS="1195" WIDTH="14"/>
						<String ID="P74_ST00195" HPOS="573" VPOS="1161" WIDTH="186" HEIGHT="35" CONTENT="immediately" WC="0.83" CC="00400301008"/>
						<SP ID="P74_SP00171" HPOS="759" VPOS="1196" WIDTH="15"/>
						<String ID="P74_ST00196" HPOS="774" VPOS="1162" WIDTH="64" HEIGHT="25" CONTENT="took" WC="0.98" CC="0000"/>
						<SP ID="P74_SP00172" HPOS="838" VPOS="1196" WIDTH="15"/>
						<String ID="P74_ST00197" HPOS="853" VPOS="1161" WIDTH="43" HEIGHT="27" CONTENT="the" WC="0.80" CC="050"/>
					</TextLine>
					<TextLine ID="P74_TL00026" HPOS="84" VPOS="1206" WIDTH="813" HEIGHT="38">
						<String ID="P74_ST00198" HPOS="84" VPOS="1206" WIDTH="97" HEIGHT="35" CONTENT="colony" WC="0.93" CC="000120"/>
						<SP ID="P74_SP00173" HPOS="181" VPOS="1241" WIDTH="13"/>
						<String ID="P74_ST00199" HPOS="194" VPOS="1206" WIDTH="86" HEIGHT="27" CONTENT="under" WC="0.79" CC="03600"/>
						<SP ID="P74_SP00174" HPOS="280" VPOS="1241" WIDTH="10"/>
						<String ID="P74_ST00200" HPOS="290" VPOS="1206" WIDTH="70" HEIGHT="27" CONTENT="their" WC="0.47" CC="65039"/>
						<SP ID="P74_SP00175" HPOS="360" VPOS="1241" WIDTH="14"/>
						<String ID="P74_ST00201" HPOS="374" VPOS="1207" WIDTH="125" HEIGHT="35" CONTENT="spiritual" WC="0.87" CC="502010010"/>
						<SP ID="P74_SP00176" HPOS="499" VPOS="1242" WIDTH="14"/>
						<String ID="P74_ST00202" HPOS="513" VPOS="1208" WIDTH="110" HEIGHT="36" CONTENT="charge," WC="0.76" CC="0754000"/>
						<SP ID="P74_SP00177" HPOS="623" VPOS="1244" WIDTH="15"/>
						<String ID="P74_ST00203" HPOS="638" VPOS="1208" WIDTH="105" HEIGHT="26" CONTENT="erected" WC="0.86" CC="0501200"/>
						<SP ID="P74_SP00178" HPOS="743" VPOS="1244" WIDTH="12"/>
						<String ID="P74_ST00204" HPOS="755" VPOS="1209" WIDTH="142" HEIGHT="30" CONTENT="churches," WC="0.70" CC="060407070"/>
					</TextLine>
					<TextLine ID="P74_TL00027" HPOS="85" VPOS="1254" WIDTH="813" HEIGHT="37">
						<String ID="P74_ST00205" HPOS="85" VPOS="1254" WIDTH="120" HEIGHT="25" CONTENT="founded" WC="0.67" CC="6663000"/>
						<SP ID="P74_SP00179" HPOS="205" VPOS="1279" WIDTH="26"/>
						<String ID="P74_ST00206" HPOS="231" VPOS="1262" WIDTH="16" HEIGHT="17" CONTENT="a" WC="1.00" CC="0"/>
						<SP ID="P74_SP00180" HPOS="247" VPOS="1279" WIDTH="24"/>
						<String ID="P74_ST00207" HPOS="271" VPOS="1258" WIDTH="156" HEIGHT="31" CONTENT="monastery" WC="0.73" CC="517304000"/>
						<SP ID="P74_SP00181" HPOS="427" VPOS="1289" WIDTH="25"/>
						<String ID="P74_ST00208" HPOS="452" VPOS="1255" WIDTH="54" HEIGHT="25" CONTENT="and" WC="0.55" CC="660"/>
						<SP ID="P74_SP00182" HPOS="506" VPOS="1289" WIDTH="23"/>
						<String ID="P74_ST00209" HPOS="529" VPOS="1256" WIDTH="114" HEIGHT="35" CONTENT="college," WC="0.71" CC="06200904"/>
						<SP ID="P74_SP00183" HPOS="643" VPOS="1291" WIDTH="33"/>
						<String ID="P74_ST00210" HPOS="676" VPOS="1256" WIDTH="53" HEIGHT="26" CONTENT="and" WC="0.63" CC="550"/>
						<SP ID="P74_SP00184" HPOS="729" VPOS="1291" WIDTH="28"/>
						<String ID="P74_ST00211" HPOS="757" VPOS="1256" WIDTH="105" HEIGHT="35" CONTENT="opened" WC="0.83" CC="090000"/>
						<SP ID="P74_SP00185" HPOS="862" VPOS="1291" WIDTH="21"/>
						<String ID="P74_ST00212" HPOS="883" VPOS="1265" WIDTH="15" HEIGHT="17" CONTENT="a" WC="0.06" CC="9"/>
					</TextLine>
					<TextLine ID="P74_TL00028" HPOS="85" VPOS="1300" WIDTH="813" HEIGHT="38">
						<String ID="P74_ST00213" HPOS="85" VPOS="1300" WIDTH="232" HEIGHT="27" CONTENT="communication" WC="0.93" CC="0130030000000"/>
						<SP ID="P74_SP00186" HPOS="317" VPOS="1327" WIDTH="14"/>
						<String ID="P74_ST00214" HPOS="331" VPOS="1300" WIDTH="66" HEIGHT="27" CONTENT="with" WC="0.58" CC="8106"/>
						<SP ID="P74_SP00187" HPOS="397" VPOS="1327" WIDTH="25"/>
						<String ID="P74_ST00215" HPOS="422" VPOS="1300" WIDTH="128" HEIGHT="28" CONTENT="different" WC="0.92" CC="010001040"/>
						<SP ID="P74_SP00188" HPOS="550" VPOS="1328" WIDTH="20"/>
						<String ID="P74_ST00216" HPOS="570" VPOS="1306" WIDTH="75" HEIGHT="32" CONTENT="parts" WC="0.88" CC="01040"/>
						<SP ID="P74_SP00189" HPOS="645" VPOS="1338" WIDTH="21"/>
						<String ID="P74_ST00217" HPOS="666" VPOS="1303" WIDTH="32" HEIGHT="25" CONTENT="of" WC="1.00" CC="00"/>
						<SP ID="P74_SP00190" HPOS="698" VPOS="1338" WIDTH="15"/>
						<String ID="P74_ST00218" HPOS="713" VPOS="1303" WIDTH="47" HEIGHT="26" CONTENT="the" WC="0.72" CC="170"/>
						<SP ID="P74_SP00191" HPOS="760" VPOS="1338" WIDTH="21"/>
						<String ID="P74_ST00219" HPOS="781" VPOS="1303" WIDTH="117" HEIGHT="27" CONTENT="interior." WC="0.81" CC="240000090"/>
					</TextLine>
					<TextLine ID="P74_TL00029" HPOS="86" VPOS="1346" WIDTH="813" HEIGHT="36">
						<String ID="P74_ST00220" HPOS="86" VPOS="1346" WIDTH="28" HEIGHT="26" CONTENT="If" WC="0.81" CC="30"/>
						<SP ID="P74_SP00192" HPOS="114" VPOS="1372" WIDTH="18"/>
						<String ID="P74_ST00221" HPOS="132" VPOS="1346" WIDTH="45" HEIGHT="26" CONTENT="the" WC="0.94" CC="100"/>
						<SP ID="P74_SP00193" HPOS="177" VPOS="1372" WIDTH="15"/>
						<String ID="P74_ST00222" HPOS="192" VPOS="1346" WIDTH="91" HEIGHT="36" CONTENT="purity" WC="0.68" CC="904040"/>
						<SP ID="P74_SP00194" HPOS="283" VPOS="1382" WIDTH="14"/>
						<String ID="P74_ST00223" HPOS="297" VPOS="1346" WIDTH="32" HEIGHT="26" CONTENT="of" WC="1.00" CC="00"/>
						<SP ID="P74_SP00195" HPOS="329" VPOS="1382" WIDTH="17"/>
						<String ID="P74_ST00224" HPOS="346" VPOS="1346" WIDTH="69" HEIGHT="27" CONTENT="their" WC="0.59" CC="66016"/>
						<SP ID="P74_SP00196" HPOS="415" VPOS="1382" WIDTH="15"/>
						<String ID="P74_ST00225" HPOS="430" VPOS="1347" WIDTH="68" HEIGHT="26" CONTENT="faith" WC="0.81" CC="00045"/>
						<SP ID="P74_SP00197" HPOS="498" VPOS="1382" WIDTH="15"/>
						<String ID="P74_ST00226" HPOS="513" VPOS="1349" WIDTH="55" HEIGHT="26" CONTENT="had" WC="0.67" CC="090"/>
						<SP ID="P74_SP00198" HPOS="568" VPOS="1382" WIDTH="15"/>
						<String ID="P74_ST00227" HPOS="583" VPOS="1349" WIDTH="173" HEIGHT="28" CONTENT="harmonized" WC="0.69" CC="6660073000"/>
						<SP ID="P74_SP00199" HPOS="756" VPOS="1382" WIDTH="17"/>
						<String ID="P74_ST00228" HPOS="773" VPOS="1349" WIDTH="64" HEIGHT="28" CONTENT="with" WC="0.47" CC="9055"/>
						<SP ID="P74_SP00200" HPOS="837" VPOS="1382" WIDTH="16"/>
						<String ID="P74_ST00229" HPOS="853" VPOS="1349" WIDTH="46" HEIGHT="28" CONTENT="the" WC="0.57" CC="660"/>
					</TextLine>
					<TextLine ID="P74_TL00030" HPOS="84" VPOS="1393" WIDTH="815" HEIGHT="39">
						<String ID="P74_ST00230" HPOS="84" VPOS="1393" WIDTH="71" HEIGHT="26" CONTENT="force" WC="0.83" CC="02401"/>
						<SP ID="P74_SP00201" HPOS="155" VPOS="1419" WIDTH="17"/>
						<String ID="P74_ST00231" HPOS="172" VPOS="1393" WIDTH="31" HEIGHT="26" CONTENT="of" WC="1.00" CC="00"/>
						<SP ID="P74_SP00202" HPOS="203" VPOS="1419" WIDTH="16"/>
						<String ID="P74_ST00232" HPOS="219" VPOS="1393" WIDTH="71" HEIGHT="26" CONTENT="their" WC="0.70" CC="36500"/>
						<SP ID="P74_SP00203" HPOS="290" VPOS="1419" WIDTH="13"/>
						<String ID="P74_ST00233" HPOS="303" VPOS="1394" WIDTH="155" HEIGHT="34" CONTENT="misguided" WC="0.77" CC="103906000"/>
						<SP ID="P74_SP00204" HPOS="458" VPOS="1428" WIDTH="16"/>
						<String ID="P74_ST00234" HPOS="474" VPOS="1395" WIDTH="66" HEIGHT="32" CONTENT="zeal," WC="0.60" CC="50554"/>
						<SP ID="P74_SP00205" HPOS="540" VPOS="1428" WIDTH="22"/>
						<String ID="P74_ST00235" HPOS="562" VPOS="1395" WIDTH="77" HEIGHT="27" CONTENT="there" WC="0.80" CC="54000"/>
						<SP ID="P74_SP00206" HPOS="639" VPOS="1428" WIDTH="22"/>
						<String ID="P74_ST00236" HPOS="661" VPOS="1396" WIDTH="23" HEIGHT="26" CONTENT="is" WC="0.96" CC="00"/>
						<SP ID="P74_SP00207" HPOS="684" VPOS="1428" WIDTH="22"/>
						<String ID="P74_ST00237" HPOS="706" VPOS="1406" WIDTH="80" HEIGHT="26" CONTENT="every" WC="0.99" CC="00000"/>
						<SP ID="P74_SP00208" HPOS="786" VPOS="1432" WIDTH="20"/>
						<String ID="P74_ST00238" HPOS="806" VPOS="1406" WIDTH="93" HEIGHT="18" CONTENT="reason" WC="0.73" CC="506003"/>
					</TextLine>
					<TextLine ID="P74_TL00031" HPOS="84" VPOS="1439" WIDTH="814" HEIGHT="36">
						<String ID="P74_ST00239" HPOS="84" VPOS="1443" WIDTH="28" HEIGHT="22" CONTENT="to" WC="0.76" CC="40"/>
						<SP ID="P74_SP00209" HPOS="112" VPOS="1465" WIDTH="9"/>
						<String ID="P74_ST00240" HPOS="121" VPOS="1439" WIDTH="101" HEIGHT="26" CONTENT="believe" WC="1.00" CC="0000000"/>
						<SP ID="P74_SP00210" HPOS="222" VPOS="1465" WIDTH="11"/>
						<String ID="P74_ST00241" HPOS="233" VPOS="1439" WIDTH="61" HEIGHT="26" CONTENT="that" WC="0.71" CC="2602"/>
						<SP ID="P74_SP00211" HPOS="294" VPOS="1465" WIDTH="11"/>
						<String ID="P74_ST00242" HPOS="305" VPOS="1440" WIDTH="54" HEIGHT="26" CONTENT="this" WC="0.95" CC="1000"/>
						<SP ID="P74_SP00212" HPOS="359" VPOS="1466" WIDTH="12"/>
						<String ID="P74_ST00243" HPOS="371" VPOS="1440" WIDTH="96" HEIGHT="35" CONTENT="Pagan" WC="0.53" CC="44903"/>
						<SP ID="P74_SP00213" HPOS="467" VPOS="1475" WIDTH="12"/>
						<String ID="P74_ST00244" HPOS="479" VPOS="1441" WIDTH="100" HEIGHT="34" CONTENT="empire" WC="0.90" CC="000600"/>
						<SP ID="P74_SP00214" HPOS="579" VPOS="1475" WIDTH="10"/>
						<String ID="P74_ST00245" HPOS="589" VPOS="1443" WIDTH="88" HEIGHT="26" CONTENT="would" WC="0.84" CC="80000"/>
						<SP ID="P74_SP00215" HPOS="677" VPOS="1475" WIDTH="12"/>
						<String ID="P74_ST00246" HPOS="689" VPOS="1443" WIDTH="69" HEIGHT="28" CONTENT="have" WC="1.00" CC="0000"/>
						<SP ID="P74_SP00216" HPOS="758" VPOS="1475" WIDTH="13"/>
						<String ID="P74_ST00247" HPOS="771" VPOS="1443" WIDTH="127" HEIGHT="28" CONTENT="assumed" WC="0.62" CC="5320707"/>
					</TextLine>
				</TextBlock>
			</PrintSpace>
		</Page>
	</Layout>
</alto>
