<?xml version="1.0" encoding="UTF-8"?>
<alto xmlns:xsi="http://www.w3.org/2001/XMLSchema-instance" xsi:noNamespaceSchemaLocation="http://www.bl.uk/schemas/alto/alto-1-4.xsd" xmlns:xlink="http://www.w3.org/1999/xlink">
	<Description>
		<MeasurementUnit>mm10</MeasurementUnit>
		<sourceImageInformation>
			<fileName>//head1/IN/2008-15/A0011390163/004936.jp2</fileName>
		</sourceImageInformation>
		<OCRProcessing ID="OCRPROCESSING_1">
			<preProcessingStep>
				<processingSoftware>
					<softwareCreator>CCS Content Conversion Specialists GmbH, Germany</softwareCreator>
					<softwareName>CCS docWORKS</softwareName>
					<softwareVersion>6.1-0.67</softwareVersion>
				</processingSoftware>
			</preProcessingStep>
			<ocrProcessingStep>
				<processingSoftware>
					<softwareCreator>ABBYY (BIT Software), Russia</softwareCreator>
					<softwareName>Finereader</softwareName>
				</processingSoftware>
			</ocrProcessingStep>
		</OCRProcessing>
	</Description>
	<Styles>
		<TextStyle ID="TXT_0" FONTSIZE="10" FONTFAMILY="Courier New"/>
		<TextStyle ID="TXT_1" FONTSIZE="9" FONTFAMILY="Courier New"/>
		<ParagraphStyle ID="PAR_LEFT" ALIGN="Left"/>
		<ParagraphStyle ID="PAR_CENTER" ALIGN="Center"/>
	</Styles>
	<Layout>
		<Page ID="P168" PHYSICAL_IMG_NR="168" HEIGHT="1595" WIDTH="960" PRINTED_IMG_NR="130" POSITION="Left" ACCURACY="82.40">
			<TopMargin ID="P168_TM00001" HPOS="0" VPOS="0" WIDTH="960" HEIGHT="86">
				<TextBlock ID="P168_TB00001" HPOS="83" VPOS="58" WIDTH="49" HEIGHT="26" STYLEREFS="TXT_0 PAR_LEFT">
					<TextLine ID="P168_TL00001" HPOS="85" VPOS="59" WIDTH="47" HEIGHT="25">
						<String ID="P168_ST00001" HPOS="85" VPOS="59" WIDTH="47" HEIGHT="25" CONTENT="130" WC="0.77" CC="230"/>
					</TextLine>
				</TextBlock>
				<TextBlock ID="P168_TB00002" HPOS="341" VPOS="67" WIDTH="290" HEIGHT="17" STYLEREFS="TXT_1 PAR_CENTER">
					<TextLine ID="P168_TL00002" HPOS="341" VPOS="68" WIDTH="290" HEIGHT="16">
						<String ID="P168_ST00002" HPOS="341" VPOS="68" WIDTH="135" HEIGHT="16" CONTENT="PASSAGE" WC="0.72" CC="7000740"/>
						<SP ID="P168_SP00001" HPOS="476" VPOS="84" WIDTH="16"/>
						<String ID="P168_ST00003" HPOS="492" VPOS="69" WIDTH="38" HEIGHT="15" CONTENT="TO" WC="0.66" CC="60"/>
						<SP ID="P168_SP00002" HPOS="530" VPOS="84" WIDTH="16"/>
						<String ID="P168_ST00004" HPOS="546" VPOS="68" WIDTH="85" HEIGHT="16" CONTENT="JAVA." WC="0.93" CC="00300"/>
					</TextLine>
				</TextBlock>
			</TopMargin>
			<LeftMargin ID="P168_LM00001" HPOS="0" VPOS="86" WIDTH="79" HEIGHT="1165"/>
			<RightMargin ID="P168_RM00001" HPOS="894" VPOS="86" WIDTH="66" HEIGHT="1165"/>
			<BottomMargin ID="P168_BM00001" HPOS="0" VPOS="1251" WIDTH="960" HEIGHT="344"/>
			<PrintSpace ID="P168_PS00001" HPOS="79" VPOS="86" WIDTH="815" HEIGHT="1165">
				<TextBlock ID="P168_TB00003" HPOS="79" VPOS="126" WIDTH="813" HEIGHT="85" STYLEREFS="TXT_1 PAR_LEFT">
					<TextLine ID="P168_TL00003" HPOS="80" VPOS="126" WIDTH="812" HEIGHT="37">
						<String ID="P168_ST00005" HPOS="80" VPOS="137" WIDTH="53" HEIGHT="20" CONTENT="two" WC="1.00" CC="000"/>
						<SP ID="P168_SP00003" HPOS="133" VPOS="157" WIDTH="23"/>
						<String ID="P168_ST00006" HPOS="156" VPOS="140" WIDTH="29" HEIGHT="17" CONTENT="or" WC="1.00" CC="00"/>
						<SP ID="P168_SP00004" HPOS="185" VPOS="157" WIDTH="23"/>
						<String ID="P168_ST00007" HPOS="208" VPOS="129" WIDTH="74" HEIGHT="27" CONTENT="three" WC="0.86" CC="06000"/>
						<SP ID="P168_SP00005" HPOS="282" VPOS="157" WIDTH="24"/>
						<String ID="P168_ST00008" HPOS="306" VPOS="131" WIDTH="79" HEIGHT="25" CONTENT="small" WC="0.64" CC="09304"/>
						<SP ID="P168_SP00006" HPOS="385" VPOS="157" WIDTH="23"/>
						<String ID="P168_ST00009" HPOS="408" VPOS="139" WIDTH="109" HEIGHT="23" CONTENT="canoes," WC="0.85" CC="0510003"/>
						<SP ID="P168_SP00007" HPOS="517" VPOS="162" WIDTH="18"/>
						<String ID="P168_ST00010" HPOS="535" VPOS="128" WIDTH="119" HEIGHT="27" CONTENT="manned" WC="0.66" CC="516006"/>
						<SP ID="P168_SP00008" HPOS="654" VPOS="162" WIDTH="19"/>
						<String ID="P168_ST00011" HPOS="673" VPOS="128" WIDTH="37" HEIGHT="35" CONTENT="by" WC="0.67" CC="06"/>
						<SP ID="P168_SP00009" HPOS="710" VPOS="163" WIDTH="15"/>
						<String ID="P168_ST00012" HPOS="725" VPOS="126" WIDTH="167" HEIGHT="34" CONTENT="half-naked," WC="0.70" CC="30621508004"/>
					</TextLine>
					<TextLine ID="P168_TL00004" HPOS="80" VPOS="174" WIDTH="789" HEIGHT="37">
						<String ID="P168_ST00013" HPOS="80" VPOS="187" WIDTH="75" HEIGHT="24" CONTENT="puny" WC="0.44" CC="9048"/>
						<SP ID="P168_SP00010" HPOS="155" VPOS="211" WIDTH="14"/>
						<String ID="P168_ST00014" HPOS="169" VPOS="176" WIDTH="113" HEIGHT="32" CONTENT="natives," WC="0.63" CC="62627040"/>
						<SP ID="P168_SP00011" HPOS="282" VPOS="211" WIDTH="15"/>
						<String ID="P168_ST00015" HPOS="297" VPOS="177" WIDTH="129" HEIGHT="34" CONTENT="bringing" WC="0.78" CC="04060050"/>
						<SP ID="P168_SP00012" HPOS="426" VPOS="211" WIDTH="14"/>
						<String ID="P168_ST00016" HPOS="440" VPOS="187" WIDTH="15" HEIGHT="16" CONTENT="a" WC="1.00" CC="0"/>
						<SP ID="P168_SP00013" HPOS="455" VPOS="211" WIDTH="14"/>
						<String ID="P168_ST00017" HPOS="469" VPOS="177" WIDTH="51" HEIGHT="26" CONTENT="few" WC="1.00" CC="000"/>
						<SP ID="P168_SP00014" HPOS="520" VPOS="211" WIDTH="14"/>
						<String ID="P168_ST00018" HPOS="534" VPOS="176" WIDTH="77" HEIGHT="27" CONTENT="fowls" WC="0.93" CC="00003"/>
						<SP ID="P168_SP00015" HPOS="611" VPOS="211" WIDTH="14"/>
						<String ID="P168_ST00019" HPOS="625" VPOS="181" WIDTH="28" HEIGHT="21" CONTENT="to" WC="1.00" CC="00"/>
						<SP ID="P168_SP00016" HPOS="653" VPOS="211" WIDTH="14"/>
						<String ID="P168_ST00020" HPOS="667" VPOS="175" WIDTH="48" HEIGHT="27" CONTENT="sell" WC="0.91" CC="0030"/>
						<SP ID="P168_SP00017" HPOS="715" VPOS="211" WIDTH="15"/>
						<String ID="P168_ST00021" HPOS="730" VPOS="183" WIDTH="29" HEIGHT="17" CONTENT="or" WC="1.00" CC="00"/>
						<SP ID="P168_SP00018" HPOS="759" VPOS="211" WIDTH="13"/>
						<String ID="P168_ST00022" HPOS="772" VPOS="174" WIDTH="97" HEIGHT="28" CONTENT="barter." WC="0.84" CC="0440000"/>
					</TextLine>
				</TextBlock>
				<TextBlock ID="P168_TB00004" HPOS="80" VPOS="220" WIDTH="811" HEIGHT="273" STYLEREFS="TXT_1 PAR_LEFT">
					<TextLine ID="P168_TL00005" HPOS="117" VPOS="220" WIDTH="774" HEIGHT="39">
						<String ID="P168_ST00023" HPOS="117" VPOS="225" WIDTH="25" HEIGHT="24" CONTENT="A" WC="1.00" CC="0"/>
						<SP ID="P168_SP00019" HPOS="142" VPOS="249" WIDTH="16"/>
						<String ID="P168_ST00024" HPOS="158" VPOS="224" WIDTH="49" HEIGHT="26" CONTENT="few" WC="1.00" CC="000"/>
						<SP ID="P168_SP00020" HPOS="207" VPOS="250" WIDTH="14"/>
						<String ID="P168_ST00025" HPOS="221" VPOS="223" WIDTH="82" HEIGHT="27" CONTENT="hours" WC="0.84" CC="60001"/>
						<SP ID="P168_SP00021" HPOS="303" VPOS="250" WIDTH="21"/>
						<String ID="P168_ST00026" HPOS="324" VPOS="224" WIDTH="69" HEIGHT="26" CONTENT="after" WC="1.00" CC="00000"/>
						<SP ID="P168_SP00022" HPOS="393" VPOS="250" WIDTH="12"/>
						<String ID="P168_ST00027" HPOS="405" VPOS="224" WIDTH="110" HEIGHT="35" CONTENT="leaving" WC="0.58" CC="0009459"/>
						<SP ID="P168_SP00023" HPOS="515" VPOS="259" WIDTH="22"/>
						<String ID="P168_ST00028" HPOS="537" VPOS="223" WIDTH="139" HEIGHT="31" CONTENT="Sumatra," WC="0.80" CC="62000033"/>
						<SP ID="P168_SP00024" HPOS="676" VPOS="259" WIDTH="22"/>
						<String ID="P168_ST00029" HPOS="698" VPOS="221" WIDTH="46" HEIGHT="27" CONTENT="the" WC="0.78" CC="060"/>
						<SP ID="P168_SP00025" HPOS="744" VPOS="259" WIDTH="22"/>
						<String ID="P168_ST00030" HPOS="766" VPOS="220" WIDTH="61" HEIGHT="37" CONTENT="ship" WC="0.82" CC="0700"/>
						<SP ID="P168_SP00026" HPOS="827" VPOS="259" WIDTH="15"/>
						<String ID="P168_ST00031" HPOS="842" VPOS="231" WIDTH="49" HEIGHT="17" CONTENT="was" WC="0.66" CC="036"/>
					</TextLine>
					<TextLine ID="P168_TL00006" HPOS="81" VPOS="269" WIDTH="810" HEIGHT="38">
						<String ID="P168_ST00032" HPOS="81" VPOS="270" WIDTH="80" HEIGHT="37" CONTENT="again" WC="0.71" CC="09004"/>
						<SP ID="P168_SP00027" HPOS="161" VPOS="307" WIDTH="15"/>
						<String ID="P168_ST00033" HPOS="176" VPOS="270" WIDTH="89" HEIGHT="37" CONTENT="riding" WC="0.73" CC="400009"/>
						<SP ID="P168_SP00028" HPOS="265" VPOS="307" WIDTH="14"/>
						<String ID="P168_ST00034" HPOS="279" VPOS="275" WIDTH="28" HEIGHT="22" CONTENT="at" WC="0.78" CC="04"/>
						<SP ID="P168_SP00029" HPOS="307" VPOS="307" WIDTH="14"/>
						<String ID="P168_ST00035" HPOS="321" VPOS="271" WIDTH="110" HEIGHT="31" CONTENT="anchor," WC="0.71" CC="7705000"/>
						<SP ID="P168_SP00030" HPOS="431" VPOS="307" WIDTH="21"/>
						<String ID="P168_ST00036" HPOS="452" VPOS="271" WIDTH="111" HEIGHT="26" CONTENT="abreast" WC="0.90" CC="0020040"/>
						<SP ID="P168_SP00031" HPOS="563" VPOS="307" WIDTH="13"/>
						<String ID="P168_ST00037" HPOS="576" VPOS="270" WIDTH="30" HEIGHT="27" CONTENT="of" WC="1.00" CC="00"/>
						<SP ID="P168_SP00032" HPOS="606" VPOS="307" WIDTH="18"/>
						<String ID="P168_ST00038" HPOS="624" VPOS="269" WIDTH="114" HEIGHT="36" CONTENT="Angier." WC="0.80" CC="0090003"/>
						<SP ID="P168_SP00033" HPOS="738" VPOS="307" WIDTH="39"/>
						<String ID="P168_ST00039" HPOS="777" VPOS="269" WIDTH="38" HEIGHT="26" CONTENT="As" WC="0.72" CC="05"/>
						<SP ID="P168_SP00034" HPOS="815" VPOS="307" WIDTH="15"/>
						<String ID="P168_ST00040" HPOS="830" VPOS="278" WIDTH="61" HEIGHT="18" CONTENT="soon" WC="0.82" CC="0006"/>
					</TextLine>
					<TextLine ID="P168_TL00007" HPOS="82" VPOS="316" WIDTH="798" HEIGHT="36">
						<String ID="P168_ST00041" HPOS="82" VPOS="327" WIDTH="30" HEIGHT="17" CONTENT="as" WC="0.84" CC="03"/>
						<SP ID="P168_SP00035" HPOS="112" VPOS="344" WIDTH="15"/>
						<String ID="P168_ST00042" HPOS="127" VPOS="318" WIDTH="48" HEIGHT="26" CONTENT="she" WC="0.77" CC="510"/>
						<SP ID="P168_SP00036" HPOS="175" VPOS="344" WIDTH="15"/>
						<String ID="P168_ST00043" HPOS="190" VPOS="327" WIDTH="55" HEIGHT="17" CONTENT="was" WC="0.85" CC="030"/>
						<SP ID="P168_SP00037" HPOS="245" VPOS="344" WIDTH="13"/>
						<String ID="P168_ST00044" HPOS="258" VPOS="318" WIDTH="132" HEIGHT="32" CONTENT="descried," WC="0.87" CC="000024004"/>
						<SP ID="P168_SP00038" HPOS="390" VPOS="350" WIDTH="16"/>
						<String ID="P168_ST00045" HPOS="406" VPOS="318" WIDTH="80" HEIGHT="27" CONTENT="boats" WC="0.95" CC="20000"/>
						<SP ID="P168_SP00039" HPOS="486" VPOS="350" WIDTH="14"/>
						<String ID="P168_ST00046" HPOS="500" VPOS="326" WIDTH="68" HEIGHT="18" CONTENT="were" WC="1.00" CC="0000"/>
						<SP ID="P168_SP00040" HPOS="568" VPOS="350" WIDTH="15"/>
						<String ID="P168_ST00047" HPOS="583" VPOS="321" WIDTH="61" HEIGHT="22" CONTENT="sent" WC="0.91" CC="0030"/>
						<SP ID="P168_SP00041" HPOS="644" VPOS="350" WIDTH="14"/>
						<String ID="P168_ST00048" HPOS="658" VPOS="316" WIDTH="68" HEIGHT="27" CONTENT="from" WC="0.90" CC="0003"/>
						<SP ID="P168_SP00042" HPOS="726" VPOS="350" WIDTH="14"/>
						<String ID="P168_ST00049" HPOS="740" VPOS="316" WIDTH="47" HEIGHT="27" CONTENT="the" WC="0.81" CC="050"/>
						<SP ID="P168_SP00043" HPOS="787" VPOS="350" WIDTH="14"/>
						<String ID="P168_ST00050" HPOS="801" VPOS="317" WIDTH="79" HEIGHT="35" CONTENT="neigh" WC="0.71" CC="60502"/>
					</TextLine>
					<TextLine ID="P168_TL00008" HPOS="81" VPOS="364" WIDTH="810" HEIGHT="37">
						<String ID="P168_ST00051" HPOS="81" VPOS="365" WIDTH="117" HEIGHT="36" CONTENT="bouring" WC="0.84" CC="0004060"/>
						<SP ID="P168_SP00044" HPOS="198" VPOS="401" WIDTH="21"/>
						<String ID="P168_ST00052" HPOS="219" VPOS="364" WIDTH="112" HEIGHT="32" CONTENT="islands," WC="0.85" CC="05120020"/>
						<SP ID="P168_SP00045" HPOS="331" VPOS="401" WIDTH="23"/>
						<String ID="P168_ST00053" HPOS="354" VPOS="364" WIDTH="66" HEIGHT="27" CONTENT="with" WC="1.00" CC="0000"/>
						<SP ID="P168_SP00046" HPOS="420" VPOS="401" WIDTH="29"/>
						<String ID="P168_ST00054" HPOS="449" VPOS="365" WIDTH="119" HEIGHT="35" CONTENT="poultry," WC="0.72" CC="80606000"/>
						<SP ID="P168_SP00047" HPOS="568" VPOS="401" WIDTH="26"/>
						<String ID="P168_ST00055" HPOS="594" VPOS="373" WIDTH="89" HEIGHT="27" CONTENT="yams," WC="0.74" CC="80210"/>
						<SP ID="P168_SP00048" HPOS="683" VPOS="401" WIDTH="33"/>
						<String ID="P168_ST00056" HPOS="716" VPOS="364" WIDTH="73" HEIGHT="32" CONTENT="fruit," WC="0.86" CC="014100"/>
						<SP ID="P168_SP00049" HPOS="789" VPOS="401" WIDTH="23"/>
						<String ID="P168_ST00057" HPOS="812" VPOS="364" WIDTH="79" HEIGHT="32" CONTENT="birds," WC="0.96" CC="000010"/>
					</TextLine>
					<TextLine ID="P168_TL00009" HPOS="81" VPOS="411" WIDTH="810" HEIGHT="36">
						<String ID="P168_ST00058" HPOS="81" VPOS="411" WIDTH="141" HEIGHT="36" CONTENT="monkeys," WC="0.78" CC="81700000"/>
						<SP ID="P168_SP00050" HPOS="222" VPOS="447" WIDTH="20"/>
						<String ID="P168_ST00059" HPOS="242" VPOS="412" WIDTH="62" HEIGHT="31" CONTENT="&amp;c," WC="0.62" CC="280"/>
						<SP ID="P168_SP00051" HPOS="304" VPOS="447" WIDTH="20"/>
						<String ID="P168_ST00060" HPOS="324" VPOS="412" WIDTH="35" HEIGHT="26" CONTENT="all" WC="0.83" CC="040"/>
						<SP ID="P168_SP00052" HPOS="359" VPOS="447" WIDTH="20"/>
						<String ID="P168_ST00061" HPOS="379" VPOS="412" WIDTH="28" HEIGHT="26" CONTENT="in" WC="0.69" CC="06"/>
						<SP ID="P168_SP00053" HPOS="407" VPOS="447" WIDTH="25"/>
						<String ID="P168_ST00062" HPOS="432" VPOS="416" WIDTH="76" HEIGHT="31" CONTENT="great" WC="0.86" CC="00024"/>
						<SP ID="P168_SP00054" HPOS="508" VPOS="447" WIDTH="21"/>
						<String ID="P168_ST00063" HPOS="529" VPOS="412" WIDTH="174" HEIGHT="32" CONTENT="abundance," WC="0.92" CC="0000002004"/>
						<SP ID="P168_SP00055" HPOS="703" VPOS="447" WIDTH="21"/>
						<String ID="P168_ST00064" HPOS="724" VPOS="411" WIDTH="53" HEIGHT="26" CONTENT="and" WC="0.53" CC="049"/>
						<SP ID="P168_SP00056" HPOS="777" VPOS="447" WIDTH="24"/>
						<String ID="P168_ST00065" HPOS="801" VPOS="416" WIDTH="28" HEIGHT="22" CONTENT="at" WC="0.82" CC="30"/>
						<SP ID="P168_SP00057" HPOS="829" VPOS="447" WIDTH="20"/>
						<String ID="P168_ST00066" HPOS="849" VPOS="411" WIDTH="42" HEIGHT="27" CONTENT="the" WC="0.75" CC="070"/>
					</TextLine>
					<TextLine ID="P168_TL00010" HPOS="82" VPOS="459" WIDTH="311" HEIGHT="34">
						<String ID="P168_ST00067" HPOS="82" VPOS="463" WIDTH="71" HEIGHT="23" CONTENT="most" WC="0.61" CC="9050"/>
						<SP ID="P168_SP00058" HPOS="153" VPOS="486" WIDTH="13"/>
						<String ID="P168_ST00068" HPOS="166" VPOS="459" WIDTH="115" HEIGHT="27" CONTENT="reduced" WC="0.96" CC="2000000"/>
						<SP ID="P168_SP00059" HPOS="281" VPOS="486" WIDTH="16"/>
						<String ID="P168_ST00069" HPOS="297" VPOS="459" WIDTH="96" HEIGHT="34" CONTENT="prices." WC="0.94" CC="0300000"/>
					</TextLine>
				</TextBlock>
				<TextBlock ID="P168_TB00005" HPOS="81" VPOS="506" WIDTH="813" HEIGHT="745" STYLEREFS="TXT_1 PAR_LEFT">
					<TextLine ID="P168_TL00011" HPOS="118" VPOS="507" WIDTH="775" HEIGHT="36">
						<String ID="P168_ST00070" HPOS="118" VPOS="507" WIDTH="57" HEIGHT="26" CONTENT="The" WC="0.96" CC="010"/>
						<SP ID="P168_SP00060" HPOS="175" VPOS="533" WIDTH="23"/>
						<String ID="P168_ST00071" HPOS="198" VPOS="512" WIDTH="72" HEIGHT="22" CONTENT="most" WC="0.91" CC="0030"/>
						<SP ID="P168_SP00061" HPOS="270" VPOS="534" WIDTH="23"/>
						<String ID="P168_ST00072" HPOS="293" VPOS="507" WIDTH="118" HEIGHT="36" CONTENT="striking" WC="0.75" CC="30000149"/>
						<SP ID="P168_SP00062" HPOS="411" VPOS="543" WIDTH="24"/>
						<String ID="P168_ST00073" HPOS="435" VPOS="507" WIDTH="159" HEIGHT="36" CONTENT="peculiarity" WC="0.76" CC="60013110209"/>
						<SP ID="P168_SP00063" HPOS="594" VPOS="543" WIDTH="22"/>
						<String ID="P168_ST00074" HPOS="616" VPOS="507" WIDTH="31" HEIGHT="26" CONTENT="of" WC="0.69" CC="06"/>
						<SP ID="P168_SP00064" HPOS="647" VPOS="543" WIDTH="22"/>
						<String ID="P168_ST00075" HPOS="669" VPOS="507" WIDTH="47" HEIGHT="26" CONTENT="the" WC="0.80" CC="050"/>
						<SP ID="P168_SP00065" HPOS="716" VPOS="543" WIDTH="22"/>
						<String ID="P168_ST00076" HPOS="738" VPOS="507" WIDTH="113" HEIGHT="33" CONTENT="natives," WC="0.60" CC="68018024"/>
						<SP ID="P168_SP00066" HPOS="851" VPOS="543" WIDTH="22"/>
						<String ID="P168_ST00077" HPOS="873" VPOS="507" WIDTH="20" HEIGHT="26" CONTENT="is" WC="0.73" CC="05"/>
					</TextLine>
					<TextLine ID="P168_TL00012" HPOS="81" VPOS="553" WIDTH="812" HEIGHT="37">
						<String ID="P168_ST00078" HPOS="81" VPOS="555" WIDTH="46" HEIGHT="26" CONTENT="the" WC="0.86" CC="040"/>
						<SP ID="P168_SP00067" HPOS="127" VPOS="581" WIDTH="13"/>
						<String ID="P168_ST00079" HPOS="140" VPOS="554" WIDTH="126" HEIGHT="27" CONTENT="artificial" WC="0.67" CC="7600770004"/>
						<SP ID="P168_SP00068" HPOS="266" VPOS="581" WIDTH="14"/>
						<String ID="P168_ST00080" HPOS="280" VPOS="554" WIDTH="83" HEIGHT="35" CONTENT="shape" WC="0.66" CC="07900"/>
						<SP ID="P168_SP00069" HPOS="363" VPOS="589" WIDTH="21"/>
						<String ID="P168_ST00081" HPOS="384" VPOS="554" WIDTH="54" HEIGHT="26" CONTENT="and" WC="0.76" CC="070"/>
						<SP ID="P168_SP00070" HPOS="438" VPOS="589" WIDTH="14"/>
						<String ID="P168_ST00082" HPOS="452" VPOS="554" WIDTH="93" HEIGHT="27" CONTENT="colour" WC="0.87" CC="000051"/>
						<SP ID="P168_SP00071" HPOS="545" VPOS="589" WIDTH="13"/>
						<String ID="P168_ST00083" HPOS="558" VPOS="554" WIDTH="32" HEIGHT="27" CONTENT="of" WC="0.94" CC="10"/>
						<SP ID="P168_SP00072" HPOS="590" VPOS="589" WIDTH="17"/>
						<String ID="P168_ST00084" HPOS="607" VPOS="554" WIDTH="70" HEIGHT="26" CONTENT="their" WC="0.69" CC="06035"/>
						<SP ID="P168_SP00073" HPOS="677" VPOS="589" WIDTH="19"/>
						<String ID="P168_ST00085" HPOS="696" VPOS="553" WIDTH="85" HEIGHT="28" CONTENT="teeth." WC="0.73" CC="000474"/>
						<SP ID="P168_SP00074" HPOS="781" VPOS="589" WIDTH="39"/>
						<String ID="P168_ST00086" HPOS="820" VPOS="554" WIDTH="73" HEIGHT="36" CONTENT="They" WC="0.85" CC="0500"/>
					</TextLine>
					<TextLine ID="P168_TL00013" HPOS="81" VPOS="601" WIDTH="809" HEIGHT="36">
						<String ID="P168_ST00087" HPOS="81" VPOS="601" WIDTH="127" HEIGHT="27" CONTENT="conceive" WC="0.88" CC="00300600"/>
						<SP ID="P168_SP00075" HPOS="208" VPOS="628" WIDTH="15"/>
						<String ID="P168_ST00088" HPOS="223" VPOS="601" WIDTH="21" HEIGHT="27" CONTENT="it" WC="1.00" CC="00"/>
						<SP ID="P168_SP00076" HPOS="244" VPOS="628" WIDTH="13"/>
						<String ID="P168_ST00089" HPOS="257" VPOS="611" WIDTH="15" HEIGHT="16" CONTENT="a" WC="0.16" CC="8"/>
						<SP ID="P168_SP00077" HPOS="272" VPOS="628" WIDTH="13"/>
						<String ID="P168_ST00090" HPOS="285" VPOS="601" WIDTH="77" HEIGHT="27" CONTENT="mark" WC="0.89" CC="0040"/>
						<SP ID="P168_SP00078" HPOS="362" VPOS="628" WIDTH="14"/>
						<String ID="P168_ST00091" HPOS="376" VPOS="601" WIDTH="31" HEIGHT="28" CONTENT="of" WC="1.00" CC="00"/>
						<SP ID="P168_SP00079" HPOS="407" VPOS="629" WIDTH="10"/>
						<String ID="P168_ST00092" HPOS="417" VPOS="601" WIDTH="110" HEIGHT="35" CONTENT="beauty," WC="0.88" CC="8000000"/>
						<SP ID="P168_SP00080" HPOS="527" VPOS="636" WIDTH="14"/>
						<String ID="P168_ST00093" HPOS="541" VPOS="610" WIDTH="75" HEIGHT="18" CONTENT="some" WC="1.00" CC="0000"/>
						<SP ID="P168_SP00081" HPOS="616" VPOS="636" WIDTH="14"/>
						<String ID="P168_ST00094" HPOS="630" VPOS="611" WIDTH="49" HEIGHT="26" CONTENT="say" WC="0.74" CC="007"/>
						<SP ID="P168_SP00082" HPOS="679" VPOS="637" WIDTH="15"/>
						<String ID="P168_ST00095" HPOS="694" VPOS="601" WIDTH="30" HEIGHT="27" CONTENT="of" WC="1.00" CC="00"/>
						<SP ID="P168_SP00083" HPOS="724" VPOS="637" WIDTH="10"/>
						<String ID="P168_ST00096" HPOS="734" VPOS="601" WIDTH="156" HEIGHT="27" CONTENT="distinction" WC="0.74" CC="01333306005"/>
					</TextLine>
					<TextLine ID="P168_TL00014" HPOS="82" VPOS="647" WIDTH="811" HEIGHT="37">
						<String ID="P168_ST00097" HPOS="82" VPOS="650" WIDTH="67" HEIGHT="26" CONTENT="from" WC="0.75" CC="3005"/>
						<SP ID="P168_SP00084" HPOS="149" VPOS="676" WIDTH="15"/>
						<String ID="P168_ST00098" HPOS="164" VPOS="649" WIDTH="46" HEIGHT="27" CONTENT="the" WC="0.84" CC="400"/>
						<SP ID="P168_SP00085" HPOS="210" VPOS="676" WIDTH="21"/>
						<String ID="P168_ST00099" HPOS="231" VPOS="650" WIDTH="78" HEIGHT="25" CONTENT="brute" WC="0.90" CC="03100"/>
						<SP ID="P168_SP00086" HPOS="309" VPOS="676" WIDTH="20"/>
						<String ID="P168_ST00100" HPOS="329" VPOS="649" WIDTH="130" HEIGHT="32" CONTENT="creation," WC="0.76" CC="000702074"/>
						<SP ID="P168_SP00087" HPOS="459" VPOS="681" WIDTH="24"/>
						<String ID="P168_ST00101" HPOS="483" VPOS="653" WIDTH="28" HEIGHT="22" CONTENT="to" WC="1.00" CC="00"/>
						<SP ID="P168_SP00088" HPOS="511" VPOS="681" WIDTH="21"/>
						<String ID="P168_ST00102" HPOS="532" VPOS="657" WIDTH="64" HEIGHT="27" CONTENT="pass" WC="0.69" CC="0650"/>
						<SP ID="P168_SP00089" HPOS="596" VPOS="684" WIDTH="24"/>
						<String ID="P168_ST00103" HPOS="620" VPOS="658" WIDTH="16" HEIGHT="16" CONTENT="a" WC="1.00" CC="0"/>
						<SP ID="P168_SP00090" HPOS="636" VPOS="684" WIDTH="23"/>
						<String ID="P168_ST00104" HPOS="659" VPOS="648" WIDTH="44" HEIGHT="26" CONTENT="file" WC="0.85" CC="0005"/>
						<SP ID="P168_SP00091" HPOS="703" VPOS="684" WIDTH="14"/>
						<String ID="P168_ST00105" HPOS="717" VPOS="647" WIDTH="176" HEIGHT="37" CONTENT="horizontally" WC="0.75" CC="603300601009"/>
					</TextLine>
					<TextLine ID="P168_TL00015" HPOS="82" VPOS="695" WIDTH="810" HEIGHT="37">
						<String ID="P168_ST00106" HPOS="82" VPOS="706" WIDTH="63" HEIGHT="17" CONTENT="over" WC="0.98" CC="0000"/>
						<SP ID="P168_SP00092" HPOS="145" VPOS="723" WIDTH="13"/>
						<String ID="P168_ST00107" HPOS="158" VPOS="696" WIDTH="47" HEIGHT="26" CONTENT="the" WC="0.91" CC="020"/>
						<SP ID="P168_SP00093" HPOS="205" VPOS="723" WIDTH="14"/>
						<String ID="P168_ST00108" HPOS="219" VPOS="700" WIDTH="93" HEIGHT="22" CONTENT="centre" WC="0.95" CC="003000"/>
						<SP ID="P168_SP00094" HPOS="312" VPOS="723" WIDTH="20"/>
						<String ID="P168_ST00109" HPOS="332" VPOS="696" WIDTH="30" HEIGHT="26" CONTENT="of" WC="1.00" CC="00"/>
						<SP ID="P168_SP00095" HPOS="362" VPOS="723" WIDTH="17"/>
						<String ID="P168_ST00110" HPOS="379" VPOS="695" WIDTH="46" HEIGHT="27" CONTENT="the" WC="0.75" CC="070"/>
						<SP ID="P168_SP00096" HPOS="425" VPOS="723" WIDTH="22"/>
						<String ID="P168_ST00111" HPOS="447" VPOS="696" WIDTH="72" HEIGHT="26" CONTENT="front" WC="1.00" CC="00000"/>
						<SP ID="P168_SP00097" HPOS="519" VPOS="723" WIDTH="24"/>
						<String ID="P168_ST00112" HPOS="543" VPOS="695" WIDTH="84" HEIGHT="33" CONTENT="teeth," WC="0.89" CC="000060"/>
						<SP ID="P168_SP00098" HPOS="627" VPOS="728" WIDTH="24"/>
						<String ID="P168_ST00113" HPOS="651" VPOS="695" WIDTH="95" HEIGHT="37" CONTENT="giving" WC="0.46" CC="949250"/>
						<SP ID="P168_SP00099" HPOS="746" VPOS="732" WIDTH="14"/>
						<String ID="P168_ST00114" HPOS="760" VPOS="695" WIDTH="72" HEIGHT="27" CONTENT="them" WC="0.89" CC="0004"/>
						<SP ID="P168_SP00100" HPOS="832" VPOS="732" WIDTH="16"/>
						<String ID="P168_ST00115" HPOS="848" VPOS="695" WIDTH="44" HEIGHT="27" CONTENT="the" WC="0.61" CC="550"/>
					</TextLine>
					<TextLine ID="P168_TL00016" HPOS="82" VPOS="743" WIDTH="811" HEIGHT="31">
						<String ID="P168_ST00116" HPOS="82" VPOS="744" WIDTH="69" HEIGHT="26" CONTENT="form" WC="0.79" CC="0304"/>
						<SP ID="P168_SP00101" HPOS="151" VPOS="770" WIDTH="23"/>
						<String ID="P168_ST00117" HPOS="174" VPOS="745" WIDTH="30" HEIGHT="26" CONTENT="of" WC="1.00" CC="00"/>
						<SP ID="P168_SP00102" HPOS="204" VPOS="771" WIDTH="17"/>
						<String ID="P168_ST00118" HPOS="221" VPOS="754" WIDTH="15" HEIGHT="16" CONTENT="a" WC="1.00" CC="0"/>
						<SP ID="P168_SP00103" HPOS="236" VPOS="771" WIDTH="14"/>
						<String ID="P168_ST00119" HPOS="250" VPOS="748" WIDTH="133" HEIGHT="26" CONTENT="crescent," WC="0.89" CC="000500400"/>
						<SP ID="P168_SP00104" HPOS="383" VPOS="774" WIDTH="20"/>
						<String ID="P168_ST00120" HPOS="403" VPOS="744" WIDTH="53" HEIGHT="26" CONTENT="and" WC="0.82" CC="005"/>
						<SP ID="P168_SP00105" HPOS="456" VPOS="774" WIDTH="16"/>
						<String ID="P168_ST00121" HPOS="472" VPOS="744" WIDTH="64" HEIGHT="26" CONTENT="then" WC="0.85" CC="0005"/>
						<SP ID="P168_SP00106" HPOS="536" VPOS="774" WIDTH="21"/>
						<String ID="P168_ST00122" HPOS="557" VPOS="748" WIDTH="30" HEIGHT="22" CONTENT="to" WC="0.98" CC="00"/>
						<SP ID="P168_SP00107" HPOS="587" VPOS="774" WIDTH="23"/>
						<String ID="P168_ST00123" HPOS="610" VPOS="744" WIDTH="72" HEIGHT="26" CONTENT="stain" WC="0.76" CC="20035"/>
						<SP ID="P168_SP00108" HPOS="682" VPOS="774" WIDTH="21"/>
						<String ID="P168_ST00124" HPOS="703" VPOS="743" WIDTH="74" HEIGHT="27" CONTENT="them" WC="0.71" CC="3304"/>
						<SP ID="P168_SP00109" HPOS="777" VPOS="774" WIDTH="16"/>
						<String ID="P168_ST00125" HPOS="793" VPOS="743" WIDTH="62" HEIGHT="27" CONTENT="with" WC="0.85" CC="0600"/>
						<SP ID="P168_SP00110" HPOS="855" VPOS="774" WIDTH="24"/>
						<String ID="P168_ST00126" HPOS="879" VPOS="753" WIDTH="14" HEIGHT="16" CONTENT="a" WC="0.03" CC="9"/>
					</TextLine>
					<TextLine ID="P168_TL00017" HPOS="81" VPOS="790" WIDTH="812" HEIGHT="37">
						<String ID="P168_ST00127" HPOS="81" VPOS="791" WIDTH="142" HEIGHT="36" CONTENT="vegetable" WC="0.89" CC="100001600"/>
						<SP ID="P168_SP00111" HPOS="223" VPOS="827" WIDTH="16"/>
						<String ID="P168_ST00128" HPOS="239" VPOS="791" WIDTH="180" HEIGHT="36" CONTENT="preparation," WC="0.82" CC="000040046024"/>
						<SP ID="P168_SP00112" HPOS="419" VPOS="827" WIDTH="22"/>
						<String ID="P168_ST00129" HPOS="441" VPOS="791" WIDTH="89" HEIGHT="26" CONTENT="which" WC="0.80" CC="01404"/>
						<SP ID="P168_SP00113" HPOS="530" VPOS="827" WIDTH="24"/>
						<String ID="P168_ST00130" HPOS="554" VPOS="791" WIDTH="74" HEIGHT="26" CONTENT="often" WC="0.75" CC="00606"/>
						<SP ID="P168_SP00114" HPOS="628" VPOS="827" WIDTH="19"/>
						<String ID="P168_ST00131" HPOS="647" VPOS="790" WIDTH="109" HEIGHT="27" CONTENT="renders" WC="0.93" CC="1010002"/>
						<SP ID="P168_SP00115" HPOS="756" VPOS="827" WIDTH="22"/>
						<String ID="P168_ST00132" HPOS="778" VPOS="790" WIDTH="72" HEIGHT="27" CONTENT="them" WC="1.00" CC="0000"/>
						<SP ID="P168_SP00116" HPOS="850" VPOS="827" WIDTH="15"/>
						<String ID="P168_ST00133" HPOS="865" VPOS="800" WIDTH="28" HEIGHT="16" CONTENT="as" WC="0.66" CC="06"/>
					</TextLine>
					<TextLine ID="P168_TL00018" HPOS="82" VPOS="838" WIDTH="811" HEIGHT="36">
						<String ID="P168_ST00134" HPOS="82" VPOS="838" WIDTH="82" HEIGHT="28" CONTENT="black" WC="1.00" CC="00000"/>
						<SP ID="P168_SP00117" HPOS="164" VPOS="866" WIDTH="13"/>
						<String ID="P168_ST00135" HPOS="177" VPOS="848" WIDTH="30" HEIGHT="17" CONTENT="as" WC="1.00" CC="00"/>
						<SP ID="P168_SP00118" HPOS="207" VPOS="866" WIDTH="10"/>
						<String ID="P168_ST00136" HPOS="217" VPOS="839" WIDTH="52" HEIGHT="35" CONTENT="jet." WC="1.00" CC="0000"/>
						<SP ID="P168_SP00119" HPOS="269" VPOS="874" WIDTH="30"/>
						<String ID="P168_ST00137" HPOS="299" VPOS="838" WIDTH="58" HEIGHT="27" CONTENT="The" WC="0.83" CC="040"/>
						<SP ID="P168_SP00120" HPOS="357" VPOS="874" WIDTH="14"/>
						<String ID="P168_ST00138" HPOS="371" VPOS="847" WIDTH="171" HEIGHT="27" CONTENT="appearance" WC="0.79" CC="7040050400"/>
						<SP ID="P168_SP00121" HPOS="542" VPOS="874" WIDTH="14"/>
						<String ID="P168_ST00139" HPOS="556" VPOS="838" WIDTH="22" HEIGHT="26" CONTENT="is" WC="0.90" CC="02"/>
						<SP ID="P168_SP00122" HPOS="578" VPOS="874" WIDTH="15"/>
						<String ID="P168_ST00140" HPOS="593" VPOS="838" WIDTH="91" HEIGHT="27" CONTENT="rather" WC="0.75" CC="240304"/>
						<SP ID="P168_SP00123" HPOS="684" VPOS="874" WIDTH="15"/>
						<String ID="P168_ST00141" HPOS="699" VPOS="838" WIDTH="155" HEIGHT="36" CONTENT="disgusting" WC="0.77" CC="0320000059"/>
						<SP ID="P168_SP00124" HPOS="854" VPOS="874" WIDTH="13"/>
						<String ID="P168_ST00142" HPOS="867" VPOS="842" WIDTH="26" HEIGHT="22" CONTENT="to" WC="1.00" CC="00"/>
					</TextLine>
					<TextLine ID="P168_TL00019" HPOS="83" VPOS="885" WIDTH="810" HEIGHT="36">
						<String ID="P168_ST00143" HPOS="83" VPOS="896" WIDTH="16" HEIGHT="16" CONTENT="a" WC="0.95" CC="0"/>
						<SP ID="P168_SP00125" HPOS="99" VPOS="912" WIDTH="26"/>
						<String ID="P168_ST00144" HPOS="125" VPOS="890" WIDTH="133" HEIGHT="31" CONTENT="stranger," WC="0.78" CC="740040003"/>
						<SP ID="P168_SP00126" HPOS="258" VPOS="921" WIDTH="23"/>
						<String ID="P168_ST00145" HPOS="281" VPOS="886" WIDTH="54" HEIGHT="26" CONTENT="and" WC="0.60" CC="470"/>
						<SP ID="P168_SP00127" HPOS="335" VPOS="921" WIDTH="22"/>
						<String ID="P168_ST00146" HPOS="357" VPOS="886" WIDTH="48" HEIGHT="26" CONTENT="the" WC="0.97" CC="000"/>
						<SP ID="P168_SP00128" HPOS="405" VPOS="921" WIDTH="21"/>
						<String ID="P168_ST00147" HPOS="426" VPOS="885" WIDTH="185" HEIGHT="36" CONTENT="disagreeable" WC="0.94" CC="000100000050"/>
						<SP ID="P168_SP00129" HPOS="611" VPOS="921" WIDTH="23"/>
						<String ID="P168_ST00148" HPOS="634" VPOS="885" WIDTH="83" HEIGHT="27" CONTENT="effect" WC="1.00" CC="000000"/>
						<SP ID="P168_SP00130" HPOS="717" VPOS="921" WIDTH="23"/>
						<String ID="P168_ST00149" HPOS="740" VPOS="885" WIDTH="23" HEIGHT="26" CONTENT="is" WC="1.00" CC="00"/>
						<SP ID="P168_SP00131" HPOS="763" VPOS="921" WIDTH="21"/>
						<String ID="P168_ST00150" HPOS="784" VPOS="889" WIDTH="48" HEIGHT="23" CONTENT="not" WC="0.82" CC="500"/>
						<SP ID="P168_SP00132" HPOS="832" VPOS="921" WIDTH="23"/>
						<String ID="P168_ST00151" HPOS="855" VPOS="885" WIDTH="38" HEIGHT="27" CONTENT="di" SUBS_TYPE="HypPart1" SUBS_CONTENT="diminished" WC="0.83" CC="500"/>
						<HYP CONTENT="-"/>
					</TextLine>
					<TextLine ID="P168_TL00020" HPOS="83" VPOS="932" WIDTH="810" HEIGHT="38">
						<String ID="P168_ST00152" HPOS="83" VPOS="933" WIDTH="134" HEIGHT="27" CONTENT="minished" SUBS_TYPE="HypPart2" SUBS_CONTENT="diminished" WC="0.63" CC="70635700"/>
						<SP ID="P168_SP00133" HPOS="217" VPOS="960" WIDTH="22"/>
						<String ID="P168_ST00153" HPOS="239" VPOS="934" WIDTH="37" HEIGHT="36" CONTENT="by" WC="1.00" CC="00"/>
						<SP ID="P168_SP00134" HPOS="276" VPOS="970" WIDTH="14"/>
						<String ID="P168_ST00154" HPOS="290" VPOS="933" WIDTH="46" HEIGHT="27" CONTENT="the" WC="0.73" CC="070"/>
						<SP ID="P168_SP00135" HPOS="336" VPOS="970" WIDTH="15"/>
						<String ID="P168_ST00155" HPOS="351" VPOS="933" WIDTH="108" HEIGHT="36" CONTENT="general" WC="0.83" CC="0060004"/>
						<SP ID="P168_SP00136" HPOS="459" VPOS="970" WIDTH="14"/>
						<String ID="P168_ST00156" HPOS="473" VPOS="937" WIDTH="116" HEIGHT="26" CONTENT="custom," WC="1.00" CC="0000000"/>
						<SP ID="P168_SP00137" HPOS="589" VPOS="970" WIDTH="14"/>
						<String ID="P168_ST00157" HPOS="603" VPOS="942" WIDTH="101" HEIGHT="26" CONTENT="among" WC="0.76" CC="09010"/>
						<SP ID="P168_SP00138" HPOS="704" VPOS="970" WIDTH="18"/>
						<String ID="P168_ST00158" HPOS="722" VPOS="932" WIDTH="68" HEIGHT="28" CONTENT="both" WC="0.79" CC="6100"/>
						<SP ID="P168_SP00139" HPOS="790" VPOS="970" WIDTH="20"/>
						<String ID="P168_ST00159" HPOS="810" VPOS="942" WIDTH="83" HEIGHT="23" CONTENT="sexes," WC="0.78" CC="007050"/>
					</TextLine>
					<TextLine ID="P168_TL00021" HPOS="83" VPOS="979" WIDTH="810" HEIGHT="37">
						<String ID="P168_ST00160" HPOS="83" VPOS="981" WIDTH="31" HEIGHT="26" CONTENT="of" WC="0.86" CC="20"/>
						<SP ID="P168_SP00140" HPOS="114" VPOS="1007" WIDTH="21"/>
						<String ID="P168_ST00161" HPOS="135" VPOS="981" WIDTH="151" HEIGHT="35" CONTENT="cramming" WC="0.76" CC="06550010"/>
						<SP ID="P168_SP00141" HPOS="286" VPOS="1016" WIDTH="27"/>
						<String ID="P168_ST00162" HPOS="313" VPOS="980" WIDTH="69" HEIGHT="27" CONTENT="their" WC="0.88" CC="00040"/>
						<SP ID="P168_SP00142" HPOS="382" VPOS="1016" WIDTH="25"/>
						<String ID="P168_ST00163" HPOS="407" VPOS="980" WIDTH="111" HEIGHT="26" CONTENT="mouths" WC="0.80" CC="000353"/>
						<SP ID="P168_SP00143" HPOS="518" VPOS="1016" WIDTH="27"/>
						<String ID="P168_ST00164" HPOS="545" VPOS="979" WIDTH="66" HEIGHT="27" CONTENT="with" WC="0.96" CC="0001"/>
						<SP ID="P168_SP00144" HPOS="611" VPOS="1016" WIDTH="27"/>
						<String ID="P168_ST00165" HPOS="638" VPOS="980" WIDTH="83" HEIGHT="33" CONTENT="betel," WC="0.79" CC="004061"/>
						<SP ID="P168_SP00145" HPOS="721" VPOS="1016" WIDTH="28"/>
						<String ID="P168_ST00166" HPOS="749" VPOS="990" WIDTH="69" HEIGHT="21" CONTENT="cere," WC="1.00" CC="00000"/>
						<SP ID="P168_SP00146" HPOS="818" VPOS="1016" WIDTH="25"/>
						<String ID="P168_ST00167" HPOS="843" VPOS="981" WIDTH="50" HEIGHT="26" CONTENT="and" WC="0.74" CC="160"/>
					</TextLine>
					<TextLine ID="P168_TL00022" HPOS="84" VPOS="1027" WIDTH="810" HEIGHT="38">
						<String ID="P168_ST00168" HPOS="84" VPOS="1028" WIDTH="124" HEIGHT="32" CONTENT="tobacco," WC="0.87" CC="15000011"/>
						<SP ID="P168_SP00147" HPOS="208" VPOS="1060" WIDTH="18"/>
						<String ID="P168_ST00169" HPOS="226" VPOS="1028" WIDTH="46" HEIGHT="26" CONTENT="the" WC="0.97" CC="000"/>
						<SP ID="P168_SP00148" HPOS="272" VPOS="1060" WIDTH="22"/>
						<String ID="P168_ST00170" HPOS="294" VPOS="1028" WIDTH="79" HEIGHT="26" CONTENT="latter" WC="0.81" CC="006400"/>
						<SP ID="P168_SP00149" HPOS="373" VPOS="1060" WIDTH="14"/>
						<String ID="P168_ST00171" HPOS="387" VPOS="1027" WIDTH="31" HEIGHT="27" CONTENT="of" WC="0.78" CC="04"/>
						<SP ID="P168_SP00150" HPOS="418" VPOS="1060" WIDTH="17"/>
						<String ID="P168_ST00172" HPOS="435" VPOS="1027" WIDTH="89" HEIGHT="27" CONTENT="which" WC="0.59" CC="46504"/>
						<SP ID="P168_SP00151" HPOS="524" VPOS="1060" WIDTH="16"/>
						<String ID="P168_ST00173" HPOS="540" VPOS="1027" WIDTH="22" HEIGHT="27" CONTENT="is" WC="0.75" CC="31"/>
						<SP ID="P168_SP00152" HPOS="562" VPOS="1060" WIDTH="21"/>
						<String ID="P168_ST00174" HPOS="583" VPOS="1027" WIDTH="115" HEIGHT="27" CONTENT="allowed" WC="0.82" CC="8300000"/>
						<SP ID="P168_SP00153" HPOS="698" VPOS="1060" WIDTH="23"/>
						<String ID="P168_ST00175" HPOS="721" VPOS="1032" WIDTH="29" HEIGHT="22" CONTENT="to" WC="1.00" CC="00"/>
						<SP ID="P168_SP00154" HPOS="750" VPOS="1060" WIDTH="21"/>
						<String ID="P168_ST00176" HPOS="771" VPOS="1028" WIDTH="123" HEIGHT="37" CONTENT="protrude" WC="1.00" CC="00000000"/>
					</TextLine>
					<TextLine ID="P168_TL00023" HPOS="85" VPOS="1075" WIDTH="809" HEIGHT="37">
						<String ID="P168_ST00177" HPOS="85" VPOS="1076" WIDTH="105" HEIGHT="34" CONTENT="beyond" WC="0.81" CC="700030"/>
						<SP ID="P168_SP00155" HPOS="190" VPOS="1110" WIDTH="20"/>
						<String ID="P168_ST00178" HPOS="210" VPOS="1075" WIDTH="47" HEIGHT="27" CONTENT="the" WC="0.66" CC="370"/>
						<SP ID="P168_SP00156" HPOS="257" VPOS="1110" WIDTH="21"/>
						<String ID="P168_ST00179" HPOS="278" VPOS="1075" WIDTH="60" HEIGHT="35" CONTENT="lips." WC="0.90" CC="00050"/>
						<SP ID="P168_SP00157" HPOS="338" VPOS="1110" WIDTH="40"/>
						<String ID="P168_ST00180" HPOS="378" VPOS="1075" WIDTH="66" HEIGHT="26" CONTENT="This" WC="0.96" CC="0100"/>
						<SP ID="P168_SP00158" HPOS="444" VPOS="1110" WIDTH="23"/>
						<String ID="P168_ST00181" HPOS="467" VPOS="1075" WIDTH="125" HEIGHT="32" CONTENT="mixture," WC="0.71" CC="94040003"/>
						<SP ID="P168_SP00159" HPOS="592" VPOS="1110" WIDTH="24"/>
						<String ID="P168_ST00182" HPOS="616" VPOS="1085" WIDTH="29" HEIGHT="16" CONTENT="as" WC="0.57" CC="80"/>
						<SP ID="P168_SP00160" HPOS="645" VPOS="1110" WIDTH="24"/>
						<String ID="P168_ST00183" HPOS="669" VPOS="1076" WIDTH="91" HEIGHT="36" CONTENT="might" WC="0.91" CC="20010"/>
						<SP ID="P168_SP00161" HPOS="760" VPOS="1112" WIDTH="22"/>
						<String ID="P168_ST00184" HPOS="782" VPOS="1076" WIDTH="33" HEIGHT="27" CONTENT="be" WC="1.00" CC="00"/>
						<SP ID="P168_SP00162" HPOS="815" VPOS="1112" WIDTH="17"/>
						<String ID="P168_ST00185" HPOS="832" VPOS="1085" WIDTH="62" HEIGHT="25" CONTENT="sup" SUBS_TYPE="HypPart1" SUBS_CONTENT="supposed," WC="0.70" CC="6500"/>
						<HYP CONTENT="-"/>
					</TextLine>
					<TextLine ID="P168_TL00024" HPOS="83" VPOS="1122" WIDTH="810" HEIGHT="37">
						<String ID="P168_ST00186" HPOS="83" VPOS="1123" WIDTH="94" HEIGHT="34" CONTENT="posed," SUBS_TYPE="HypPart2" SUBS_CONTENT="supposed," WC="0.55" CC="976002"/>
						<SP ID="P168_SP00163" HPOS="177" VPOS="1157" WIDTH="12"/>
						<String ID="P168_ST00187" HPOS="189" VPOS="1122" WIDTH="132" HEIGHT="36" CONTENT="produces" WC="0.90" CC="03004000"/>
						<SP ID="P168_SP00164" HPOS="321" VPOS="1158" WIDTH="14"/>
						<String ID="P168_ST00188" HPOS="335" VPOS="1131" WIDTH="33" HEIGHT="17" CONTENT="an" WC="1.00" CC="00"/>
						<SP ID="P168_SP00165" HPOS="368" VPOS="1158" WIDTH="16"/>
						<String ID="P168_ST00189" HPOS="384" VPOS="1122" WIDTH="89" HEIGHT="27" CONTENT="action" WC="0.82" CC="400302"/>
						<SP ID="P168_SP00166" HPOS="473" VPOS="1158" WIDTH="15"/>
						<String ID="P168_ST00190" HPOS="488" VPOS="1122" WIDTH="30" HEIGHT="27" CONTENT="of" WC="0.92" CC="10"/>
						<SP ID="P168_SP00167" HPOS="518" VPOS="1158" WIDTH="11"/>
						<String ID="P168_ST00191" HPOS="529" VPOS="1122" WIDTH="47" HEIGHT="27" CONTENT="the" WC="0.75" CC="070"/>
						<SP ID="P168_SP00168" HPOS="576" VPOS="1158" WIDTH="13"/>
						<String ID="P168_ST00192" HPOS="589" VPOS="1123" WIDTH="118" HEIGHT="36" CONTENT="salivary" WC="0.72" CC="40340009"/>
						<SP ID="P168_SP00169" HPOS="707" VPOS="1159" WIDTH="14"/>
						<String ID="P168_ST00193" HPOS="721" VPOS="1123" WIDTH="107" HEIGHT="36" CONTENT="glands," WC="0.70" CC="7006033"/>
						<SP ID="P168_SP00170" HPOS="828" VPOS="1159" WIDTH="15"/>
						<String ID="P168_ST00194" HPOS="843" VPOS="1124" WIDTH="50" HEIGHT="26" CONTENT="and" WC="1.00" CC="000"/>
					</TextLine>
					<TextLine ID="P168_TL00025" HPOS="84" VPOS="1169" WIDTH="810" HEIGHT="37">
						<String ID="P168_ST00195" HPOS="84" VPOS="1170" WIDTH="21" HEIGHT="25" CONTENT="it." WC="0.83" CC="040"/>
						<SP ID="P168_SP00171" HPOS="105" VPOS="1195" WIDTH="22"/>
						<String ID="P168_ST00196" HPOS="127" VPOS="1169" WIDTH="23" HEIGHT="26" CONTENT="is" WC="0.96" CC="00"/>
						<SP ID="P168_SP00172" HPOS="150" VPOS="1195" WIDTH="21"/>
						<String ID="P168_ST00197" HPOS="171" VPOS="1178" WIDTH="66" HEIGHT="18" CONTENT="soon" WC="0.71" CC="4006"/>
						<SP ID="P168_SP00173" HPOS="237" VPOS="1196" WIDTH="22"/>
						<String ID="P168_ST00198" HPOS="259" VPOS="1169" WIDTH="108" HEIGHT="27" CONTENT="evident" WC="0.87" CC="0030031"/>
						<SP ID="P168_SP00174" HPOS="367" VPOS="1196" WIDTH="21"/>
						<String ID="P168_ST00199" HPOS="388" VPOS="1169" WIDTH="60" HEIGHT="27" CONTENT="that" WC="0.82" CC="0700"/>
						<SP ID="P168_SP00175" HPOS="448" VPOS="1196" WIDTH="23"/>
						<String ID="P168_ST00200" HPOS="471" VPOS="1169" WIDTH="65" HEIGHT="36" CONTENT="they" WC="0.66" CC="6600"/>
						<SP ID="P168_SP00176" HPOS="536" VPOS="1205" WIDTH="22"/>
						<String ID="P168_ST00201" HPOS="558" VPOS="1178" WIDTH="44" HEIGHT="18" CONTENT="are" WC="0.55" CC="930"/>
						<SP ID="P168_SP00177" HPOS="602" VPOS="1205" WIDTH="21"/>
						<String ID="P168_ST00202" HPOS="623" VPOS="1170" WIDTH="154" HEIGHT="36" CONTENT="regardless" WC="0.96" CC="1000002000"/>
						<SP ID="P168_SP00178" HPOS="777" VPOS="1206" WIDTH="22"/>
						<String ID="P168_ST00203" HPOS="799" VPOS="1170" WIDTH="30" HEIGHT="27" CONTENT="of" WC="1.00" CC="00"/>
						<SP ID="P168_SP00179" HPOS="829" VPOS="1206" WIDTH="21"/>
						<String ID="P168_ST00204" HPOS="850" VPOS="1170" WIDTH="44" HEIGHT="27" CONTENT="the" WC="0.95" CC="010"/>
					</TextLine>
					<TextLine ID="P168_TL00026" HPOS="84" VPOS="1216" WIDTH="593" HEIGHT="35">
						<String ID="P168_ST00205" HPOS="84" VPOS="1216" WIDTH="120" HEIGHT="35" CONTENT="delicacy" WC="0.78" CC="90000700"/>
						<SP ID="P168_SP00180" HPOS="204" VPOS="1251" WIDTH="15"/>
						<String ID="P168_ST00206" HPOS="219" VPOS="1216" WIDTH="31" HEIGHT="28" CONTENT="of" WC="0.68" CC="60"/>
						<SP ID="P168_SP00181" HPOS="250" VPOS="1251" WIDTH="15"/>
						<String ID="P168_ST00207" HPOS="265" VPOS="1217" WIDTH="35" HEIGHT="26" CONTENT="all" WC="0.72" CC="530"/>
						<SP ID="P168_SP00182" HPOS="300" VPOS="1251" WIDTH="14"/>
						<String ID="P168_ST00208" HPOS="314" VPOS="1216" WIDTH="60" HEIGHT="27" CONTENT="who" WC="0.84" CC="040"/>
						<SP ID="P168_SP00183" HPOS="374" VPOS="1251" WIDTH="16"/>
						<String ID="P168_ST00209" HPOS="390" VPOS="1225" WIDTH="65" HEIGHT="26" CONTENT="may" WC="1.00" CC="000"/>
						<SP ID="P168_SP00184" HPOS="455" VPOS="1251" WIDTH="14"/>
						<String ID="P168_ST00210" HPOS="469" VPOS="1216" WIDTH="32" HEIGHT="27" CONTENT="be" WC="1.00" CC="00"/>
						<SP ID="P168_SP00185" HPOS="501" VPOS="1251" WIDTH="14"/>
						<String ID="P168_ST00211" HPOS="515" VPOS="1225" WIDTH="63" HEIGHT="18" CONTENT="near" WC="0.64" CC="5035"/>
						<SP ID="P168_SP00186" HPOS="578" VPOS="1251" WIDTH="14"/>
						<String ID="P168_ST00212" HPOS="592" VPOS="1216" WIDTH="85" HEIGHT="28" CONTENT="them." WC="0.84" CC="00043"/>
					</TextLine>
				</TextBlock>
			</PrintSpace>
		</Page>
	</Layout>
</alto>
