<?xml version="1.0" encoding="UTF-8"?>
<alto xmlns:xsi="http://www.w3.org/2001/XMLSchema-instance" xsi:noNamespaceSchemaLocation="http://www.bl.uk/schemas/alto/alto-1-4.xsd" xmlns:xlink="http://www.w3.org/1999/xlink">
	<Description>
		<MeasurementUnit>mm10</MeasurementUnit>
		<sourceImageInformation>
			<fileName>//head1/IN/2008-15/A0011390163/004974.jp2</fileName>
		</sourceImageInformation>
		<OCRProcessing ID="OCRPROCESSING_1">
			<preProcessingStep>
				<processingSoftware>
					<softwareCreator>CCS Content Conversion Specialists GmbH, Germany</softwareCreator>
					<softwareName>CCS docWORKS</softwareName>
					<softwareVersion>6.1-0.67</softwareVersion>
				</processingSoftware>
			</preProcessingStep>
			<ocrProcessingStep>
				<processingSoftware>
					<softwareCreator>ABBYY (BIT Software), Russia</softwareCreator>
					<softwareName>Finereader</softwareName>
				</processingSoftware>
			</ocrProcessingStep>
		</OCRProcessing>
	</Description>
	<Styles>
		<TextStyle ID="TXT_0" FONTSIZE="10" FONTFAMILY="Courier New"/>
		<TextStyle ID="TXT_1" FONTSIZE="9" FONTFAMILY="Courier New"/>
		<ParagraphStyle ID="PAR_LEFT" ALIGN="Left"/>
		<ParagraphStyle ID="PAR_CENTER" ALIGN="Center"/>
	</Styles>
	<Layout>
		<Page ID="P202" PHYSICAL_IMG_NR="202" HEIGHT="1595" WIDTH="960" PRINTED_IMG_NR="164" POSITION="Left" ACCURACY="83.07">
			<TopMargin ID="P202_TM00001" HPOS="0" VPOS="0" WIDTH="960" HEIGHT="76">
				<TextBlock ID="P202_TB00001" HPOS="114" VPOS="49" WIDTH="50" HEIGHT="25" STYLEREFS="TXT_0 PAR_LEFT">
					<TextLine ID="P202_TL00001" HPOS="114" VPOS="49" WIDTH="50" HEIGHT="25">
						<String ID="P202_ST00001" HPOS="114" VPOS="49" WIDTH="50" HEIGHT="25" CONTENT="164" WC="0.88" CC="300"/>
					</TextLine>
				</TextBlock>
				<TextBlock ID="P202_TB00002" HPOS="462" VPOS="55" WIDTH="77" HEIGHT="17" STYLEREFS="TXT_1 PAR_CENTER">
					<TextLine ID="P202_TL00002" HPOS="462" VPOS="55" WIDTH="77" HEIGHT="17">
						<String ID="P202_ST00002" HPOS="462" VPOS="55" WIDTH="77" HEIGHT="17" CONTENT="JAVA" WC="0.86" CC="0050"/>
					</TextLine>
				</TextBlock>
			</TopMargin>
			<LeftMargin ID="P202_LM00001" HPOS="0" VPOS="76" WIDTH="107" HEIGHT="1400"/>
			<RightMargin ID="P202_RM00001" HPOS="922" VPOS="76" WIDTH="38" HEIGHT="1400"/>
			<BottomMargin ID="P202_BM00001" HPOS="0" VPOS="1476" WIDTH="960" HEIGHT="119"/>
			<PrintSpace ID="P202_PS00001" HPOS="107" VPOS="76" WIDTH="815" HEIGHT="1400">
				<TextBlock ID="P202_TB00003" HPOS="109" VPOS="115" WIDTH="811" HEIGHT="130" STYLEREFS="TXT_1 PAR_LEFT">
					<TextLine ID="P202_TL00003" HPOS="109" VPOS="116" WIDTH="811" HEIGHT="36">
						<String ID="P202_ST00003" HPOS="109" VPOS="119" WIDTH="67" HEIGHT="26" CONTENT="with" WC="0.89" CC="0021"/>
						<SP ID="P202_SP00001" HPOS="176" VPOS="145" WIDTH="21"/>
						<String ID="P202_ST00004" HPOS="197" VPOS="118" WIDTH="85" HEIGHT="32" CONTENT="lakes," WC="0.83" CC="060004"/>
						<SP ID="P202_SP00002" HPOS="282" VPOS="150" WIDTH="24"/>
						<String ID="P202_ST00005" HPOS="306" VPOS="117" WIDTH="119" HEIGHT="35" CONTENT="bridges," WC="0.84" CC="02300113"/>
						<SP ID="P202_SP00003" HPOS="425" VPOS="152" WIDTH="15"/>
						<String ID="P202_ST00006" HPOS="440" VPOS="126" WIDTH="15" HEIGHT="17" CONTENT="a" WC="1.00" CC="0"/>
						<SP ID="P202_SP00004" HPOS="455" VPOS="152" WIDTH="13"/>
						<String ID="P202_ST00007" HPOS="468" VPOS="117" WIDTH="78" HEIGHT="26" CONTENT="small" WC="0.74" CC="00056"/>
						<SP ID="P202_SP00005" HPOS="546" VPOS="152" WIDTH="14"/>
						<String ID="P202_ST00008" HPOS="560" VPOS="116" WIDTH="98" HEIGHT="32" CONTENT="island," WC="0.79" CC="0700204"/>
						<SP ID="P202_SP00006" HPOS="658" VPOS="152" WIDTH="15"/>
						<String ID="P202_ST00009" HPOS="673" VPOS="126" WIDTH="16" HEIGHT="16" CONTENT="a" WC="0.06" CC="9"/>
						<SP ID="P202_SP00007" HPOS="689" VPOS="152" WIDTH="16"/>
						<String ID="P202_ST00010" HPOS="705" VPOS="116" WIDTH="146" HEIGHT="35" CONTENT="jet-d'eau," WC="0.90" CC="0030000013"/>
						<SP ID="P202_SP00008" HPOS="851" VPOS="152" WIDTH="20"/>
						<String ID="P202_ST00011" HPOS="871" VPOS="116" WIDTH="49" HEIGHT="27" CONTENT="and" WC="0.94" CC="100"/>
					</TextLine>
					<TextLine ID="P202_TL00004" HPOS="110" VPOS="163" WIDTH="810" HEIGHT="36">
						<String ID="P202_ST00012" HPOS="110" VPOS="175" WIDTH="16" HEIGHT="17" CONTENT="a" WC="1.00" CC="0"/>
						<SP ID="P202_SP00009" HPOS="126" VPOS="192" WIDTH="14"/>
						<String ID="P202_ST00013" HPOS="140" VPOS="165" WIDTH="124" HEIGHT="27" CONTENT="cascade." WC="0.91" CC="00006000"/>
						<SP ID="P202_SP00010" HPOS="264" VPOS="192" WIDTH="43"/>
						<String ID="P202_ST00014" HPOS="307" VPOS="164" WIDTH="25" HEIGHT="25" CONTENT="It" WC="1.00" CC="00"/>
						<SP ID="P202_SP00011" HPOS="332" VPOS="192" WIDTH="14"/>
						<String ID="P202_ST00015" HPOS="346" VPOS="163" WIDTH="22" HEIGHT="26" CONTENT="is" WC="0.69" CC="23"/>
						<SP ID="P202_SP00012" HPOS="368" VPOS="192" WIDTH="14"/>
						<String ID="P202_ST00016" HPOS="382" VPOS="163" WIDTH="68" HEIGHT="36" CONTENT="kept" WC="0.89" CC="0040"/>
						<SP ID="P202_SP00013" HPOS="450" VPOS="199" WIDTH="14"/>
						<String ID="P202_ST00017" HPOS="464" VPOS="172" WIDTH="36" HEIGHT="27" CONTENT="up" WC="1.00" CC="00"/>
						<SP ID="P202_SP00014" HPOS="500" VPOS="199" WIDTH="15"/>
						<String ID="P202_ST00018" HPOS="515" VPOS="167" WIDTH="29" HEIGHT="22" CONTENT="at" WC="1.00" CC="00"/>
						<SP ID="P202_SP00015" HPOS="544" VPOS="199" WIDTH="13"/>
						<String ID="P202_ST00019" HPOS="557" VPOS="172" WIDTH="34" HEIGHT="17" CONTENT="an" WC="0.85" CC="02"/>
						<SP ID="P202_SP00016" HPOS="591" VPOS="199" WIDTH="23"/>
						<String ID="P202_ST00020" HPOS="614" VPOS="171" WIDTH="120" HEIGHT="28" CONTENT="expense" WC="0.66" CC="0070870"/>
						<SP ID="P202_SP00017" HPOS="734" VPOS="199" WIDTH="25"/>
						<String ID="P202_ST00021" HPOS="759" VPOS="167" WIDTH="28" HEIGHT="22" CONTENT="to" WC="1.00" CC="00"/>
						<SP ID="P202_SP00018" HPOS="787" VPOS="199" WIDTH="18"/>
						<String ID="P202_ST00022" HPOS="805" VPOS="163" WIDTH="115" HEIGHT="27" CONTENT="Govern" SUBS_TYPE="HypPart1" SUBS_CONTENT="Government" WC="0.90" CC="1000041"/>
						<HYP CONTENT="-"/>
					</TextLine>
					<TextLine ID="P202_TL00005" HPOS="110" VPOS="210" WIDTH="623" HEIGHT="35">
						<String ID="P202_ST00023" HPOS="110" VPOS="215" WIDTH="75" HEIGHT="23" CONTENT="ment" SUBS_TYPE="HypPart2" SUBS_CONTENT="Government" WC="0.95" CC="0200"/>
						<SP ID="P202_SP00019" HPOS="185" VPOS="238" WIDTH="13"/>
						<String ID="P202_ST00024" HPOS="198" VPOS="211" WIDTH="31" HEIGHT="27" CONTENT="of" WC="0.96" CC="00"/>
						<SP ID="P202_SP00020" HPOS="229" VPOS="238" WIDTH="10"/>
						<String ID="P202_ST00025" HPOS="239" VPOS="220" WIDTH="80" HEIGHT="18" CONTENT="seven" WC="0.97" CC="00001"/>
						<SP ID="P202_SP00021" HPOS="319" VPOS="238" WIDTH="16"/>
						<String ID="P202_ST00026" HPOS="335" VPOS="210" WIDTH="136" HEIGHT="27" CONTENT="thousand" WC="0.72" CC="65100080"/>
						<SP ID="P202_SP00022" HPOS="471" VPOS="238" WIDTH="19"/>
						<String ID="P202_ST00027" HPOS="490" VPOS="219" WIDTH="95" HEIGHT="26" CONTENT="rupees" WC="0.67" CC="209006"/>
						<SP ID="P202_SP00023" HPOS="585" VPOS="245" WIDTH="11"/>
						<String ID="P202_ST00028" HPOS="596" VPOS="220" WIDTH="15" HEIGHT="16" CONTENT="a" WC="1.00" CC="0"/>
						<SP ID="P202_SP00024" HPOS="611" VPOS="245" WIDTH="16"/>
						<String ID="P202_ST00029" HPOS="627" VPOS="210" WIDTH="106" HEIGHT="26" CONTENT="month." WC="0.81" CC="501030"/>
					</TextLine>
				</TextBlock>
				<TextBlock ID="P202_TB00004" HPOS="109" VPOS="256" WIDTH="813" HEIGHT="606" STYLEREFS="TXT_1 PAR_LEFT">
					<TextLine ID="P202_TL00006" HPOS="148" VPOS="256" WIDTH="773" HEIGHT="38">
						<String ID="P202_ST00030" HPOS="148" VPOS="259" WIDTH="130" HEIGHT="26" CONTENT="Between" WC="0.69" CC="6009005"/>
						<SP ID="P202_SP00025" HPOS="278" VPOS="285" WIDTH="16"/>
						<String ID="P202_ST00031" HPOS="294" VPOS="258" WIDTH="146" HEIGHT="35" CONTENT="Bitenzorg" WC="0.83" CC="500041030"/>
						<SP ID="P202_SP00026" HPOS="440" VPOS="293" WIDTH="22"/>
						<String ID="P202_ST00032" HPOS="462" VPOS="257" WIDTH="53" HEIGHT="26" CONTENT="and" WC="0.83" CC="050"/>
						<SP ID="P202_SP00027" HPOS="515" VPOS="293" WIDTH="24"/>
						<String ID="P202_ST00033" HPOS="539" VPOS="257" WIDTH="45" HEIGHT="25" CONTENT="the" WC="0.82" CC="050"/>
						<SP ID="P202_SP00028" HPOS="584" VPOS="293" WIDTH="23"/>
						<String ID="P202_ST00034" HPOS="607" VPOS="256" WIDTH="203" HEIGHT="38" CONTENT="neighbouring" WC="0.81" CC="600060000360"/>
						<SP ID="P202_SP00029" HPOS="810" VPOS="294" WIDTH="20"/>
						<String ID="P202_ST00035" HPOS="830" VPOS="268" WIDTH="91" HEIGHT="17" CONTENT="moun" SUBS_TYPE="HypPart1" SUBS_CONTENT="mountains," WC="0.78" CC="70300"/>
						<HYP CONTENT="-"/>
					</TextLine>
					<TextLine ID="P202_TL00007" HPOS="110" VPOS="304" WIDTH="810" HEIGHT="36">
						<String ID="P202_ST00036" HPOS="110" VPOS="306" WIDTH="82" HEIGHT="31" CONTENT="tains," SUBS_TYPE="HypPart2" SUBS_CONTENT="mountains," WC="0.82" CC="070003"/>
						<SP ID="P202_SP00030" HPOS="192" VPOS="337" WIDTH="12"/>
						<String ID="P202_ST00037" HPOS="204" VPOS="305" WIDTH="89" HEIGHT="27" CONTENT="which" WC="0.76" CC="07004"/>
						<SP ID="P202_SP00031" HPOS="293" VPOS="337" WIDTH="15"/>
						<String ID="P202_ST00038" HPOS="308" VPOS="305" WIDTH="44" HEIGHT="26" CONTENT="lift" WC="0.73" CC="0504"/>
						<SP ID="P202_SP00032" HPOS="352" VPOS="337" WIDTH="15"/>
						<String ID="P202_ST00039" HPOS="367" VPOS="305" WIDTH="70" HEIGHT="26" CONTENT="their" WC="0.94" CC="03000"/>
						<SP ID="P202_SP00033" HPOS="437" VPOS="337" WIDTH="14"/>
						<String ID="P202_ST00040" HPOS="451" VPOS="304" WIDTH="67" HEIGHT="36" CONTENT="lofty" WC="0.99" CC="00000"/>
						<SP ID="P202_SP00034" HPOS="518" VPOS="340" WIDTH="12"/>
						<String ID="P202_ST00041" HPOS="530" VPOS="304" WIDTH="85" HEIGHT="27" CONTENT="heads" WC="0.81" CC="50004"/>
						<SP ID="P202_SP00035" HPOS="615" VPOS="340" WIDTH="15"/>
						<String ID="P202_ST00042" HPOS="630" VPOS="309" WIDTH="46" HEIGHT="22" CONTENT="ten" WC="0.84" CC="003"/>
						<SP ID="P202_SP00036" HPOS="676" VPOS="340" WIDTH="14"/>
						<String ID="P202_ST00043" HPOS="690" VPOS="314" WIDTH="30" HEIGHT="17" CONTENT="or" WC="0.91" CC="01"/>
						<SP ID="P202_SP00037" HPOS="720" VPOS="340" WIDTH="19"/>
						<String ID="P202_ST00044" HPOS="739" VPOS="305" WIDTH="92" HEIGHT="27" CONTENT="eleven" WC="0.89" CC="000006"/>
						<SP ID="P202_SP00038" HPOS="831" VPOS="340" WIDTH="14"/>
						<String ID="P202_ST00045" HPOS="845" VPOS="306" WIDTH="75" HEIGHT="27" CONTENT="thou" SUBS_TYPE="HypPart1" SUBS_CONTENT="thousand" WC="0.91" CC="00004"/>
						<HYP CONTENT="-"/>
					</TextLine>
					<TextLine ID="P202_TL00008" HPOS="111" VPOS="351" WIDTH="809" HEIGHT="38">
						<String ID="P202_ST00046" HPOS="111" VPOS="353" WIDTH="69" HEIGHT="26" CONTENT="sand" SUBS_TYPE="HypPart2" SUBS_CONTENT="thousand" WC="0.88" CC="0040"/>
						<SP ID="P202_SP00039" HPOS="180" VPOS="379" WIDTH="21"/>
						<String ID="P202_ST00047" HPOS="201" VPOS="353" WIDTH="54" HEIGHT="27" CONTENT="feet" WC="1.00" CC="0000"/>
						<SP ID="P202_SP00040" HPOS="255" VPOS="380" WIDTH="20"/>
						<String ID="P202_ST00048" HPOS="275" VPOS="353" WIDTH="86" HEIGHT="26" CONTENT="above" WC="0.98" CC="00000"/>
						<SP ID="P202_SP00041" HPOS="361" VPOS="380" WIDTH="21"/>
						<String ID="P202_ST00049" HPOS="382" VPOS="352" WIDTH="47" HEIGHT="26" CONTENT="the" WC="0.75" CC="070"/>
						<SP ID="P202_SP00042" HPOS="429" VPOS="380" WIDTH="22"/>
						<String ID="P202_ST00050" HPOS="451" VPOS="361" WIDTH="55" HEIGHT="22" CONTENT="sea," WC="0.97" CC="1000"/>
						<SP ID="P202_SP00043" HPOS="506" VPOS="383" WIDTH="20"/>
						<String ID="P202_ST00051" HPOS="526" VPOS="351" WIDTH="47" HEIGHT="27" CONTENT="the" WC="0.99" CC="000"/>
						<SP ID="P202_SP00044" HPOS="573" VPOS="383" WIDTH="21"/>
						<String ID="P202_ST00052" HPOS="594" VPOS="351" WIDTH="58" HEIGHT="27" CONTENT="face" WC="0.88" CC="4000"/>
						<SP ID="P202_SP00045" HPOS="652" VPOS="383" WIDTH="14"/>
						<String ID="P202_ST00053" HPOS="666" VPOS="352" WIDTH="31" HEIGHT="26" CONTENT="of" WC="1.00" CC="00"/>
						<SP ID="P202_SP00046" HPOS="697" VPOS="383" WIDTH="10"/>
						<String ID="P202_ST00054" HPOS="707" VPOS="352" WIDTH="46" HEIGHT="27" CONTENT="the" WC="0.75" CC="070"/>
						<SP ID="P202_SP00047" HPOS="753" VPOS="383" WIDTH="13"/>
						<String ID="P202_ST00055" HPOS="766" VPOS="358" WIDTH="116" HEIGHT="31" CONTENT="country" WC="0.82" CC="0007400"/>
						<SP ID="P202_SP00048" HPOS="882" VPOS="389" WIDTH="18"/>
						<String ID="P202_ST00056" HPOS="900" VPOS="354" WIDTH="20" HEIGHT="26" CONTENT="is" WC="0.73" CC="05"/>
					</TextLine>
					<TextLine ID="P202_TL00009" HPOS="111" VPOS="399" WIDTH="809" HEIGHT="29">
						<String ID="P202_ST00057" HPOS="111" VPOS="400" WIDTH="82" HEIGHT="27" CONTENT="much" WC="0.82" CC="4002"/>
						<SP ID="P202_SP00049" HPOS="193" VPOS="427" WIDTH="21"/>
						<String ID="P202_ST00058" HPOS="214" VPOS="409" WIDTH="72" HEIGHT="18" CONTENT="more" WC="0.73" CC="6040"/>
						<SP ID="P202_SP00050" HPOS="286" VPOS="427" WIDTH="23"/>
						<String ID="P202_ST00059" HPOS="309" VPOS="399" WIDTH="154" HEIGHT="27" CONTENT="diversified" WC="0.96" CC="00000030000"/>
						<SP ID="P202_SP00051" HPOS="463" VPOS="427" WIDTH="21"/>
						<String ID="P202_ST00060" HPOS="484" VPOS="399" WIDTH="54" HEIGHT="26" CONTENT="and" WC="0.94" CC="010"/>
						<SP ID="P202_SP00052" HPOS="538" VPOS="427" WIDTH="22"/>
						<String ID="P202_ST00061" HPOS="560" VPOS="399" WIDTH="134" HEIGHT="26" CONTENT="beautiful" WC="0.79" CC="000355040"/>
						<SP ID="P202_SP00053" HPOS="694" VPOS="427" WIDTH="28"/>
						<String ID="P202_ST00062" HPOS="722" VPOS="400" WIDTH="65" HEIGHT="26" CONTENT="than" WC="0.74" CC="0504"/>
						<SP ID="P202_SP00054" HPOS="787" VPOS="427" WIDTH="23"/>
						<String ID="P202_ST00063" HPOS="810" VPOS="401" WIDTH="44" HEIGHT="26" CONTENT="the" WC="0.92" CC="020"/>
						<SP ID="P202_SP00055" HPOS="854" VPOS="427" WIDTH="19"/>
						<String ID="P202_ST00064" HPOS="873" VPOS="401" WIDTH="47" HEIGHT="27" CONTENT="low" WC="0.62" CC="019"/>
					</TextLine>
					<TextLine ID="P202_TL00010" HPOS="111" VPOS="447" WIDTH="811" HEIGHT="37">
						<String ID="P202_ST00065" HPOS="111" VPOS="447" WIDTH="154" HEIGHT="37" CONTENT="unvarying" WC="0.77" CC="048010600"/>
						<SP ID="P202_SP00056" HPOS="265" VPOS="484" WIDTH="17"/>
						<String ID="P202_ST00066" HPOS="282" VPOS="447" WIDTH="68" HEIGHT="27" CONTENT="level" WC="0.92" CC="10200"/>
						<SP ID="P202_SP00057" HPOS="350" VPOS="484" WIDTH="23"/>
						<String ID="P202_ST00067" HPOS="373" VPOS="447" WIDTH="31" HEIGHT="26" CONTENT="of" WC="1.00" CC="00"/>
						<SP ID="P202_SP00058" HPOS="404" VPOS="484" WIDTH="19"/>
						<String ID="P202_ST00068" HPOS="423" VPOS="447" WIDTH="126" HEIGHT="27" CONTENT="Batavia." WC="0.91" CC="70000000"/>
						<SP ID="P202_SP00059" HPOS="549" VPOS="484" WIDTH="40"/>
						<String ID="P202_ST00069" HPOS="589" VPOS="447" WIDTH="53" HEIGHT="27" CONTENT="We" WC="1.00" CC="00"/>
						<SP ID="P202_SP00060" HPOS="642" VPOS="484" WIDTH="15"/>
						<String ID="P202_ST00070" HPOS="657" VPOS="456" WIDTH="67" HEIGHT="18" CONTENT="were" WC="0.87" CC="0050"/>
						<SP ID="P202_SP00061" HPOS="724" VPOS="484" WIDTH="21"/>
						<String ID="P202_ST00071" HPOS="745" VPOS="447" WIDTH="28" HEIGHT="26" CONTENT="in" WC="0.70" CC="06"/>
						<SP ID="P202_SP00062" HPOS="773" VPOS="484" WIDTH="21"/>
						<String ID="P202_ST00072" HPOS="794" VPOS="447" WIDTH="82" HEIGHT="37" CONTENT="hopes" WC="0.64" CC="60802"/>
						<SP ID="P202_SP00063" HPOS="876" VPOS="484" WIDTH="19"/>
						<String ID="P202_ST00073" HPOS="895" VPOS="449" WIDTH="27" HEIGHT="26" CONTENT="of" WC="1.00" CC="00"/>
					</TextLine>
					<TextLine ID="P202_TL00011" HPOS="111" VPOS="494" WIDTH="806" HEIGHT="36">
						<String ID="P202_ST00074" HPOS="111" VPOS="495" WIDTH="103" HEIGHT="35" CONTENT="having" WC="0.89" CC="010230"/>
						<SP ID="P202_SP00064" HPOS="214" VPOS="530" WIDTH="13"/>
						<String ID="P202_ST00075" HPOS="227" VPOS="505" WIDTH="16" HEIGHT="16" CONTENT="a" WC="1.00" CC="0"/>
						<SP ID="P202_SP00065" HPOS="243" VPOS="530" WIDTH="13"/>
						<String ID="P202_ST00076" HPOS="256" VPOS="495" WIDTH="71" HEIGHT="26" CONTENT="clear" WC="0.93" CC="01001"/>
						<SP ID="P202_SP00066" HPOS="327" VPOS="530" WIDTH="14"/>
						<String ID="P202_ST00077" HPOS="341" VPOS="495" WIDTH="66" HEIGHT="26" CONTENT="view" WC="0.71" CC="1009"/>
						<SP ID="P202_SP00067" HPOS="407" VPOS="530" WIDTH="12"/>
						<String ID="P202_ST00078" HPOS="419" VPOS="495" WIDTH="32" HEIGHT="26" CONTENT="of" WC="0.90" CC="20"/>
						<SP ID="P202_SP00068" HPOS="451" VPOS="530" WIDTH="10"/>
						<String ID="P202_ST00079" HPOS="461" VPOS="495" WIDTH="47" HEIGHT="26" CONTENT="the" WC="0.76" CC="070"/>
						<SP ID="P202_SP00069" HPOS="508" VPOS="530" WIDTH="15"/>
						<String ID="P202_ST00080" HPOS="523" VPOS="498" WIDTH="95" HEIGHT="27" CONTENT="crater," WC="0.85" CC="0230004"/>
						<SP ID="P202_SP00070" HPOS="618" VPOS="530" WIDTH="11"/>
						<String ID="P202_ST00081" HPOS="629" VPOS="494" WIDTH="47" HEIGHT="26" CONTENT="the" WC="1.00" CC="000"/>
						<SP ID="P202_SP00071" HPOS="676" VPOS="530" WIDTH="14"/>
						<String ID="P202_ST00082" HPOS="690" VPOS="495" WIDTH="93" HEIGHT="26" CONTENT="smoke" WC="0.83" CC="08000"/>
						<SP ID="P202_SP00072" HPOS="783" VPOS="530" WIDTH="11"/>
						<String ID="P202_ST00083" HPOS="794" VPOS="495" WIDTH="29" HEIGHT="26" CONTENT="of" WC="0.73" CC="05"/>
						<SP ID="P202_SP00073" HPOS="823" VPOS="530" WIDTH="12"/>
						<String ID="P202_ST00084" HPOS="835" VPOS="495" WIDTH="82" HEIGHT="28" CONTENT="which" WC="0.94" CC="03000"/>
					</TextLine>
					<TextLine ID="P202_TL00012" HPOS="110" VPOS="541" WIDTH="811" HEIGHT="39">
						<String ID="P202_ST00085" HPOS="110" VPOS="542" WIDTH="22" HEIGHT="27" CONTENT="is" WC="1.00" CC="00"/>
						<SP ID="P202_SP00074" HPOS="132" VPOS="569" WIDTH="14"/>
						<String ID="P202_ST00086" HPOS="146" VPOS="542" WIDTH="142" HEIGHT="35" CONTENT="distinctly" WC="0.78" CC="0062060500"/>
						<SP ID="P202_SP00075" HPOS="288" VPOS="577" WIDTH="20"/>
						<String ID="P202_ST00087" HPOS="308" VPOS="552" WIDTH="65" HEIGHT="17" CONTENT="seen" WC="0.91" CC="0003"/>
						<SP ID="P202_SP00076" HPOS="373" VPOS="577" WIDTH="20"/>
						<String ID="P202_ST00088" HPOS="393" VPOS="542" WIDTH="69" HEIGHT="27" CONTENT="from" WC="0.87" CC="0005"/>
						<SP ID="P202_SP00077" HPOS="462" VPOS="577" WIDTH="22"/>
						<String ID="P202_ST00089" HPOS="484" VPOS="541" WIDTH="127" HEIGHT="32" CONTENT="Batavia," WC="0.87" CC="60000003"/>
						<SP ID="P202_SP00078" HPOS="611" VPOS="577" WIDTH="21"/>
						<String ID="P202_ST00090" HPOS="632" VPOS="541" WIDTH="51" HEIGHT="28" CONTENT="but" WC="1.00" CC="000"/>
						<SP ID="P202_SP00079" HPOS="683" VPOS="577" WIDTH="19"/>
						<String ID="P202_ST00091" HPOS="702" VPOS="551" WIDTH="34" HEIGHT="17" CONTENT="an" WC="0.66" CC="51"/>
						<SP ID="P202_SP00080" HPOS="736" VPOS="577" WIDTH="22"/>
						<String ID="P202_ST00092" HPOS="758" VPOS="542" WIDTH="163" HEIGHT="38" CONTENT="intervening" WC="0.79" CC="03000004059"/>
					</TextLine>
					<TextLine ID="P202_TL00013" HPOS="111" VPOS="589" WIDTH="809" HEIGHT="36">
						<String ID="P202_ST00093" HPOS="111" VPOS="589" WIDTH="70" HEIGHT="36" CONTENT="peak" WC="0.86" CC="0050"/>
						<SP ID="P202_SP00081" HPOS="181" VPOS="625" WIDTH="23"/>
						<String ID="P202_ST00094" HPOS="204" VPOS="590" WIDTH="164" HEIGHT="35" CONTENT="completely" WC="0.86" CC="0000506010"/>
						<SP ID="P202_SP00082" HPOS="368" VPOS="625" WIDTH="26"/>
						<String ID="P202_ST00095" HPOS="394" VPOS="589" WIDTH="46" HEIGHT="27" CONTENT="hid" WC="0.58" CC="650"/>
						<SP ID="P202_SP00083" HPOS="440" VPOS="625" WIDTH="22"/>
						<String ID="P202_ST00096" HPOS="462" VPOS="589" WIDTH="22" HEIGHT="27" CONTENT="it" WC="1.00" CC="00"/>
						<SP ID="P202_SP00084" HPOS="484" VPOS="625" WIDTH="22"/>
						<String ID="P202_ST00097" HPOS="506" VPOS="589" WIDTH="67" HEIGHT="27" CONTENT="from" WC="0.80" CC="0430"/>
						<SP ID="P202_SP00085" HPOS="573" VPOS="625" WIDTH="25"/>
						<String ID="P202_ST00098" HPOS="598" VPOS="598" WIDTH="48" HEIGHT="17" CONTENT="our" WC="0.85" CC="004"/>
						<SP ID="P202_SP00086" HPOS="646" VPOS="625" WIDTH="21"/>
						<String ID="P202_ST00099" HPOS="667" VPOS="589" WIDTH="75" HEIGHT="36" CONTENT="sight" WC="0.80" CC="30050"/>
						<SP ID="P202_SP00087" HPOS="742" VPOS="625" WIDTH="24"/>
						<String ID="P202_ST00100" HPOS="766" VPOS="590" WIDTH="89" HEIGHT="27" CONTENT="before" WC="0.86" CC="005030"/>
						<SP ID="P202_SP00088" HPOS="855" VPOS="625" WIDTH="29"/>
						<String ID="P202_ST00101" HPOS="884" VPOS="600" WIDTH="36" HEIGHT="18" CONTENT="we" WC="0.54" CC="90"/>
					</TextLine>
					<TextLine ID="P202_TL00014" HPOS="111" VPOS="636" WIDTH="808" HEIGHT="38">
						<String ID="P202_ST00102" HPOS="111" VPOS="637" WIDTH="114" HEIGHT="26" CONTENT="reached" WC="0.83" CC="7000400"/>
						<SP ID="P202_SP00089" HPOS="225" VPOS="663" WIDTH="16"/>
						<String ID="P202_ST00103" HPOS="241" VPOS="637" WIDTH="157" HEIGHT="35" CONTENT="Bitenzorg." WC="0.80" CC="5500220300"/>
						<SP ID="P202_SP00090" HPOS="398" VPOS="672" WIDTH="40"/>
						<String ID="P202_ST00104" HPOS="438" VPOS="637" WIDTH="112" HEIGHT="36" CONTENT="Among" WC="0.84" CC="02050"/>
						<SP ID="P202_SP00091" HPOS="550" VPOS="673" WIDTH="13"/>
						<String ID="P202_ST00105" HPOS="563" VPOS="636" WIDTH="47" HEIGHT="27" CONTENT="the" WC="0.84" CC="040"/>
						<SP ID="P202_SP00092" HPOS="610" VPOS="673" WIDTH="14"/>
						<String ID="P202_ST00106" HPOS="624" VPOS="637" WIDTH="107" HEIGHT="36" CONTENT="objects" WC="0.83" CC="0010036"/>
						<SP ID="P202_SP00093" HPOS="731" VPOS="673" WIDTH="14"/>
						<String ID="P202_ST00107" HPOS="745" VPOS="637" WIDTH="32" HEIGHT="26" CONTENT="of" WC="1.00" CC="00"/>
						<SP ID="P202_SP00094" HPOS="777" VPOS="673" WIDTH="20"/>
						<String ID="P202_ST00108" HPOS="797" VPOS="637" WIDTH="122" HEIGHT="37" CONTENT="curiosity" WC="0.76" CC="057043000"/>
					</TextLine>
					<TextLine ID="P202_TL00015" HPOS="112" VPOS="684" WIDTH="807" HEIGHT="37">
						<String ID="P202_ST00109" HPOS="112" VPOS="684" WIDTH="28" HEIGHT="26" CONTENT="in" WC="0.94" CC="10"/>
						<SP ID="P202_SP00095" HPOS="140" VPOS="710" WIDTH="13"/>
						<String ID="P202_ST00110" HPOS="153" VPOS="685" WIDTH="55" HEIGHT="26" CONTENT="this" WC="0.98" CC="0000"/>
						<SP ID="P202_SP00096" HPOS="208" VPOS="711" WIDTH="14"/>
						<String ID="P202_ST00111" HPOS="222" VPOS="685" WIDTH="76" HEIGHT="36" CONTENT="place" WC="0.99" CC="00000"/>
						<SP ID="P202_SP00097" HPOS="298" VPOS="721" WIDTH="14"/>
						<String ID="P202_ST00112" HPOS="312" VPOS="685" WIDTH="22" HEIGHT="25" CONTENT="is" WC="0.82" CC="03"/>
						<SP ID="P202_SP00098" HPOS="334" VPOS="721" WIDTH="13"/>
						<String ID="P202_ST00113" HPOS="347" VPOS="694" WIDTH="34" HEIGHT="16" CONTENT="an" WC="0.95" CC="00"/>
						<SP ID="P202_SP00099" HPOS="381" VPOS="721" WIDTH="15"/>
						<String ID="P202_ST00114" HPOS="396" VPOS="685" WIDTH="45" HEIGHT="26" CONTENT="old" WC="1.00" CC="000"/>
						<SP ID="P202_SP00100" HPOS="441" VPOS="721" WIDTH="16"/>
						<String ID="P202_ST00115" HPOS="457" VPOS="685" WIDTH="93" HEIGHT="32" CONTENT="tablet," WC="0.67" CC="5046014"/>
						<SP ID="P202_SP00101" HPOS="550" VPOS="721" WIDTH="12"/>
						<String ID="P202_ST00116" HPOS="562" VPOS="685" WIDTH="46" HEIGHT="25" CONTENT="the" WC="0.65" CC="370"/>
						<SP ID="P202_SP00102" HPOS="608" VPOS="721" WIDTH="12"/>
						<String ID="P202_ST00117" HPOS="620" VPOS="684" WIDTH="154" HEIGHT="27" CONTENT="characters" WC="0.81" CC="0503000090"/>
						<SP ID="P202_SP00103" HPOS="774" VPOS="721" WIDTH="12"/>
						<String ID="P202_ST00118" HPOS="786" VPOS="685" WIDTH="30" HEIGHT="26" CONTENT="of" WC="0.98" CC="00"/>
						<SP ID="P202_SP00104" HPOS="816" VPOS="721" WIDTH="10"/>
						<String ID="P202_ST00119" HPOS="826" VPOS="685" WIDTH="93" HEIGHT="33" CONTENT="which," WC="0.83" CC="050013"/>
					</TextLine>
					<TextLine ID="P202_TL00016" HPOS="113" VPOS="731" WIDTH="806" HEIGHT="37">
						<String ID="P202_ST00120" HPOS="113" VPOS="741" WIDTH="29" HEIGHT="17" CONTENT="as" WC="1.00" CC="00"/>
						<SP ID="P202_SP00105" HPOS="142" VPOS="758" WIDTH="22"/>
						<String ID="P202_ST00121" HPOS="164" VPOS="732" WIDTH="39" HEIGHT="26" CONTENT="far" WC="1.00" CC="000"/>
						<SP ID="P202_SP00106" HPOS="203" VPOS="758" WIDTH="22"/>
						<String ID="P202_ST00122" HPOS="225" VPOS="741" WIDTH="28" HEIGHT="17" CONTENT="as" WC="0.83" CC="30"/>
						<SP ID="P202_SP00107" HPOS="253" VPOS="758" WIDTH="25"/>
						<String ID="P202_ST00123" HPOS="278" VPOS="732" WIDTH="12" HEIGHT="26" CONTENT="I" WC="1.00" CC="0"/>
						<SP ID="P202_SP00108" HPOS="290" VPOS="758" WIDTH="25"/>
						<String ID="P202_ST00124" HPOS="315" VPOS="732" WIDTH="68" HEIGHT="26" CONTENT="have" WC="1.00" CC="0000"/>
						<SP ID="P202_SP00109" HPOS="383" VPOS="758" WIDTH="13"/>
						<String ID="P202_ST00125" HPOS="396" VPOS="732" WIDTH="70" HEIGHT="26" CONTENT="been" WC="0.85" CC="3002"/>
						<SP ID="P202_SP00110" HPOS="466" VPOS="758" WIDTH="13"/>
						<String ID="P202_ST00126" HPOS="479" VPOS="731" WIDTH="60" HEIGHT="27" CONTENT="able" WC="1.00" CC="0000"/>
						<SP ID="P202_SP00111" HPOS="539" VPOS="758" WIDTH="15"/>
						<String ID="P202_ST00127" HPOS="554" VPOS="735" WIDTH="27" HEIGHT="22" CONTENT="to" WC="0.73" CC="31"/>
						<SP ID="P202_SP00112" HPOS="581" VPOS="758" WIDTH="14"/>
						<String ID="P202_ST00128" HPOS="595" VPOS="731" WIDTH="144" HEIGHT="33" CONTENT="ascertain," WC="0.71" CC="2500431163"/>
						<SP ID="P202_SP00113" HPOS="739" VPOS="764" WIDTH="16"/>
						<String ID="P202_ST00129" HPOS="755" VPOS="740" WIDTH="42" HEIGHT="18" CONTENT="are" WC="0.87" CC="200"/>
						<SP ID="P202_SP00114" HPOS="797" VPOS="764" WIDTH="14"/>
						<String ID="P202_ST00130" HPOS="811" VPOS="731" WIDTH="108" HEIGHT="37" CONTENT="entirely" WC="0.74" CC="05406030"/>
					</TextLine>
					<TextLine ID="P202_TL00017" HPOS="113" VPOS="779" WIDTH="806" HEIGHT="37">
						<String ID="P202_ST00131" HPOS="113" VPOS="779" WIDTH="114" HEIGHT="27" CONTENT="distinct" WC="0.84" CC="03005300"/>
						<SP ID="P202_SP00115" HPOS="227" VPOS="806" WIDTH="19"/>
						<String ID="P202_ST00132" HPOS="246" VPOS="780" WIDTH="68" HEIGHT="26" CONTENT="from" WC="0.80" CC="0430"/>
						<SP ID="P202_SP00116" HPOS="314" VPOS="806" WIDTH="21"/>
						<String ID="P202_ST00133" HPOS="335" VPOS="790" WIDTH="54" HEIGHT="26" CONTENT="any" WC="0.85" CC="040"/>
						<SP ID="P202_SP00117" HPOS="389" VPOS="816" WIDTH="13"/>
						<String ID="P202_ST00134" HPOS="402" VPOS="779" WIDTH="81" HEIGHT="35" CONTENT="thing" WC="0.77" CC="01270"/>
						<SP ID="P202_SP00118" HPOS="483" VPOS="816" WIDTH="14"/>
						<String ID="P202_ST00135" HPOS="497" VPOS="784" WIDTH="28" HEIGHT="22" CONTENT="to" WC="1.00" CC="00"/>
						<SP ID="P202_SP00119" HPOS="525" VPOS="816" WIDTH="15"/>
						<String ID="P202_ST00136" HPOS="540" VPOS="779" WIDTH="33" HEIGHT="26" CONTENT="be" WC="0.96" CC="00"/>
						<SP ID="P202_SP00120" HPOS="573" VPOS="816" WIDTH="14"/>
						<String ID="P202_ST00137" HPOS="587" VPOS="779" WIDTH="84" HEIGHT="27" CONTENT="found" WC="0.67" CC="04470"/>
						<SP ID="P202_SP00121" HPOS="671" VPOS="816" WIDTH="22"/>
						<String ID="P202_ST00138" HPOS="693" VPOS="779" WIDTH="26" HEIGHT="27" CONTENT="in" WC="0.63" CC="33"/>
						<SP ID="P202_SP00122" HPOS="719" VPOS="816" WIDTH="24"/>
						<String ID="P202_ST00139" HPOS="743" VPOS="782" WIDTH="107" HEIGHT="32" CONTENT="present" WC="0.61" CC="9206214"/>
						<SP ID="P202_SP00123" HPOS="850" VPOS="816" WIDTH="16"/>
						<String ID="P202_ST00140" HPOS="866" VPOS="789" WIDTH="53" HEIGHT="22" CONTENT="use," WC="0.82" CC="0403"/>
					</TextLine>
					<TextLine ID="P202_TL00018" HPOS="112" VPOS="826" WIDTH="406" HEIGHT="36">
						<String ID="P202_ST00141" HPOS="112" VPOS="837" WIDTH="30" HEIGHT="17" CONTENT="or" WC="0.95" CC="00"/>
						<SP ID="P202_SP00124" HPOS="142" VPOS="854" WIDTH="12"/>
						<String ID="P202_ST00142" HPOS="154" VPOS="828" WIDTH="28" HEIGHT="25" CONTENT="in" WC="0.81" CC="30"/>
						<SP ID="P202_SP00125" HPOS="182" VPOS="854" WIDTH="14"/>
						<String ID="P202_ST00143" HPOS="196" VPOS="827" WIDTH="173" HEIGHT="35" CONTENT="antiquarian" WC="0.76" CC="06200403090"/>
						<SP ID="P202_SP00126" HPOS="369" VPOS="862" WIDTH="15"/>
						<String ID="P202_ST00144" HPOS="384" VPOS="826" WIDTH="134" HEIGHT="27" CONTENT="research." WC="0.75" CC="103005074"/>
					</TextLine>
				</TextBlock>
				<TextBlock ID="P202_TB00005" HPOS="109" VPOS="873" WIDTH="809" HEIGHT="273" STYLEREFS="TXT_1 PAR_LEFT">
					<TextLine ID="P202_TL00019" HPOS="151" VPOS="873" WIDTH="767" HEIGHT="38">
						<String ID="P202_ST00145" HPOS="151" VPOS="874" WIDTH="59" HEIGHT="26" CONTENT="Our" WC="1.00" CC="000"/>
						<SP ID="P202_SP00127" HPOS="210" VPOS="900" WIDTH="20"/>
						<String ID="P202_ST00146" HPOS="230" VPOS="874" WIDTH="65" HEIGHT="27" CONTENT="time" WC="0.83" CC="0501"/>
						<SP ID="P202_SP00128" HPOS="295" VPOS="901" WIDTH="21"/>
						<String ID="P202_ST00147" HPOS="316" VPOS="884" WIDTH="54" HEIGHT="16" CONTENT="was" WC="0.86" CC="021"/>
						<SP ID="P202_SP00129" HPOS="370" VPOS="901" WIDTH="20"/>
						<String ID="P202_ST00148" HPOS="390" VPOS="878" WIDTH="82" HEIGHT="32" CONTENT="spent" WC="0.85" CC="00052"/>
						<SP ID="P202_SP00130" HPOS="472" VPOS="910" WIDTH="18"/>
						<String ID="P202_ST00149" HPOS="490" VPOS="874" WIDTH="27" HEIGHT="26" CONTENT="in" WC="0.68" CC="06"/>
						<SP ID="P202_SP00131" HPOS="517" VPOS="910" WIDTH="23"/>
						<String ID="P202_ST00150" HPOS="540" VPOS="874" WIDTH="111" HEIGHT="37" CONTENT="visiting" WC="0.66" CC="00362373"/>
						<SP ID="P202_SP00132" HPOS="651" VPOS="911" WIDTH="20"/>
						<String ID="P202_ST00151" HPOS="671" VPOS="873" WIDTH="47" HEIGHT="27" CONTENT="the" WC="0.77" CC="060"/>
						<SP ID="P202_SP00133" HPOS="718" VPOS="911" WIDTH="15"/>
						<String ID="P202_ST00152" HPOS="733" VPOS="873" WIDTH="116" HEIGHT="27" CONTENT="Chinese" WC="0.73" CC="0707030"/>
						<SP ID="P202_SP00134" HPOS="849" VPOS="911" WIDTH="21"/>
						<String ID="P202_ST00153" HPOS="870" VPOS="874" WIDTH="48" HEIGHT="26" CONTENT="and" WC="0.95" CC="010"/>
					</TextLine>
					<TextLine ID="P202_TL00020" HPOS="113" VPOS="921" WIDTH="805" HEIGHT="37">
						<String ID="P202_ST00154" HPOS="113" VPOS="922" WIDTH="90" HEIGHT="27" CONTENT="native" WC="0.92" CC="000400"/>
						<SP ID="P202_SP00135" HPOS="203" VPOS="949" WIDTH="22"/>
						<String ID="P202_ST00155" HPOS="225" VPOS="922" WIDTH="122" HEIGHT="36" CONTENT="villages," WC="0.80" CC="800009000"/>
						<SP ID="P202_SP00136" HPOS="347" VPOS="958" WIDTH="22"/>
						<String ID="P202_ST00156" HPOS="369" VPOS="922" WIDTH="52" HEIGHT="26" CONTENT="and" WC="0.81" CC="050"/>
						<SP ID="P202_SP00137" HPOS="421" VPOS="958" WIDTH="24"/>
						<String ID="P202_ST00157" HPOS="445" VPOS="922" WIDTH="180" HEIGHT="35" CONTENT="distributing" WC="0.77" CC="044051000019"/>
						<SP ID="P202_SP00138" HPOS="625" VPOS="958" WIDTH="20"/>
						<String ID="P202_ST00158" HPOS="645" VPOS="926" WIDTH="93" HEIGHT="22" CONTENT="tracts." WC="0.69" CC="6360040"/>
						<SP ID="P202_SP00139" HPOS="738" VPOS="958" WIDTH="38"/>
						<String ID="P202_ST00159" HPOS="776" VPOS="921" WIDTH="56" HEIGHT="27" CONTENT="The" WC="1.00" CC="000"/>
						<SP ID="P202_SP00140" HPOS="832" VPOS="958" WIDTH="14"/>
						<String ID="P202_ST00160" HPOS="846" VPOS="931" WIDTH="72" HEIGHT="26" CONTENT="camp" WC="0.88" CC="0040"/>
					</TextLine>
					<TextLine ID="P202_TL00021" HPOS="113" VPOS="969" WIDTH="805" HEIGHT="27">
						<String ID="P202_ST00161" HPOS="113" VPOS="970" WIDTH="87" HEIGHT="26" CONTENT="ofthe" WC="1.00" CC="00000"/>
						<SP ID="P202_SP00141" HPOS="200" VPOS="996" WIDTH="16"/>
						<String ID="P202_ST00162" HPOS="216" VPOS="969" WIDTH="119" HEIGHT="27" CONTENT="Chinese" WC="0.84" CC="0522000"/>
						<String ID="P202_ST00163" HPOS="338" VPOS="985" WIDTH="33" HEIGHT="4" CONTENT="—" WC="0.20" CC="8"/>
						<String ID="P202_ST00164" HPOS="375" VPOS="970" WIDTH="41" HEIGHT="26" CONTENT="for" WC="1.00" CC="000"/>
						<SP ID="P202_SP00142" HPOS="416" VPOS="996" WIDTH="13"/>
						<String ID="P202_ST00165" HPOS="429" VPOS="978" WIDTH="30" HEIGHT="18" CONTENT="so" WC="0.79" CC="04"/>
						<SP ID="P202_SP00143" HPOS="459" VPOS="996" WIDTH="15"/>
						<String ID="P202_ST00166" HPOS="474" VPOS="969" WIDTH="71" HEIGHT="26" CONTENT="their" WC="0.75" CC="27010"/>
						<SP ID="P202_SP00144" HPOS="545" VPOS="996" WIDTH="20"/>
						<String ID="P202_ST00167" HPOS="565" VPOS="969" WIDTH="171" HEIGHT="27" CONTENT="settlements" WC="0.77" CC="20354000503"/>
						<SP ID="P202_SP00145" HPOS="736" VPOS="996" WIDTH="11"/>
						<String ID="P202_ST00168" HPOS="747" VPOS="978" WIDTH="43" HEIGHT="17" CONTENT="are" WC="1.00" CC="000"/>
						<SP ID="P202_SP00146" HPOS="790" VPOS="996" WIDTH="15"/>
						<String ID="P202_ST00169" HPOS="805" VPOS="969" WIDTH="113" HEIGHT="26" CONTENT="denomi" SUBS_TYPE="HypPart1" SUBS_CONTENT="denominate" WC="0.86" CC="0006030"/>
						<HYP CONTENT="-"/>
					</TextLine>
					<TextLine ID="P202_TL00022" HPOS="111" VPOS="1016" WIDTH="807" HEIGHT="37">
						<String ID="P202_ST00170" HPOS="111" VPOS="1017" WIDTH="83" HEIGHT="27" CONTENT="nated" SUBS_TYPE="HypPart2" SUBS_CONTENT="denominate" WC="0.68" CC="53007"/>
						<String ID="P202_ST00171" HPOS="198" VPOS="1033" WIDTH="33" HEIGHT="3" CONTENT="—" WC="0.20" CC="8"/>
						<String ID="P202_ST00172" HPOS="235" VPOS="1017" WIDTH="22" HEIGHT="27" CONTENT="is" WC="0.70" CC="05"/>
						<SP ID="P202_SP00147" HPOS="257" VPOS="1044" WIDTH="23"/>
						<String ID="P202_ST00173" HPOS="280" VPOS="1017" WIDTH="139" HEIGHT="27" CONTENT="extensive" WC="0.96" CC="000030000"/>
						<SP ID="P202_SP00148" HPOS="419" VPOS="1044" WIDTH="27"/>
						<String ID="P202_ST00174" HPOS="446" VPOS="1017" WIDTH="53" HEIGHT="26" CONTENT="and" WC="0.73" CC="080"/>
						<SP ID="P202_SP00149" HPOS="499" VPOS="1044" WIDTH="27"/>
						<String ID="P202_ST00175" HPOS="526" VPOS="1017" WIDTH="146" HEIGHT="36" CONTENT="populous." WC="0.87" CC="019000000"/>
						<SP ID="P202_SP00150" HPOS="672" VPOS="1053" WIDTH="39"/>
						<String ID="P202_ST00176" HPOS="711" VPOS="1016" WIDTH="76" HEIGHT="36" CONTENT="They" WC="0.89" CC="0400"/>
						<SP ID="P202_SP00151" HPOS="787" VPOS="1053" WIDTH="23"/>
						<String ID="P202_ST00177" HPOS="810" VPOS="1016" WIDTH="108" HEIGHT="27" CONTENT="listened" WC="0.79" CC="40530300"/>
					</TextLine>
					<TextLine ID="P202_TL00023" HPOS="109" VPOS="1063" WIDTH="807" HEIGHT="36">
						<String ID="P202_ST00178" HPOS="109" VPOS="1064" WIDTH="160" HEIGHT="35" CONTENT="attentively" WC="0.80" CC="04304630000"/>
						<SP ID="P202_SP00152" HPOS="269" VPOS="1099" WIDTH="14"/>
						<String ID="P202_ST00179" HPOS="283" VPOS="1069" WIDTH="28" HEIGHT="22" CONTENT="to" WC="0.66" CC="06"/>
						<SP ID="P202_SP00153" HPOS="311" VPOS="1099" WIDTH="13"/>
						<String ID="P202_ST00180" HPOS="324" VPOS="1064" WIDTH="46" HEIGHT="26" CONTENT="the" WC="0.79" CC="060"/>
						<SP ID="P202_SP00154" HPOS="370" VPOS="1099" WIDTH="15"/>
						<String ID="P202_ST00181" HPOS="385" VPOS="1064" WIDTH="178" HEIGHT="26" CONTENT="instructions" WC="0.71" CC="330055032062"/>
						<SP ID="P202_SP00155" HPOS="563" VPOS="1099" WIDTH="15"/>
						<String ID="P202_ST00182" HPOS="578" VPOS="1064" WIDTH="30" HEIGHT="26" CONTENT="of" WC="1.00" CC="00"/>
						<SP ID="P202_SP00156" HPOS="608" VPOS="1099" WIDTH="11"/>
						<String ID="P202_ST00183" HPOS="619" VPOS="1064" WIDTH="55" HEIGHT="26" CONTENT="Mr." WC="0.99" CC="000"/>
						<SP ID="P202_SP00157" HPOS="674" VPOS="1099" WIDTH="16"/>
						<String ID="P202_ST00184" HPOS="690" VPOS="1063" WIDTH="157" HEIGHT="32" CONTENT="Medhurst," WC="0.84" CC="000606001"/>
						<SP ID="P202_SP00158" HPOS="847" VPOS="1099" WIDTH="19"/>
						<String ID="P202_ST00185" HPOS="866" VPOS="1063" WIDTH="50" HEIGHT="27" CONTENT="and" WC="0.80" CC="050"/>
					</TextLine>
					<TextLine ID="P202_TL00024" HPOS="111" VPOS="1111" WIDTH="516" HEIGHT="35">
						<String ID="P202_ST00186" HPOS="111" VPOS="1111" WIDTH="122" HEIGHT="27" CONTENT="received" WC="0.85" CC="40000600"/>
						<SP ID="P202_SP00159" HPOS="233" VPOS="1138" WIDTH="16"/>
						<String ID="P202_ST00187" HPOS="249" VPOS="1112" WIDTH="46" HEIGHT="26" CONTENT="the" WC="0.71" CC="440"/>
						<SP ID="P202_SP00160" HPOS="295" VPOS="1138" WIDTH="15"/>
						<String ID="P202_ST00188" HPOS="310" VPOS="1111" WIDTH="86" HEIGHT="27" CONTENT="books" WC="0.80" CC="00206"/>
						<SP ID="P202_SP00161" HPOS="396" VPOS="1138" WIDTH="17"/>
						<String ID="P202_ST00189" HPOS="413" VPOS="1112" WIDTH="65" HEIGHT="26" CONTENT="with" WC="0.73" CC="0306"/>
						<SP ID="P202_SP00162" HPOS="478" VPOS="1138" WIDTH="17"/>
						<String ID="P202_ST00190" HPOS="495" VPOS="1112" WIDTH="132" HEIGHT="34" CONTENT="pleasure." WC="0.73" CC="940320200"/>
					</TextLine>
				</TextBlock>
				<TextBlock ID="P202_TB00006" HPOS="107" VPOS="1159" WIDTH="812" HEIGHT="317" STYLEREFS="TXT_1 PAR_LEFT">
					<TextLine ID="P202_TL00025" HPOS="149" VPOS="1159" WIDTH="770" HEIGHT="36">
						<String ID="P202_ST00191" HPOS="149" VPOS="1160" WIDTH="32" HEIGHT="26" CONTENT="In" WC="1.00" CC="00"/>
						<SP ID="P202_SP00163" HPOS="181" VPOS="1186" WIDTH="15"/>
						<String ID="P202_ST00192" HPOS="196" VPOS="1169" WIDTH="49" HEIGHT="17" CONTENT="our" WC="0.76" CC="051"/>
						<SP ID="P202_SP00164" HPOS="245" VPOS="1186" WIDTH="13"/>
						<String ID="P202_ST00193" HPOS="258" VPOS="1159" WIDTH="78" HEIGHT="26" CONTENT="visits" WC="0.70" CC="220451"/>
						<SP ID="P202_SP00165" HPOS="336" VPOS="1186" WIDTH="15"/>
						<String ID="P202_ST00194" HPOS="351" VPOS="1168" WIDTH="100" HEIGHT="27" CONTENT="among" WC="0.57" CC="05059"/>
						<SP ID="P202_SP00166" HPOS="451" VPOS="1195" WIDTH="23"/>
						<String ID="P202_ST00195" HPOS="474" VPOS="1159" WIDTH="45" HEIGHT="26" CONTENT="the" WC="0.61" CC="560"/>
						<SP ID="P202_SP00167" HPOS="519" VPOS="1195" WIDTH="15"/>
						<String ID="P202_ST00196" HPOS="534" VPOS="1159" WIDTH="135" HEIGHT="27" CONTENT="Javanese" WC="0.80" CC="00093100"/>
						<SP ID="P202_SP00168" HPOS="669" VPOS="1195" WIDTH="14"/>
						<String ID="P202_ST00197" HPOS="683" VPOS="1169" WIDTH="40" HEIGHT="17" CONTENT="we" WC="1.00" CC="00"/>
						<SP ID="P202_SP00169" HPOS="723" VPOS="1195" WIDTH="21"/>
						<String ID="P202_ST00198" HPOS="744" VPOS="1159" WIDTH="84" HEIGHT="27" CONTENT="called" WC="0.92" CC="005000"/>
						<SP ID="P202_SP00170" HPOS="828" VPOS="1195" WIDTH="22"/>
						<String ID="P202_ST00199" HPOS="850" VPOS="1167" WIDTH="69" HEIGHT="27" CONTENT="upon" WC="0.64" CC="0904"/>
					</TextLine>
					<TextLine ID="P202_TL00026" HPOS="110" VPOS="1205" WIDTH="809" HEIGHT="37">
						<String ID="P202_ST00200" HPOS="110" VPOS="1207" WIDTH="46" HEIGHT="26" CONTENT="the" WC="0.96" CC="010"/>
						<SP ID="P202_SP00171" HPOS="156" VPOS="1233" WIDTH="19"/>
						<String ID="P202_ST00201" HPOS="175" VPOS="1207" WIDTH="120" HEIGHT="35" CONTENT="ex-royal" WC="0.98" CC="00010000"/>
						<SP ID="P202_SP00172" HPOS="295" VPOS="1242" WIDTH="24"/>
						<String ID="P202_ST00202" HPOS="319" VPOS="1206" WIDTH="105" HEIGHT="36" CONTENT="family," WC="0.97" CC="0000002"/>
						<SP ID="P202_SP00173" HPOS="424" VPOS="1242" WIDTH="26"/>
						<String ID="P202_ST00203" HPOS="450" VPOS="1206" WIDTH="61" HEIGHT="26" CONTENT="who" WC="0.75" CC="070"/>
						<SP ID="P202_SP00174" HPOS="511" VPOS="1242" WIDTH="21"/>
						<String ID="P202_ST00204" HPOS="532" VPOS="1206" WIDTH="56" HEIGHT="26" CONTENT="still" WC="0.85" CC="23001"/>
						<SP ID="P202_SP00175" HPOS="588" VPOS="1242" WIDTH="20"/>
						<String ID="P202_ST00205" HPOS="608" VPOS="1207" WIDTH="119" HEIGHT="26" CONTENT="exercise" WC="0.80" CC="49000000"/>
						<SP ID="P202_SP00176" HPOS="727" VPOS="1242" WIDTH="21"/>
						<String ID="P202_ST00206" HPOS="748" VPOS="1207" WIDTH="46" HEIGHT="26" CONTENT="the" WC="0.81" CC="050"/>
						<SP ID="P202_SP00177" HPOS="794" VPOS="1242" WIDTH="21"/>
						<String ID="P202_ST00207" HPOS="815" VPOS="1205" WIDTH="104" HEIGHT="37" CONTENT="highest" WC="0.73" CC="1090060"/>
					</TextLine>
					<TextLine ID="P202_TL00027" HPOS="110" VPOS="1254" WIDTH="808" HEIGHT="35">
						<String ID="P202_ST00208" HPOS="110" VPOS="1254" WIDTH="139" HEIGHT="27" CONTENT="functions" WC="0.73" CC="006001365"/>
						<SP ID="P202_SP00178" HPOS="249" VPOS="1281" WIDTH="24"/>
						<String ID="P202_ST00209" HPOS="273" VPOS="1254" WIDTH="140" HEIGHT="26" CONTENT="entrusted" WC="0.75" CC="074082000"/>
						<SP ID="P202_SP00179" HPOS="413" VPOS="1281" WIDTH="18"/>
						<String ID="P202_ST00210" HPOS="431" VPOS="1254" WIDTH="37" HEIGHT="35" CONTENT="by" WC="0.71" CC="50"/>
						<SP ID="P202_SP00180" HPOS="468" VPOS="1289" WIDTH="15"/>
						<String ID="P202_ST00211" HPOS="483" VPOS="1254" WIDTH="187" HEIGHT="27" CONTENT="Government" WC="0.68" CC="0900055073"/>
						<SP ID="P202_SP00181" HPOS="670" VPOS="1289" WIDTH="22"/>
						<String ID="P202_ST00212" HPOS="692" VPOS="1258" WIDTH="28" HEIGHT="23" CONTENT="to" WC="1.00" CC="00"/>
						<SP ID="P202_SP00182" HPOS="720" VPOS="1289" WIDTH="22"/>
						<String ID="P202_ST00213" HPOS="742" VPOS="1254" WIDTH="46" HEIGHT="27" CONTENT="the" WC="0.89" CC="030"/>
						<SP ID="P202_SP00183" HPOS="788" VPOS="1289" WIDTH="22"/>
						<String ID="P202_ST00214" HPOS="810" VPOS="1254" WIDTH="108" HEIGHT="26" CONTENT="natives." WC="0.69" CC="30650044"/>
					</TextLine>
					<TextLine ID="P202_TL00028" HPOS="109" VPOS="1299" WIDTH="809" HEIGHT="37">
						<String ID="P202_ST00215" HPOS="109" VPOS="1301" WIDTH="81" HEIGHT="26" CONTENT="Their" WC="0.90" CC="00004"/>
						<SP ID="P202_SP00184" HPOS="190" VPOS="1327" WIDTH="13"/>
						<String ID="P202_ST00216" HPOS="203" VPOS="1301" WIDTH="208" HEIGHT="26" CONTENT="establishment" WC="0.75" CC="0209040450041"/>
						<SP ID="P202_SP00185" HPOS="411" VPOS="1327" WIDTH="13"/>
						<String ID="P202_ST00217" HPOS="424" VPOS="1301" WIDTH="22" HEIGHT="26" CONTENT="is" WC="1.00" CC="00"/>
						<SP ID="P202_SP00186" HPOS="446" VPOS="1327" WIDTH="14"/>
						<String ID="P202_ST00218" HPOS="460" VPOS="1310" WIDTH="65" HEIGHT="26" CONTENT="very" WC="0.94" CC="0020"/>
						<SP ID="P202_SP00187" HPOS="525" VPOS="1336" WIDTH="9"/>
						<String ID="P202_ST00219" HPOS="534" VPOS="1301" WIDTH="199" HEIGHT="33" CONTENT="commodious," WC="0.77" CC="00952030202"/>
						<SP ID="P202_SP00188" HPOS="733" VPOS="1336" WIDTH="15"/>
						<String ID="P202_ST00220" HPOS="748" VPOS="1301" WIDTH="54" HEIGHT="26" CONTENT="and" WC="0.71" CC="080"/>
						<SP ID="P202_SP00189" HPOS="802" VPOS="1336" WIDTH="15"/>
						<String ID="P202_ST00221" HPOS="817" VPOS="1299" WIDTH="101" HEIGHT="37" CONTENT="though" WC="0.49" CC="739091"/>
					</TextLine>
					<TextLine ID="P202_TL00029" HPOS="109" VPOS="1347" WIDTH="809" HEIGHT="37">
						<String ID="P202_ST00222" HPOS="109" VPOS="1347" WIDTH="117" HEIGHT="26" CONTENT="without" WC="0.75" CC="0607300"/>
						<SP ID="P202_SP00190" HPOS="226" VPOS="1373" WIDTH="27"/>
						<String ID="P202_ST00223" HPOS="253" VPOS="1347" WIDTH="156" HEIGHT="35" CONTENT="splendour," WC="0.77" CC="7050303003"/>
						<SP ID="P202_SP00191" HPOS="409" VPOS="1382" WIDTH="29"/>
						<String ID="P202_ST00224" HPOS="438" VPOS="1348" WIDTH="83" HEIGHT="27" CONTENT="much" WC="0.88" CC="0013"/>
						<SP ID="P202_SP00192" HPOS="521" VPOS="1382" WIDTH="24"/>
						<String ID="P202_ST00225" HPOS="545" VPOS="1348" WIDTH="122" HEIGHT="35" CONTENT="superior" WC="0.96" CC="00000300"/>
						<SP ID="P202_SP00193" HPOS="667" VPOS="1383" WIDTH="25"/>
						<String ID="P202_ST00226" HPOS="692" VPOS="1353" WIDTH="30" HEIGHT="22" CONTENT="to" WC="0.67" CC="06"/>
						<SP ID="P202_SP00194" HPOS="722" VPOS="1383" WIDTH="26"/>
						<String ID="P202_ST00227" HPOS="748" VPOS="1358" WIDTH="52" HEIGHT="26" CONTENT="any" WC="0.93" CC="020"/>
						<SP ID="P202_SP00195" HPOS="800" VPOS="1384" WIDTH="23"/>
						<String ID="P202_ST00228" HPOS="823" VPOS="1348" WIDTH="31" HEIGHT="27" CONTENT="of" WC="1.00" CC="00"/>
						<SP ID="P202_SP00196" HPOS="854" VPOS="1384" WIDTH="22"/>
						<String ID="P202_ST00229" HPOS="876" VPOS="1347" WIDTH="42" HEIGHT="27" CONTENT="the" WC="0.79" CC="060"/>
					</TextLine>
					<TextLine ID="P202_TL00030" HPOS="109" VPOS="1394" WIDTH="810" HEIGHT="37">
						<String ID="P202_ST00230" HPOS="109" VPOS="1394" WIDTH="139" HEIGHT="35" CONTENT="buildings" WC="0.84" CC="004000602"/>
						<SP ID="P202_SP00197" HPOS="248" VPOS="1429" WIDTH="16"/>
						<String ID="P202_ST00231" HPOS="264" VPOS="1394" WIDTH="12" HEIGHT="25" CONTENT="I" WC="1.00" CC="0"/>
						<SP ID="P202_SP00198" HPOS="276" VPOS="1429" WIDTH="16"/>
						<String ID="P202_ST00232" HPOS="292" VPOS="1395" WIDTH="70" HEIGHT="25" CONTENT="have" WC="0.83" CC="0330"/>
						<SP ID="P202_SP00199" HPOS="362" VPOS="1429" WIDTH="14"/>
						<String ID="P202_ST00233" HPOS="376" VPOS="1399" WIDTH="47" HEIGHT="31" CONTENT="yet" WC="1.00" CC="000"/>
						<SP ID="P202_SP00200" HPOS="423" VPOS="1430" WIDTH="14"/>
						<String ID="P202_ST00234" HPOS="437" VPOS="1404" WIDTH="72" HEIGHT="17" CONTENT="seen." WC="0.87" CC="10040"/>
						<SP ID="P202_SP00201" HPOS="509" VPOS="1430" WIDTH="41"/>
						<String ID="P202_ST00235" HPOS="550" VPOS="1396" WIDTH="58" HEIGHT="25" CONTENT="The" WC="1.00" CC="000"/>
						<SP ID="P202_SP00202" HPOS="608" VPOS="1430" WIDTH="16"/>
						<String ID="P202_ST00236" HPOS="624" VPOS="1401" WIDTH="109" HEIGHT="30" CONTENT="present" WC="0.60" CC="9702043"/>
						<SP ID="P202_SP00203" HPOS="733" VPOS="1431" WIDTH="15"/>
						<String ID="P202_ST00237" HPOS="748" VPOS="1396" WIDTH="139" HEIGHT="27" CONTENT="Governor" WC="0.80" CC="02005600"/>
						<SP ID="P202_SP00204" HPOS="887" VPOS="1431" WIDTH="14"/>
						<String ID="P202_ST00238" HPOS="901" VPOS="1394" WIDTH="18" HEIGHT="26" CONTENT="is" WC="0.84" CC="03"/>
					</TextLine>
					<TextLine ID="P202_TL00031" HPOS="109" VPOS="1440" WIDTH="810" HEIGHT="36">
						<String ID="P202_ST00239" HPOS="109" VPOS="1440" WIDTH="157" HEIGHT="35" CONTENT="fifty-seven" WC="0.87" CC="00010240005"/>
						<SP ID="P202_SP00205" HPOS="266" VPOS="1475" WIDTH="20"/>
						<String ID="P202_ST00240" HPOS="286" VPOS="1450" WIDTH="77" HEIGHT="25" CONTENT="years" WC="0.83" CC="00701"/>
						<SP ID="P202_SP00206" HPOS="363" VPOS="1475" WIDTH="15"/>
						<String ID="P202_ST00241" HPOS="378" VPOS="1441" WIDTH="31" HEIGHT="26" CONTENT="of" WC="0.97" CC="00"/>
						<SP ID="P202_SP00207" HPOS="409" VPOS="1475" WIDTH="17"/>
						<String ID="P202_ST00242" HPOS="426" VPOS="1451" WIDTH="52" HEIGHT="25" CONTENT="age" WC="1.00" CC="000"/>
						<SP ID="P202_SP00208" HPOS="478" VPOS="1476" WIDTH="12"/>
						<String ID="P202_ST00243" HPOS="490" VPOS="1452" WIDTH="7" HEIGHT="23" CONTENT=";" WC="0.37" CC="6"/>
						<SP ID="P202_SP00209" HPOS="497" VPOS="1476" WIDTH="20"/>
						<String ID="P202_ST00244" HPOS="517" VPOS="1442" WIDTH="54" HEIGHT="27" CONTENT="and" WC="0.97" CC="000"/>
						<SP ID="P202_SP00210" HPOS="571" VPOS="1476" WIDTH="17"/>
						<String ID="P202_ST00245" HPOS="588" VPOS="1442" WIDTH="43" HEIGHT="27" CONTENT="his" WC="0.64" CC="405"/>
						<SP ID="P202_SP00211" HPOS="631" VPOS="1476" WIDTH="15"/>
						<String ID="P202_ST00246" HPOS="646" VPOS="1443" WIDTH="99" HEIGHT="33" CONTENT="father," WC="0.81" CC="0044004"/>
						<SP ID="P202_SP00212" HPOS="745" VPOS="1476" WIDTH="22"/>
						<String ID="P202_ST00247" HPOS="767" VPOS="1443" WIDTH="61" HEIGHT="28" CONTENT="who" WC="0.76" CC="061"/>
						<SP ID="P202_SP00213" HPOS="828" VPOS="1476" WIDTH="14"/>
						<String ID="P202_ST00248" HPOS="842" VPOS="1444" WIDTH="26" HEIGHT="25" CONTENT="in" WC="0.70" CC="41"/>
						<SP ID="P202_SP00214" HPOS="868" VPOS="1476" WIDTH="14"/>
						<String ID="P202_ST00249" HPOS="882" VPOS="1442" WIDTH="37" HEIGHT="27" CONTENT="his" WC="0.75" CC="700"/>
					</TextLine>
				</TextBlock>
			</PrintSpace>
		</Page>
	</Layout>
</alto>
