<?xml version="1.0" encoding="UTF-8"?>
<alto xmlns:xsi="http://www.w3.org/2001/XMLSchema-instance" xsi:noNamespaceSchemaLocation="http://www.bl.uk/schemas/alto/alto-1-4.xsd" xmlns:xlink="http://www.w3.org/1999/xlink">
	<Description>
		<MeasurementUnit>mm10</MeasurementUnit>
		<sourceImageInformation>
			<fileName>//head1/IN/2008-15/A0011390163/005087.jp2</fileName>
		</sourceImageInformation>
		<OCRProcessing ID="OCRPROCESSING_1">
			<preProcessingStep>
				<processingSoftware>
					<softwareCreator>CCS Content Conversion Specialists GmbH, Germany</softwareCreator>
					<softwareName>CCS docWORKS</softwareName>
					<softwareVersion>6.1-0.67</softwareVersion>
				</processingSoftware>
			</preProcessingStep>
			<ocrProcessingStep>
				<processingSoftware>
					<softwareCreator>ABBYY (BIT Software), Russia</softwareCreator>
					<softwareName>Finereader</softwareName>
				</processingSoftware>
			</ocrProcessingStep>
		</OCRProcessing>
	</Description>
	<Styles>
		<TextStyle ID="TXT_0" FONTSIZE="10" FONTFAMILY="Courier New"/>
		<TextStyle ID="TXT_1" FONTSIZE="9" FONTFAMILY="Courier New"/>
		<ParagraphStyle ID="PAR_RIGHT" ALIGN="Right"/>
		<ParagraphStyle ID="PAR_LEFT" ALIGN="Left"/>
		<ParagraphStyle ID="PAR_CENTER" ALIGN="Center"/>
	</Styles>
	<Layout>
		<Page ID="P311" PHYSICAL_IMG_NR="311" HEIGHT="1595" WIDTH="960" PRINTED_IMG_NR="273" POSITION="Right" ACCURACY="76.29">
			<TopMargin ID="P311_TM00001" HPOS="0" VPOS="0" WIDTH="960" HEIGHT="65">
				<TextBlock ID="P311_TB00001" HPOS="809" VPOS="35" WIDTH="52" HEIGHT="26" STYLEREFS="TXT_0 PAR_RIGHT">
					<TextLine ID="P311_TL00001" HPOS="809" VPOS="36" WIDTH="52" HEIGHT="25">
						<String ID="P311_ST00001" HPOS="809" VPOS="36" WIDTH="52" HEIGHT="25" CONTENT="273" WC="0.57" CC="444"/>
					</TextLine>
				</TextBlock>
				<TextBlock ID="P311_TB00002" HPOS="391" VPOS="46" WIDTH="73" HEIGHT="19" STYLEREFS="TXT_1 PAR_LEFT">
					<TextLine ID="P311_TL00002" HPOS="391" VPOS="47" WIDTH="73" HEIGHT="18">
						<String ID="P311_ST00002" HPOS="391" VPOS="47" WIDTH="73" HEIGHT="18" CONTENT="SIAM" WC="0.76" CC="2700"/>
					</TextLine>
				</TextBlock>
			</TopMargin>
			<LeftMargin ID="P311_LM00001" HPOS="0" VPOS="63" WIDTH="56" HEIGHT="1444"/>
			<RightMargin ID="P311_RM00001" HPOS="872" VPOS="63" WIDTH="88" HEIGHT="1444"/>
			<BottomMargin ID="P311_BM00001" HPOS="0" VPOS="1507" WIDTH="960" HEIGHT="88"/>
			<PrintSpace ID="P311_PS00001" HPOS="56" VPOS="63" WIDTH="816" HEIGHT="1444">
				<TextBlock ID="P311_TB00003" HPOS="56" VPOS="105" WIDTH="809" HEIGHT="85" STYLEREFS="TXT_1 PAR_LEFT">
					<TextLine ID="P311_TL00003" HPOS="58" VPOS="106" WIDTH="807" HEIGHT="40">
						<String ID="P311_ST00003" HPOS="58" VPOS="108" WIDTH="61" HEIGHT="27" CONTENT="lude" WC="0.79" CC="5200"/>
						<SP ID="P311_SP00001" HPOS="119" VPOS="135" WIDTH="14"/>
						<String ID="P311_ST00004" HPOS="133" VPOS="109" WIDTH="31" HEIGHT="26" CONTENT="of" WC="0.91" CC="10"/>
						<SP ID="P311_SP00002" HPOS="164" VPOS="135" WIDTH="15"/>
						<String ID="P311_ST00005" HPOS="179" VPOS="109" WIDTH="98" HEIGHT="32" CONTENT="music," WC="0.79" CC="060302"/>
						<SP ID="P311_SP00003" HPOS="277" VPOS="141" WIDTH="16"/>
						<String ID="P311_ST00006" HPOS="293" VPOS="109" WIDTH="49" HEIGHT="27" CONTENT="but" WC="1.00" CC="000"/>
						<SP ID="P311_SP00004" HPOS="342" VPOS="141" WIDTH="13"/>
						<String ID="P311_ST00007" HPOS="355" VPOS="120" WIDTH="40" HEIGHT="16" CONTENT="we" WC="1.00" CC="00"/>
						<SP ID="P311_SP00005" HPOS="395" VPOS="141" WIDTH="14"/>
						<String ID="P311_ST00008" HPOS="409" VPOS="110" WIDTH="47" HEIGHT="26" CONTENT="did" WC="0.92" CC="020"/>
						<SP ID="P311_SP00006" HPOS="456" VPOS="141" WIDTH="24"/>
						<String ID="P311_ST00009" HPOS="480" VPOS="114" WIDTH="49" HEIGHT="22" CONTENT="not" WC="0.71" CC="304"/>
						<SP ID="P311_SP00007" HPOS="529" VPOS="141" WIDTH="20"/>
						<String ID="P311_ST00010" HPOS="549" VPOS="114" WIDTH="61" HEIGHT="32" CONTENT="stop" WC="0.81" CC="3400"/>
						<SP ID="P311_SP00008" HPOS="610" VPOS="146" WIDTH="21"/>
						<String ID="P311_ST00011" HPOS="631" VPOS="113" WIDTH="27" HEIGHT="23" CONTENT="to" WC="0.91" CC="10"/>
						<SP ID="P311_SP00009" HPOS="658" VPOS="146" WIDTH="23"/>
						<String ID="P311_ST00012" HPOS="681" VPOS="108" WIDTH="107" HEIGHT="27" CONTENT="witness" WC="0.89" CC="0004030"/>
						<SP ID="P311_SP00010" HPOS="788" VPOS="146" WIDTH="23"/>
						<String ID="P311_ST00013" HPOS="811" VPOS="106" WIDTH="54" HEIGHT="27" CONTENT="this" WC="0.57" CC="0636"/>
					</TextLine>
					<TextLine ID="P311_TL00004" HPOS="59" VPOS="156" WIDTH="367" HEIGHT="34">
						<String ID="P311_ST00014" HPOS="59" VPOS="159" WIDTH="60" HEIGHT="31" CONTENT="part" WC="0.75" CC="9000"/>
						<SP ID="P311_SP00011" HPOS="119" VPOS="190" WIDTH="13"/>
						<String ID="P311_ST00015" HPOS="132" VPOS="156" WIDTH="30" HEIGHT="26" CONTENT="of" WC="1.00" CC="00"/>
						<SP ID="P311_SP00012" HPOS="162" VPOS="190" WIDTH="11"/>
						<String ID="P311_ST00016" HPOS="173" VPOS="156" WIDTH="45" HEIGHT="26" CONTENT="the" WC="0.79" CC="500"/>
						<SP ID="P311_SP00013" HPOS="218" VPOS="190" WIDTH="13"/>
						<String ID="P311_ST00017" HPOS="231" VPOS="156" WIDTH="195" HEIGHT="34" CONTENT="performance." WC="0.85" CC="001035003004"/>
					</TextLine>
				</TextBlock>
				<TextBlock ID="P311_TB00004" HPOS="59" VPOS="201" WIDTH="811" HEIGHT="552" STYLEREFS="TXT_1 PAR_LEFT">
					<TextLine ID="P311_TL00005" HPOS="96" VPOS="202" WIDTH="771" HEIGHT="36">
						<String ID="P311_ST00018" HPOS="96" VPOS="202" WIDTH="56" HEIGHT="27" CONTENT="The" WC="0.75" CC="070"/>
						<SP ID="P311_SP00014" HPOS="152" VPOS="229" WIDTH="16"/>
						<String ID="P311_ST00019" HPOS="168" VPOS="207" WIDTH="109" HEIGHT="31" CONTENT="present" WC="0.92" CC="0202000"/>
						<SP ID="P311_SP00015" HPOS="277" VPOS="238" WIDTH="22"/>
						<String ID="P311_ST00020" HPOS="299" VPOS="203" WIDTH="96" HEIGHT="27" CONTENT="month" WC="0.69" CC="60503"/>
						<SP ID="P311_SP00016" HPOS="395" VPOS="238" WIDTH="22"/>
						<String ID="P311_ST00021" HPOS="417" VPOS="203" WIDTH="23" HEIGHT="27" CONTENT="is" WC="0.97" CC="00"/>
						<SP ID="P311_SP00017" HPOS="440" VPOS="238" WIDTH="22"/>
						<String ID="P311_ST00022" HPOS="462" VPOS="203" WIDTH="47" HEIGHT="27" CONTENT="the" WC="0.76" CC="070"/>
						<SP ID="P311_SP00018" HPOS="509" VPOS="238" WIDTH="21"/>
						<String ID="P311_ST00023" HPOS="530" VPOS="207" WIDTH="234" HEIGHT="23" CONTENT="commencement" WC="0.77" CC="005506004050"/>
						<SP ID="P311_SP00019" HPOS="764" VPOS="238" WIDTH="17"/>
						<String ID="P311_ST00024" HPOS="781" VPOS="202" WIDTH="30" HEIGHT="27" CONTENT="of" WC="1.00" CC="00"/>
						<SP ID="P311_SP00020" HPOS="811" VPOS="238" WIDTH="11"/>
						<String ID="P311_ST00025" HPOS="822" VPOS="202" WIDTH="45" HEIGHT="26" CONTENT="the" WC="0.72" CC="070"/>
					</TextLine>
					<TextLine ID="P311_TL00006" HPOS="62" VPOS="249" WIDTH="808" HEIGHT="35">
						<String ID="P311_ST00026" HPOS="62" VPOS="249" WIDTH="219" HEIGHT="31" CONTENT="Pnzssa/i.which" WC="0.35" CC="98888888440505"/>
						<SP ID="P311_SP00021" HPOS="281" VPOS="280" WIDTH="11"/>
						<String ID="P311_ST00027" HPOS="292" VPOS="250" WIDTH="66" HEIGHT="26" CONTENT="lasts" WC="0.88" CC="00500"/>
						<SP ID="P311_SP00022" HPOS="358" VPOS="280" WIDTH="9"/>
						<String ID="P311_ST00028" HPOS="367" VPOS="250" WIDTH="41" HEIGHT="26" CONTENT="for" WC="0.93" CC="100"/>
						<SP ID="P311_SP00023" HPOS="408" VPOS="280" WIDTH="10"/>
						<String ID="P311_ST00029" HPOS="418" VPOS="251" WIDTH="76" HEIGHT="26" CONTENT="three" WC="0.86" CC="20400"/>
						<SP ID="P311_SP00024" HPOS="494" VPOS="280" WIDTH="9"/>
						<String ID="P311_ST00030" HPOS="503" VPOS="252" WIDTH="150" HEIGHT="25" CONTENT="successive" WC="0.79" CC="2000015650"/>
						<SP ID="P311_SP00025" HPOS="653" VPOS="280" WIDTH="9"/>
						<String ID="P311_ST00031" HPOS="662" VPOS="250" WIDTH="118" HEIGHT="30" CONTENT="months," WC="0.75" CC="0024621"/>
						<SP ID="P311_SP00026" HPOS="780" VPOS="280" WIDTH="7"/>
						<String ID="P311_ST00032" HPOS="787" VPOS="249" WIDTH="83" HEIGHT="35" CONTENT="being" WC="0.59" CC="20079"/>
					</TextLine>
					<TextLine ID="P311_TL00007" HPOS="62" VPOS="296" WIDTH="808" HEIGHT="38">
						<String ID="P311_ST00033" HPOS="62" VPOS="296" WIDTH="43" HEIGHT="28" CONTENT="the" WC="0.86" CC="040"/>
						<SP ID="P311_SP00027" HPOS="105" VPOS="324" WIDTH="10"/>
						<String ID="P311_ST00034" HPOS="115" VPOS="297" WIDTH="104" HEIGHT="35" CONTENT="longest" WC="0.89" CC="0070000"/>
						<SP ID="P311_SP00028" HPOS="219" VPOS="332" WIDTH="10"/>
						<String ID="P311_ST00035" HPOS="229" VPOS="297" WIDTH="93" HEIGHT="27" CONTENT="sacred" WC="0.80" CC="000209"/>
						<SP ID="P311_SP00029" HPOS="322" VPOS="332" WIDTH="11"/>
						<String ID="P311_ST00036" HPOS="333" VPOS="307" WIDTH="95" HEIGHT="17" CONTENT="season" WC="0.85" CC="001204"/>
						<SP ID="P311_SP00030" HPOS="428" VPOS="332" WIDTH="9"/>
						<String ID="P311_ST00037" HPOS="437" VPOS="297" WIDTH="27" HEIGHT="27" CONTENT="in" WC="0.83" CC="03"/>
						<SP ID="P311_SP00031" HPOS="464" VPOS="332" WIDTH="8"/>
						<String ID="P311_ST00038" HPOS="472" VPOS="298" WIDTH="47" HEIGHT="26" CONTENT="the" WC="0.79" CC="050"/>
						<SP ID="P311_SP00032" HPOS="519" VPOS="332" WIDTH="8"/>
						<String ID="P311_ST00039" HPOS="527" VPOS="307" WIDTH="73" HEIGHT="27" CONTENT="year." WC="0.95" CC="00020"/>
						<SP ID="P311_SP00033" HPOS="600" VPOS="334" WIDTH="36"/>
						<String ID="P311_ST00040" HPOS="636" VPOS="297" WIDTH="25" HEIGHT="27" CONTENT="It" WC="0.76" CC="40"/>
						<SP ID="P311_SP00034" HPOS="661" VPOS="334" WIDTH="9"/>
						<String ID="P311_ST00041" HPOS="670" VPOS="297" WIDTH="22" HEIGHT="26" CONTENT="is" WC="0.70" CC="06"/>
						<SP ID="P311_SP00035" HPOS="692" VPOS="334" WIDTH="8"/>
						<String ID="P311_ST00042" HPOS="700" VPOS="297" WIDTH="127" HEIGHT="27" CONTENT="observed" WC="0.86" CC="20007000"/>
						<SP ID="P311_SP00036" HPOS="827" VPOS="334" WIDTH="15"/>
						<String ID="P311_ST00043" HPOS="842" VPOS="296" WIDTH="28" HEIGHT="26" CONTENT="in" WC="0.64" CC="33"/>
					</TextLine>
					<TextLine ID="P311_TL00008" HPOS="60" VPOS="343" WIDTH="808" HEIGHT="31">
						<String ID="P311_ST00044" HPOS="60" VPOS="344" WIDTH="235" HEIGHT="26" CONTENT="commemoration" WC="0.79" CC="0066000605000"/>
						<SP ID="P311_SP00037" HPOS="295" VPOS="370" WIDTH="22"/>
						<String ID="P311_ST00045" HPOS="317" VPOS="345" WIDTH="31" HEIGHT="26" CONTENT="of" WC="0.92" CC="10"/>
						<SP ID="P311_SP00038" HPOS="348" VPOS="371" WIDTH="18"/>
						<String ID="P311_ST00046" HPOS="366" VPOS="345" WIDTH="45" HEIGHT="26" CONTENT="the" WC="0.86" CC="400"/>
						<SP ID="P311_SP00039" HPOS="411" VPOS="371" WIDTH="22"/>
						<String ID="P311_ST00047" HPOS="433" VPOS="345" WIDTH="65" HEIGHT="27" CONTENT="time" WC="0.84" CC="0230"/>
						<SP ID="P311_SP00040" HPOS="498" VPOS="372" WIDTH="26"/>
						<String ID="P311_ST00048" HPOS="524" VPOS="345" WIDTH="62" HEIGHT="26" CONTENT="that" WC="0.80" CC="1006"/>
						<SP ID="P311_SP00041" HPOS="586" VPOS="372" WIDTH="19"/>
						<String ID="P311_ST00049" HPOS="605" VPOS="344" WIDTH="224" HEIGHT="26" CONTENT="Somnahkodom" WC="0.80" CC="41052030012"/>
						<SP ID="P311_SP00042" HPOS="829" VPOS="372" WIDTH="12"/>
						<String ID="P311_ST00050" HPOS="841" VPOS="343" WIDTH="27" HEIGHT="31" CONTENT="*," WC="0.92" CC="01"/>
					</TextLine>
					<TextLine ID="P311_TL00009" HPOS="62" VPOS="390" WIDTH="807" HEIGHT="37">
						<String ID="P311_ST00051" HPOS="62" VPOS="390" WIDTH="44" HEIGHT="27" CONTENT="the" WC="0.67" CC="360"/>
						<SP ID="P311_SP00043" HPOS="106" VPOS="417" WIDTH="13"/>
						<String ID="P311_ST00052" HPOS="119" VPOS="390" WIDTH="52" HEIGHT="26" CONTENT="last" WC="0.71" CC="4051"/>
						<SP ID="P311_SP00044" HPOS="171" VPOS="417" WIDTH="12"/>
						<String ID="P311_ST00053" HPOS="183" VPOS="390" WIDTH="170" HEIGHT="28" CONTENT="incarnation" WC="0.81" CC="03300004304"/>
						<SP ID="P311_SP00045" HPOS="353" VPOS="418" WIDTH="16"/>
						<String ID="P311_ST00054" HPOS="369" VPOS="391" WIDTH="31" HEIGHT="27" CONTENT="of" WC="1.00" CC="00"/>
						<SP ID="P311_SP00046" HPOS="400" VPOS="418" WIDTH="17"/>
						<String ID="P311_ST00055" HPOS="417" VPOS="391" WIDTH="114" HEIGHT="33" CONTENT="Buddh," WC="0.74" CC="760020"/>
						<SP ID="P311_SP00047" HPOS="531" VPOS="424" WIDTH="12"/>
						<String ID="P311_ST00056" HPOS="543" VPOS="391" WIDTH="177" HEIGHT="36" CONTENT="disappeared" WC="0.94" CC="00060000000"/>
						<SP ID="P311_SP00048" HPOS="720" VPOS="427" WIDTH="11"/>
						<String ID="P311_ST00057" HPOS="731" VPOS="391" WIDTH="68" HEIGHT="26" CONTENT="from" WC="0.77" CC="0305"/>
						<SP ID="P311_SP00049" HPOS="799" VPOS="427" WIDTH="15"/>
						<String ID="P311_ST00058" HPOS="814" VPOS="390" WIDTH="55" HEIGHT="27" CONTENT="this" WC="0.66" CC="0606"/>
					</TextLine>
					<TextLine ID="P311_TL00010" HPOS="63" VPOS="437" WIDTH="807" HEIGHT="36">
						<String ID="P311_ST00059" HPOS="63" VPOS="437" WIDTH="89" HEIGHT="27" CONTENT="world." WC="0.78" CC="900102"/>
						<SP ID="P311_SP00050" HPOS="152" VPOS="464" WIDTH="27"/>
						<String ID="P311_ST00060" HPOS="179" VPOS="437" WIDTH="77" HEIGHT="36" CONTENT="They" WC="0.85" CC="0500"/>
						<SP ID="P311_SP00051" HPOS="256" VPOS="473" WIDTH="14"/>
						<String ID="P311_ST00061" HPOS="270" VPOS="447" WIDTH="48" HEIGHT="26" CONTENT="say" WC="0.78" CC="600"/>
						<SP ID="P311_SP00052" HPOS="318" VPOS="473" WIDTH="12"/>
						<String ID="P311_ST00062" HPOS="330" VPOS="438" WIDTH="60" HEIGHT="27" CONTENT="that" WC="0.97" CC="0100"/>
						<SP ID="P311_SP00053" HPOS="390" VPOS="473" WIDTH="14"/>
						<String ID="P311_ST00063" HPOS="404" VPOS="439" WIDTH="34" HEIGHT="26" CONTENT="he" WC="0.67" CC="60"/>
						<SP ID="P311_SP00054" HPOS="438" VPOS="473" WIDTH="13"/>
						<String ID="P311_ST00064" HPOS="451" VPOS="439" WIDTH="50" HEIGHT="26" CONTENT="left" WC="0.95" CC="2000"/>
						<SP ID="P311_SP00055" HPOS="501" VPOS="473" WIDTH="15"/>
						<String ID="P311_ST00065" HPOS="516" VPOS="439" WIDTH="73" HEIGHT="26" CONTENT="three" WC="0.82" CC="05020"/>
						<SP ID="P311_SP00056" HPOS="589" VPOS="473" WIDTH="14"/>
						<String ID="P311_ST00066" HPOS="603" VPOS="438" WIDTH="174" HEIGHT="35" CONTENT="impressions" WC="0.76" CC="07640000070"/>
						<SP ID="P311_SP00057" HPOS="777" VPOS="473" WIDTH="11"/>
						<String ID="P311_ST00067" HPOS="788" VPOS="438" WIDTH="32" HEIGHT="26" CONTENT="of" WC="1.00" CC="00"/>
						<SP ID="P311_SP00058" HPOS="820" VPOS="473" WIDTH="7"/>
						<String ID="P311_ST00068" HPOS="827" VPOS="437" WIDTH="43" HEIGHT="26" CONTENT="his" WC="0.56" CC="417"/>
					</TextLine>
					<TextLine ID="P311_TL00011" HPOS="63" VPOS="484" WIDTH="805" HEIGHT="33">
						<String ID="P311_ST00069" HPOS="63" VPOS="484" WIDTH="52" HEIGHT="26" CONTENT="feet" WC="0.92" CC="0003"/>
						<SP ID="P311_SP00059" HPOS="115" VPOS="510" WIDTH="12"/>
						<String ID="P311_ST00070" HPOS="127" VPOS="493" WIDTH="35" HEIGHT="17" CONTENT="on" WC="0.76" CC="04"/>
						<SP ID="P311_SP00060" HPOS="162" VPOS="510" WIDTH="13"/>
						<String ID="P311_ST00071" HPOS="175" VPOS="484" WIDTH="75" HEIGHT="27" CONTENT="earth" WC="0.70" CC="05305"/>
						<String ID="P311_ST00072" HPOS="254" VPOS="500" WIDTH="34" HEIGHT="5" CONTENT="—" WC="0.20" CC="8"/>
						<String ID="P311_ST00073" HPOS="290" VPOS="494" WIDTH="51" HEIGHT="18" CONTENT="one" WC="0.80" CC="320"/>
						<SP ID="P311_SP00061" HPOS="341" VPOS="512" WIDTH="15"/>
						<String ID="P311_ST00074" HPOS="356" VPOS="484" WIDTH="28" HEIGHT="27" CONTENT="in" WC="0.52" CC="27"/>
						<SP ID="P311_SP00062" HPOS="384" VPOS="512" WIDTH="15"/>
						<String ID="P311_ST00075" HPOS="399" VPOS="484" WIDTH="86" HEIGHT="33" CONTENT="Siam," WC="0.73" CC="30053"/>
						<SP ID="P311_SP00063" HPOS="485" VPOS="517" WIDTH="15"/>
						<String ID="P311_ST00076" HPOS="500" VPOS="485" WIDTH="112" HEIGHT="27" CONTENT="another" WC="0.84" CC="0300303"/>
						<SP ID="P311_SP00064" HPOS="612" VPOS="517" WIDTH="13"/>
						<String ID="P311_ST00077" HPOS="625" VPOS="485" WIDTH="27" HEIGHT="26" CONTENT="in" WC="0.60" CC="16"/>
						<SP ID="P311_SP00065" HPOS="652" VPOS="517" WIDTH="19"/>
						<String ID="P311_ST00078" HPOS="671" VPOS="484" WIDTH="131" HEIGHT="31" CONTENT="Burmah," WC="0.70" CC="4440060"/>
						<SP ID="P311_SP00066" HPOS="802" VPOS="517" WIDTH="14"/>
						<String ID="P311_ST00079" HPOS="816" VPOS="484" WIDTH="52" HEIGHT="27" CONTENT="and" WC="0.76" CC="240"/>
					</TextLine>
					<TextLine ID="P311_TL00012" HPOS="63" VPOS="531" WIDTH="807" HEIGHT="37">
						<String ID="P311_ST00080" HPOS="63" VPOS="540" WIDTH="16" HEIGHT="18" CONTENT="a" WC="1.00" CC="0"/>
						<SP ID="P311_SP00067" HPOS="79" VPOS="558" WIDTH="12"/>
						<String ID="P311_ST00081" HPOS="91" VPOS="531" WIDTH="71" HEIGHT="26" CONTENT="third" WC="0.86" CC="06000"/>
						<SP ID="P311_SP00068" HPOS="162" VPOS="558" WIDTH="14"/>
						<String ID="P311_ST00082" HPOS="176" VPOS="532" WIDTH="27" HEIGHT="25" CONTENT="in" WC="0.91" CC="01"/>
						<SP ID="P311_SP00069" HPOS="203" VPOS="558" WIDTH="16"/>
						<String ID="P311_ST00083" HPOS="219" VPOS="531" WIDTH="114" HEIGHT="36" CONTENT="Ceylon." WC="0.85" CC="0006400"/>
						<SP ID="P311_SP00070" HPOS="333" VPOS="567" WIDTH="40"/>
						<String ID="P311_ST00084" HPOS="373" VPOS="532" WIDTH="181" HEIGHT="36" CONTENT="Pilgrimages" WC="0.81" CC="60400020007"/>
						<SP ID="P311_SP00071" HPOS="554" VPOS="568" WIDTH="15"/>
						<String ID="P311_ST00085" HPOS="569" VPOS="540" WIDTH="42" HEIGHT="18" CONTENT="are" WC="0.76" CC="303"/>
						<SP ID="P311_SP00072" HPOS="611" VPOS="568" WIDTH="13"/>
						<String ID="P311_ST00086" HPOS="624" VPOS="532" WIDTH="155" HEIGHT="35" CONTENT="frequently" WC="0.83" CC="0200006070"/>
						<SP ID="P311_SP00073" HPOS="779" VPOS="568" WIDTH="13"/>
						<String ID="P311_ST00087" HPOS="792" VPOS="532" WIDTH="78" HEIGHT="26" CONTENT="made" WC="0.96" CC="1000"/>
					</TextLine>
					<TextLine ID="P311_TL00013" HPOS="64" VPOS="578" WIDTH="806" HEIGHT="37">
						<String ID="P311_ST00088" HPOS="64" VPOS="583" WIDTH="27" HEIGHT="22" CONTENT="to" WC="0.42" CC="92"/>
						<SP ID="P311_SP00074" HPOS="91" VPOS="605" WIDTH="14"/>
						<String ID="P311_ST00089" HPOS="105" VPOS="578" WIDTH="44" HEIGHT="28" CONTENT="the" WC="0.90" CC="200"/>
						<SP ID="P311_SP00075" HPOS="149" VPOS="606" WIDTH="10"/>
						<String ID="P311_ST00090" HPOS="159" VPOS="578" WIDTH="103" HEIGHT="37" CONTENT="vestige" WC="0.60" CC="0067490"/>
						<SP ID="P311_SP00076" HPOS="262" VPOS="615" WIDTH="13"/>
						<String ID="P311_ST00091" HPOS="275" VPOS="579" WIDTH="96" HEIGHT="27" CONTENT="visible" WC="0.88" CC="0304000"/>
						<SP ID="P311_SP00077" HPOS="371" VPOS="615" WIDTH="10"/>
						<String ID="P311_ST00092" HPOS="381" VPOS="579" WIDTH="28" HEIGHT="26" CONTENT="in" WC="0.70" CC="05"/>
						<SP ID="P311_SP00078" HPOS="409" VPOS="615" WIDTH="15"/>
						<String ID="P311_ST00093" HPOS="424" VPOS="578" WIDTH="46" HEIGHT="28" CONTENT="the" WC="0.69" CC="360"/>
						<SP ID="P311_SP00079" HPOS="470" VPOS="615" WIDTH="11"/>
						<String ID="P311_ST00094" HPOS="481" VPOS="578" WIDTH="176" HEIGHT="35" CONTENT="hill-country" WC="0.85" CC="402000003500"/>
						<SP ID="P311_SP00080" HPOS="657" VPOS="615" WIDTH="14"/>
						<String ID="P311_ST00095" HPOS="671" VPOS="578" WIDTH="30" HEIGHT="27" CONTENT="of" WC="0.40" CC="29"/>
						<SP ID="P311_SP00081" HPOS="701" VPOS="615" WIDTH="11"/>
						<String ID="P311_ST00096" HPOS="712" VPOS="578" WIDTH="75" HEIGHT="27" CONTENT="Siam" WC="0.83" CC="0060"/>
						<SP ID="P311_SP00082" HPOS="787" VPOS="615" WIDTH="10"/>
						<String ID="P311_ST00097" HPOS="797" VPOS="589" WIDTH="6" HEIGHT="22" CONTENT=";" WC="0.87" CC="1"/>
						<SP ID="P311_SP00083" HPOS="803" VPOS="615" WIDTH="14"/>
						<String ID="P311_ST00098" HPOS="817" VPOS="578" WIDTH="53" HEIGHT="27" CONTENT="and" WC="0.62" CC="820"/>
					</TextLine>
					<TextLine ID="P311_TL00014" HPOS="63" VPOS="625" WIDTH="807" HEIGHT="36">
						<String ID="P311_ST00099" HPOS="63" VPOS="633" WIDTH="44" HEIGHT="19" CONTENT="are" WC="1.00" CC="000"/>
						<SP ID="P311_SP00084" HPOS="107" VPOS="652" WIDTH="13"/>
						<String ID="P311_ST00100" HPOS="120" VPOS="626" WIDTH="157" HEIGHT="26" CONTENT="considered" WC="0.86" CC="0076000000"/>
						<SP ID="P311_SP00085" HPOS="277" VPOS="652" WIDTH="15"/>
						<String ID="P311_ST00101" HPOS="292" VPOS="630" WIDTH="28" HEIGHT="22" CONTENT="to" WC="1.00" CC="00"/>
						<SP ID="P311_SP00086" HPOS="320" VPOS="652" WIDTH="14"/>
						<String ID="P311_ST00102" HPOS="334" VPOS="627" WIDTH="33" HEIGHT="25" CONTENT="be" WC="1.00" CC="00"/>
						<SP ID="P311_SP00087" HPOS="367" VPOS="652" WIDTH="13"/>
						<String ID="P311_ST00103" HPOS="380" VPOS="635" WIDTH="29" HEIGHT="16" CONTENT="as" WC="0.80" CC="04"/>
						<SP ID="P311_SP00088" HPOS="409" VPOS="652" WIDTH="10"/>
						<String ID="P311_ST00104" HPOS="419" VPOS="625" WIDTH="169" HEIGHT="26" CONTENT="meritorious" WC="0.90" CC="00105030000"/>
						<SP ID="P311_SP00089" HPOS="588" VPOS="652" WIDTH="11"/>
						<String ID="P311_ST00105" HPOS="599" VPOS="625" WIDTH="34" HEIGHT="36" CONTENT="by" WC="1.00" CC="00"/>
						<SP ID="P311_SP00090" HPOS="633" VPOS="661" WIDTH="13"/>
						<String ID="P311_ST00106" HPOS="646" VPOS="625" WIDTH="75" HEIGHT="26" CONTENT="these" WC="0.83" CC="26000"/>
						<SP ID="P311_SP00091" HPOS="721" VPOS="661" WIDTH="12"/>
						<String ID="P311_ST00107" HPOS="733" VPOS="625" WIDTH="137" HEIGHT="32" CONTENT="idolaters," WC="0.73" CC="5006000464"/>
					</TextLine>
					<TextLine ID="P311_TL00015" HPOS="64" VPOS="672" WIDTH="806" HEIGHT="36">
						<String ID="P311_ST00108" HPOS="64" VPOS="682" WIDTH="30" HEIGHT="17" CONTENT="as" WC="1.00" CC="00"/>
						<SP ID="P311_SP00092" HPOS="94" VPOS="699" WIDTH="10"/>
						<String ID="P311_ST00109" HPOS="104" VPOS="672" WIDTH="20" HEIGHT="27" CONTENT="is" WC="0.82" CC="03"/>
						<SP ID="P311_SP00093" HPOS="124" VPOS="699" WIDTH="11"/>
						<String ID="P311_ST00110" HPOS="135" VPOS="683" WIDTH="16" HEIGHT="16" CONTENT="a" WC="1.00" CC="0"/>
						<SP ID="P311_SP00094" HPOS="151" VPOS="699" WIDTH="8"/>
						<String ID="P311_ST00111" HPOS="159" VPOS="672" WIDTH="64" HEIGHT="27" CONTENT="visit" WC="0.70" CC="00554"/>
						<SP ID="P311_SP00095" HPOS="223" VPOS="699" WIDTH="9"/>
						<String ID="P311_ST00112" HPOS="232" VPOS="677" WIDTH="27" HEIGHT="22" CONTENT="to" WC="1.00" CC="00"/>
						<SP ID="P311_SP00096" HPOS="259" VPOS="699" WIDTH="9"/>
						<String ID="P311_ST00113" HPOS="268" VPOS="672" WIDTH="46" HEIGHT="27" CONTENT="the" WC="0.79" CC="060"/>
						<SP ID="P311_SP00097" HPOS="314" VPOS="699" WIDTH="11"/>
						<String ID="P311_ST00114" HPOS="325" VPOS="673" WIDTH="63" HEIGHT="35" CONTENT="holy" WC="0.71" CC="5050"/>
						<SP ID="P311_SP00098" HPOS="388" VPOS="708" WIDTH="8"/>
						<String ID="P311_ST00115" HPOS="396" VPOS="672" WIDTH="57" HEIGHT="36" CONTENT="city" WC="0.97" CC="1000"/>
						<SP ID="P311_SP00099" HPOS="453" VPOS="708" WIDTH="7"/>
						<String ID="P311_ST00116" HPOS="460" VPOS="672" WIDTH="30" HEIGHT="26" CONTENT="of" WC="1.00" CC="00"/>
						<SP ID="P311_SP00100" HPOS="490" VPOS="708" WIDTH="8"/>
						<String ID="P311_ST00117" HPOS="498" VPOS="672" WIDTH="45" HEIGHT="27" CONTENT="the" WC="0.80" CC="050"/>
						<SP ID="P311_SP00101" HPOS="543" VPOS="708" WIDTH="8"/>
						<String ID="P311_ST00118" HPOS="551" VPOS="672" WIDTH="81" HEIGHT="31" CONTENT="Jews," WC="0.78" CC="00622"/>
						<SP ID="P311_SP00102" HPOS="632" VPOS="708" WIDTH="11"/>
						<String ID="P311_ST00119" HPOS="643" VPOS="672" WIDTH="46" HEIGHT="27" CONTENT="the" WC="0.95" CC="010"/>
						<SP ID="P311_SP00103" HPOS="689" VPOS="708" WIDTH="10"/>
						<String ID="P311_ST00120" HPOS="699" VPOS="672" WIDTH="171" HEIGHT="27" CONTENT="Mahomme" SUBS_TYPE="HypPart1" SUBS_CONTENT="Mahommedans," WC="0.73" CC="00649000"/>
						<HYP CONTENT="-"/>
					</TextLine>
					<TextLine ID="P311_TL00016" HPOS="65" VPOS="719" WIDTH="788" HEIGHT="34">
						<String ID="P311_ST00121" HPOS="65" VPOS="720" WIDTH="76" HEIGHT="32" CONTENT="dans," SUBS_TYPE="HypPart2" SUBS_CONTENT="Mahommedans," WC="0.55" CC="66440"/>
						<SP ID="P311_SP00104" HPOS="141" VPOS="752" WIDTH="14"/>
						<String ID="P311_ST00122" HPOS="155" VPOS="729" WIDTH="30" HEIGHT="18" CONTENT="or" WC="0.88" CC="20"/>
						<SP ID="P311_SP00105" HPOS="185" VPOS="752" WIDTH="11"/>
						<String ID="P311_ST00123" HPOS="196" VPOS="720" WIDTH="45" HEIGHT="26" CONTENT="the" WC="0.63" CC="460"/>
						<SP ID="P311_SP00106" HPOS="241" VPOS="752" WIDTH="16"/>
						<String ID="P311_ST00124" HPOS="257" VPOS="720" WIDTH="151" HEIGHT="32" CONTENT="Catholics," WC="0.92" CC="0000001060"/>
						<SP ID="P311_SP00107" HPOS="408" VPOS="752" WIDTH="14"/>
						<String ID="P311_ST00125" HPOS="422" VPOS="720" WIDTH="38" HEIGHT="33" CONTENT="by" WC="0.55" CC="09"/>
						<SP ID="P311_SP00108" HPOS="460" VPOS="753" WIDTH="14"/>
						<String ID="P311_ST00126" HPOS="474" VPOS="719" WIDTH="69" HEIGHT="26" CONTENT="their" WC="0.69" CC="04038"/>
						<SP ID="P311_SP00109" HPOS="543" VPOS="753" WIDTH="13"/>
						<String ID="P311_ST00127" HPOS="556" VPOS="719" WIDTH="148" HEIGHT="34" CONTENT="respective" WC="0.80" CC="5060000330"/>
						<SP ID="P311_SP00110" HPOS="704" VPOS="753" WIDTH="13"/>
						<String ID="P311_ST00128" HPOS="717" VPOS="720" WIDTH="136" HEIGHT="26" CONTENT="devotees." WC="0.96" CC="000000003"/>
					</TextLine>
				</TextBlock>
				<TextBlock ID="P311_TB00005" HPOS="65" VPOS="766" WIDTH="807" HEIGHT="508" STYLEREFS="TXT_1 PAR_LEFT">
					<TextLine ID="P311_TL00017" HPOS="103" VPOS="766" WIDTH="768" HEIGHT="37">
						<String ID="P311_ST00129" HPOS="103" VPOS="766" WIDTH="106" HEIGHT="37" CONTENT="During" WC="0.73" CC="720060"/>
						<SP ID="P311_SP00111" HPOS="209" VPOS="803" WIDTH="14"/>
						<String ID="P311_ST00130" HPOS="223" VPOS="767" WIDTH="54" HEIGHT="26" CONTENT="this" WC="0.90" CC="0210"/>
						<SP ID="P311_SP00112" HPOS="277" VPOS="803" WIDTH="18"/>
						<String ID="P311_ST00131" HPOS="295" VPOS="767" WIDTH="154" HEIGHT="36" CONTENT="protracted" WC="0.83" CC="0504600000"/>
						<SP ID="P311_SP00113" HPOS="449" VPOS="803" WIDTH="15"/>
						<String ID="P311_ST00132" HPOS="464" VPOS="776" WIDTH="96" HEIGHT="17" CONTENT="season" WC="0.83" CC="000603"/>
						<SP ID="P311_SP00114" HPOS="560" VPOS="803" WIDTH="16"/>
						<String ID="P311_ST00133" HPOS="576" VPOS="766" WIDTH="45" HEIGHT="27" CONTENT="the" WC="0.85" CC="021"/>
						<SP ID="P311_SP00115" HPOS="621" VPOS="803" WIDTH="21"/>
						<String ID="P311_ST00134" HPOS="642" VPOS="767" WIDTH="95" HEIGHT="35" CONTENT="priests" WC="0.82" CC="0000542"/>
						<SP ID="P311_SP00116" HPOS="737" VPOS="803" WIDTH="13"/>
						<String ID="P311_ST00135" HPOS="750" VPOS="777" WIDTH="42" HEIGHT="16" CONTENT="are" WC="0.89" CC="020"/>
						<SP ID="P311_SP00117" HPOS="792" VPOS="803" WIDTH="12"/>
						<String ID="P311_ST00136" HPOS="804" VPOS="767" WIDTH="67" HEIGHT="35" CONTENT="kept" WC="1.00" CC="0000"/>
					</TextLine>
					<TextLine ID="P311_TL00018" HPOS="67" VPOS="814" WIDTH="804" HEIGHT="35">
						<String ID="P311_ST00137" HPOS="67" VPOS="818" WIDTH="68" HEIGHT="22" CONTENT="most" WC="0.75" CC="9000"/>
						<SP ID="P311_SP00118" HPOS="135" VPOS="840" WIDTH="13"/>
						<String ID="P311_ST00138" HPOS="148" VPOS="814" WIDTH="89" HEIGHT="35" CONTENT="busily" WC="0.66" CC="036450"/>
						<SP ID="P311_SP00119" HPOS="237" VPOS="849" WIDTH="13"/>
						<String ID="P311_ST00139" HPOS="250" VPOS="814" WIDTH="134" HEIGHT="35" CONTENT="engaged." WC="0.93" CC="05000000"/>
						<SP ID="P311_SP00120" HPOS="384" VPOS="849" WIDTH="40"/>
						<String ID="P311_ST00140" HPOS="424" VPOS="814" WIDTH="88" HEIGHT="35" CONTENT="Every" WC="0.73" CC="09030"/>
						<SP ID="P311_SP00121" HPOS="512" VPOS="849" WIDTH="18"/>
						<String ID="P311_ST00141" HPOS="530" VPOS="814" WIDTH="54" HEIGHT="35" CONTENT="day" WC="0.68" CC="900"/>
						<SP ID="P311_SP00122" HPOS="584" VPOS="849" WIDTH="16"/>
						<String ID="P311_ST00142" HPOS="600" VPOS="814" WIDTH="75" HEIGHT="27" CONTENT="there" WC="0.85" CC="01050"/>
						<SP ID="P311_SP00123" HPOS="675" VPOS="849" WIDTH="15"/>
						<String ID="P311_ST00143" HPOS="690" VPOS="815" WIDTH="21" HEIGHT="25" CONTENT="is" WC="1.00" CC="00"/>
						<SP ID="P311_SP00124" HPOS="711" VPOS="849" WIDTH="18"/>
						<String ID="P311_ST00144" HPOS="729" VPOS="815" WIDTH="99" HEIGHT="26" CONTENT="service" WC="0.79" CC="4090000"/>
						<SP ID="P311_SP00125" HPOS="828" VPOS="849" WIDTH="14"/>
						<String ID="P311_ST00145" HPOS="842" VPOS="820" WIDTH="29" HEIGHT="21" CONTENT="at" WC="1.00" CC="00"/>
					</TextLine>
					<TextLine ID="P311_TL00019" HPOS="66" VPOS="860" WIDTH="804" HEIGHT="37">
						<String ID="P311_ST00146" HPOS="66" VPOS="860" WIDTH="45" HEIGHT="27" CONTENT="the" WC="0.58" CC="560"/>
						<SP ID="P311_SP00126" HPOS="111" VPOS="887" WIDTH="19"/>
						<String ID="P311_ST00147" HPOS="130" VPOS="861" WIDTH="104" HEIGHT="35" CONTENT="palace," WC="0.92" CC="0010003"/>
						<SP ID="P311_SP00127" HPOS="234" VPOS="896" WIDTH="13"/>
						<String ID="P311_ST00148" HPOS="247" VPOS="866" WIDTH="27" HEIGHT="22" CONTENT="at" WC="1.00" CC="00"/>
						<SP ID="P311_SP00128" HPOS="274" VPOS="896" WIDTH="15"/>
						<String ID="P311_ST00149" HPOS="289" VPOS="862" WIDTH="46" HEIGHT="27" CONTENT="the" WC="1.00" CC="000"/>
						<SP ID="P311_SP00129" HPOS="335" VPOS="896" WIDTH="15"/>
						<String ID="P311_ST00150" HPOS="350" VPOS="861" WIDTH="139" HEIGHT="26" CONTENT="mansions" WC="0.82" CC="30360001"/>
						<SP ID="P311_SP00130" HPOS="489" VPOS="896" WIDTH="15"/>
						<String ID="P311_ST00151" HPOS="504" VPOS="860" WIDTH="31" HEIGHT="27" CONTENT="of" WC="1.00" CC="00"/>
						<SP ID="P311_SP00131" HPOS="535" VPOS="896" WIDTH="10"/>
						<String ID="P311_ST00152" HPOS="545" VPOS="871" WIDTH="82" HEIGHT="26" CONTENT="many" WC="0.91" CC="0030"/>
						<SP ID="P311_SP00132" HPOS="627" VPOS="897" WIDTH="9"/>
						<String ID="P311_ST00153" HPOS="636" VPOS="861" WIDTH="30" HEIGHT="26" CONTENT="of" WC="0.88" CC="20"/>
						<SP ID="P311_SP00133" HPOS="666" VPOS="897" WIDTH="12"/>
						<String ID="P311_ST00154" HPOS="678" VPOS="861" WIDTH="45" HEIGHT="26" CONTENT="the" WC="0.65" CC="360"/>
						<SP ID="P311_SP00134" HPOS="723" VPOS="897" WIDTH="19"/>
						<String ID="P311_ST00155" HPOS="742" VPOS="861" WIDTH="128" HEIGHT="36" CONTENT="principal" WC="0.94" CC="000400000"/>
					</TextLine>
					<TextLine ID="P311_TL00020" HPOS="67" VPOS="908" WIDTH="805" HEIGHT="37">
						<String ID="P311_ST00156" HPOS="67" VPOS="917" WIDTH="58" HEIGHT="18" CONTENT="men" WC="0.61" CC="704"/>
						<SP ID="P311_SP00135" HPOS="125" VPOS="935" WIDTH="22"/>
						<String ID="P311_ST00157" HPOS="147" VPOS="909" WIDTH="25" HEIGHT="26" CONTENT="in" WC="0.89" CC="02"/>
						<SP ID="P311_SP00136" HPOS="172" VPOS="935" WIDTH="24"/>
						<String ID="P311_ST00158" HPOS="196" VPOS="909" WIDTH="45" HEIGHT="27" CONTENT="the" WC="0.75" CC="330"/>
						<SP ID="P311_SP00137" HPOS="241" VPOS="936" WIDTH="10"/>
						<String ID="P311_ST00159" HPOS="251" VPOS="909" WIDTH="141" HEIGHT="36" CONTENT="kingdom," WC="0.88" CC="00000062"/>
						<SP ID="P311_SP00138" HPOS="392" VPOS="945" WIDTH="15"/>
						<String ID="P311_ST00160" HPOS="407" VPOS="909" WIDTH="53" HEIGHT="26" CONTENT="and" WC="0.94" CC="010"/>
						<SP ID="P311_SP00139" HPOS="460" VPOS="945" WIDTH="22"/>
						<String ID="P311_ST00161" HPOS="482" VPOS="909" WIDTH="154" HEIGHT="35" CONTENT="frequently" WC="0.85" CC="3000506000"/>
						<SP ID="P311_SP00140" HPOS="636" VPOS="945" WIDTH="20"/>
						<String ID="P311_ST00162" HPOS="656" VPOS="913" WIDTH="28" HEIGHT="21" CONTENT="at" WC="0.76" CC="04"/>
						<SP ID="P311_SP00141" HPOS="684" VPOS="945" WIDTH="23"/>
						<String ID="P311_ST00163" HPOS="707" VPOS="909" WIDTH="46" HEIGHT="26" CONTENT="the" WC="0.76" CC="070"/>
						<SP ID="P311_SP00142" HPOS="753" VPOS="945" WIDTH="23"/>
						<String ID="P311_ST00164" HPOS="776" VPOS="908" WIDTH="96" HEIGHT="27" CONTENT="houses" WC="0.56" CC="538009"/>
					</TextLine>
					<TextLine ID="P311_TL00021" HPOS="66" VPOS="956" WIDTH="805" HEIGHT="37">
						<String ID="P311_ST00165" HPOS="66" VPOS="956" WIDTH="30" HEIGHT="26" CONTENT="of" WC="0.85" CC="20"/>
						<SP ID="P311_SP00143" HPOS="96" VPOS="982" WIDTH="18"/>
						<String ID="P311_ST00166" HPOS="114" VPOS="956" WIDTH="45" HEIGHT="26" CONTENT="the" WC="0.64" CC="360"/>
						<SP ID="P311_SP00144" HPOS="159" VPOS="982" WIDTH="23"/>
						<String ID="P311_ST00167" HPOS="182" VPOS="966" WIDTH="124" HEIGHT="18" CONTENT="common" WC="0.79" CC="014006"/>
						<SP ID="P311_SP00145" HPOS="306" VPOS="984" WIDTH="28"/>
						<String ID="P311_ST00168" HPOS="334" VPOS="957" WIDTH="104" HEIGHT="36" CONTENT="people." WC="0.78" CC="3430400"/>
						<SP ID="P311_SP00146" HPOS="438" VPOS="993" WIDTH="39"/>
						<String ID="P311_ST00169" HPOS="477" VPOS="956" WIDTH="66" HEIGHT="26" CONTENT="This" WC="0.70" CC="0650"/>
						<SP ID="P311_SP00147" HPOS="543" VPOS="993" WIDTH="30"/>
						<String ID="P311_ST00170" HPOS="573" VPOS="956" WIDTH="100" HEIGHT="26" CONTENT="service" WC="0.73" CC="5066000"/>
						<SP ID="P311_SP00148" HPOS="673" VPOS="993" WIDTH="27"/>
						<String ID="P311_ST00171" HPOS="700" VPOS="956" WIDTH="22" HEIGHT="25" CONTENT="is" WC="0.52" CC="09"/>
						<SP ID="P311_SP00149" HPOS="722" VPOS="993" WIDTH="21"/>
						<String ID="P311_ST00172" HPOS="743" VPOS="956" WIDTH="66" HEIGHT="34" CONTENT="kept" WC="0.85" CC="0006"/>
						<SP ID="P311_SP00150" HPOS="809" VPOS="993" WIDTH="27"/>
						<String ID="P311_ST00173" HPOS="836" VPOS="965" WIDTH="35" HEIGHT="25" CONTENT="up" WC="0.50" CC="09"/>
					</TextLine>
					<TextLine ID="P311_TL00022" HPOS="66" VPOS="1003" WIDTH="804" HEIGHT="37">
						<String ID="P311_ST00174" HPOS="66" VPOS="1007" WIDTH="28" HEIGHT="22" CONTENT="at" WC="0.50" CC="63"/>
						<SP ID="P311_SP00151" HPOS="94" VPOS="1029" WIDTH="12"/>
						<String ID="P311_ST00175" HPOS="106" VPOS="1003" WIDTH="45" HEIGHT="27" CONTENT="the" WC="0.76" CC="070"/>
						<SP ID="P311_SP00152" HPOS="151" VPOS="1030" WIDTH="13"/>
						<String ID="P311_ST00176" HPOS="164" VPOS="1004" WIDTH="93" HEIGHT="35" CONTENT="palace" WC="0.93" CC="000300"/>
						<SP ID="P311_SP00153" HPOS="257" VPOS="1039" WIDTH="12"/>
						<String ID="P311_ST00177" HPOS="269" VPOS="1003" WIDTH="169" HEIGHT="37" CONTENT="throughout" WC="0.71" CC="0400494060"/>
						<SP ID="P311_SP00154" HPOS="438" VPOS="1040" WIDTH="12"/>
						<String ID="P311_ST00178" HPOS="450" VPOS="1003" WIDTH="44" HEIGHT="27" CONTENT="the" WC="0.79" CC="060"/>
						<SP ID="P311_SP00155" HPOS="494" VPOS="1040" WIDTH="11"/>
						<String ID="P311_ST00179" HPOS="505" VPOS="1013" WIDTH="73" HEIGHT="26" CONTENT="year." WC="0.94" CC="00030"/>
						<SP ID="P311_SP00156" HPOS="578" VPOS="1040" WIDTH="39"/>
						<String ID="P311_ST00180" HPOS="617" VPOS="1003" WIDTH="57" HEIGHT="27" CONTENT="The" WC="0.79" CC="060"/>
						<SP ID="P311_SP00157" HPOS="674" VPOS="1040" WIDTH="15"/>
						<String ID="P311_ST00181" HPOS="689" VPOS="1003" WIDTH="79" HEIGHT="35" CONTENT="night" WC="0.34" CC="53975"/>
						<SP ID="P311_SP00158" HPOS="768" VPOS="1040" WIDTH="14"/>
						<String ID="P311_ST00182" HPOS="782" VPOS="1003" WIDTH="88" HEIGHT="26" CONTENT="which" WC="0.78" CC="03007"/>
					</TextLine>
					<TextLine ID="P311_TL00023" HPOS="67" VPOS="1050" WIDTH="804" HEIGHT="36">
						<String ID="P311_ST00183" HPOS="67" VPOS="1050" WIDTH="82" HEIGHT="27" CONTENT="closes" WC="0.81" CC="060005"/>
						<SP ID="P311_SP00159" HPOS="149" VPOS="1077" WIDTH="14"/>
						<String ID="P311_ST00184" HPOS="163" VPOS="1051" WIDTH="45" HEIGHT="26" CONTENT="the" WC="0.80" CC="050"/>
						<SP ID="P311_SP00160" HPOS="208" VPOS="1077" WIDTH="19"/>
						<String ID="P311_ST00185" HPOS="227" VPOS="1051" WIDTH="116" HEIGHT="26" CONTENT="Prassah" WC="0.89" CC="5010000"/>
						<SP ID="P311_SP00161" HPOS="343" VPOS="1077" WIDTH="24"/>
						<String ID="P311_ST00186" HPOS="367" VPOS="1051" WIDTH="23" HEIGHT="26" CONTENT="is" WC="0.64" CC="42"/>
						<SP ID="P311_SP00162" HPOS="390" VPOS="1077" WIDTH="20"/>
						<String ID="P311_ST00187" HPOS="410" VPOS="1060" WIDTH="16" HEIGHT="17" CONTENT="a" WC="0.16" CC="8"/>
						<SP ID="P311_SP00163" HPOS="426" VPOS="1077" WIDTH="13"/>
						<String ID="P311_ST00188" HPOS="439" VPOS="1060" WIDTH="94" HEIGHT="17" CONTENT="season" WC="0.70" CC="500606"/>
						<SP ID="P311_SP00164" HPOS="533" VPOS="1077" WIDTH="15"/>
						<String ID="P311_ST00189" HPOS="548" VPOS="1050" WIDTH="30" HEIGHT="27" CONTENT="of" WC="0.88" CC="02"/>
						<SP ID="P311_SP00165" HPOS="578" VPOS="1077" WIDTH="19"/>
						<String ID="P311_ST00190" HPOS="597" VPOS="1060" WIDTH="80" HEIGHT="26" CONTENT="many" WC="0.71" CC="4060"/>
						<SP ID="P311_SP00166" HPOS="677" VPOS="1086" WIDTH="21"/>
						<String ID="P311_ST00191" HPOS="698" VPOS="1050" WIDTH="173" HEIGHT="30" CONTENT="ceremonies," WC="0.79" CC="00003074070"/>
					</TextLine>
					<TextLine ID="P311_TL00024" HPOS="66" VPOS="1097" WIDTH="804" HEIGHT="28">
						<String ID="P311_ST00192" HPOS="66" VPOS="1097" WIDTH="51" HEIGHT="27" CONTENT="and" WC="0.59" CC="650"/>
						<SP ID="P311_SP00167" HPOS="117" VPOS="1124" WIDTH="21"/>
						<String ID="P311_ST00193" HPOS="138" VPOS="1098" WIDTH="80" HEIGHT="27" CONTENT="much" WC="0.89" CC="0004"/>
						<SP ID="P311_SP00168" HPOS="218" VPOS="1125" WIDTH="15"/>
						<String ID="P311_ST00194" HPOS="233" VPOS="1098" WIDTH="84" HEIGHT="27" CONTENT="noise." WC="0.77" CC="601301"/>
						<SP ID="P311_SP00169" HPOS="317" VPOS="1125" WIDTH="41"/>
						<String ID="P311_ST00195" HPOS="358" VPOS="1098" WIDTH="79" HEIGHT="27" CONTENT="Guns" WC="0.65" CC="0076"/>
						<SP ID="P311_SP00170" HPOS="437" VPOS="1125" WIDTH="14"/>
						<String ID="P311_ST00196" HPOS="451" VPOS="1108" WIDTH="43" HEIGHT="17" CONTENT="are" WC="0.87" CC="300"/>
						<SP ID="P311_SP00171" HPOS="494" VPOS="1125" WIDTH="14"/>
						<String ID="P311_ST00197" HPOS="508" VPOS="1098" WIDTH="63" HEIGHT="26" CONTENT="fired" WC="0.68" CC="00906"/>
						<SP ID="P311_SP00172" HPOS="571" VPOS="1125" WIDTH="17"/>
						<String ID="P311_ST00198" HPOS="588" VPOS="1097" WIDTH="66" HEIGHT="27" CONTENT="from" WC="0.88" CC="0400"/>
						<SP ID="P311_SP00173" HPOS="654" VPOS="1125" WIDTH="16"/>
						<String ID="P311_ST00199" HPOS="670" VPOS="1097" WIDTH="45" HEIGHT="27" CONTENT="the" WC="0.57" CC="750"/>
						<SP ID="P311_SP00174" HPOS="715" VPOS="1125" WIDTH="13"/>
						<String ID="P311_ST00200" HPOS="728" VPOS="1097" WIDTH="66" HEIGHT="27" CONTENT="forts" WC="0.84" CC="06000"/>
						<SP ID="P311_SP00175" HPOS="794" VPOS="1125" WIDTH="18"/>
						<String ID="P311_ST00201" HPOS="812" VPOS="1107" WIDTH="58" HEIGHT="16" CONTENT="sur" SUBS_TYPE="HypPart1" SUBS_CONTENT="surrounding" WC="0.67" CC="1560"/>
						<HYP CONTENT="-"/>
					</TextLine>
					<TextLine ID="P311_TL00025" HPOS="66" VPOS="1143" WIDTH="804" HEIGHT="38">
						<String ID="P311_ST00202" HPOS="66" VPOS="1145" WIDTH="130" HEIGHT="35" CONTENT="rounding" SUBS_TYPE="HypPart2" SUBS_CONTENT="surrounding" WC="0.58" CC="40529360"/>
						<SP ID="P311_SP00176" HPOS="196" VPOS="1180" WIDTH="14"/>
						<String ID="P311_ST00203" HPOS="210" VPOS="1146" WIDTH="46" HEIGHT="26" CONTENT="the" WC="0.84" CC="040"/>
						<SP ID="P311_SP00177" HPOS="256" VPOS="1180" WIDTH="17"/>
						<String ID="P311_ST00204" HPOS="273" VPOS="1145" WIDTH="66" HEIGHT="36" CONTENT="city," WC="0.85" CC="00204"/>
						<SP ID="P311_SP00178" HPOS="339" VPOS="1181" WIDTH="15"/>
						<String ID="P311_ST00205" HPOS="354" VPOS="1150" WIDTH="28" HEIGHT="21" CONTENT="at" WC="0.79" CC="04"/>
						<SP ID="P311_SP00179" HPOS="382" VPOS="1181" WIDTH="19"/>
						<String ID="P311_ST00206" HPOS="401" VPOS="1145" WIDTH="76" HEIGHT="26" CONTENT="short" WC="0.75" CC="06320"/>
						<SP ID="P311_SP00180" HPOS="477" VPOS="1181" WIDTH="18"/>
						<String ID="P311_ST00207" HPOS="495" VPOS="1144" WIDTH="136" HEIGHT="30" CONTENT="intervals," WC="0.81" CC="0400500160"/>
						<SP ID="P311_SP00181" HPOS="631" VPOS="1181" WIDTH="23"/>
						<String ID="P311_ST00208" HPOS="654" VPOS="1143" WIDTH="66" HEIGHT="26" CONTENT="until" WC="0.48" CC="47445"/>
						<SP ID="P311_SP00182" HPOS="720" VPOS="1181" WIDTH="18"/>
						<String ID="P311_ST00209" HPOS="738" VPOS="1144" WIDTH="132" HEIGHT="34" CONTENT="morning," WC="0.52" CC="56432590"/>
					</TextLine>
					<TextLine ID="P311_TL00026" HPOS="65" VPOS="1191" WIDTH="805" HEIGHT="36">
						<String ID="P311_ST00210" HPOS="65" VPOS="1191" WIDTH="67" HEIGHT="27" CONTENT="after" WC="0.86" CC="00204"/>
						<SP ID="P311_SP00183" HPOS="132" VPOS="1218" WIDTH="17"/>
						<String ID="P311_ST00211" HPOS="149" VPOS="1192" WIDTH="98" HEIGHT="32" CONTENT="which," WC="0.66" CC="961020"/>
						<SP ID="P311_SP00184" HPOS="247" VPOS="1224" WIDTH="22"/>
						<String ID="P311_ST00212" HPOS="269" VPOS="1192" WIDTH="40" HEIGHT="27" CONTENT="for" WC="0.66" CC="540"/>
						<SP ID="P311_SP00185" HPOS="309" VPOS="1224" WIDTH="21"/>
						<String ID="P311_ST00213" HPOS="330" VPOS="1202" WIDTH="15" HEIGHT="16" CONTENT="a" WC="0.77" CC="2"/>
						<SP ID="P311_SP00186" HPOS="345" VPOS="1224" WIDTH="17"/>
						<String ID="P311_ST00214" HPOS="362" VPOS="1192" WIDTH="66" HEIGHT="35" CONTENT="long" WC="0.69" CC="6320"/>
						<SP ID="P311_SP00187" HPOS="428" VPOS="1227" WIDTH="23"/>
						<String ID="P311_ST00215" HPOS="451" VPOS="1191" WIDTH="75" HEIGHT="31" CONTENT="time," WC="0.88" CC="00600"/>
						<SP ID="P311_SP00188" HPOS="526" VPOS="1227" WIDTH="23"/>
						<String ID="P311_ST00216" HPOS="549" VPOS="1191" WIDTH="88" HEIGHT="35" CONTENT="lamps" WC="0.71" CC="22009"/>
						<SP ID="P311_SP00189" HPOS="637" VPOS="1227" WIDTH="22"/>
						<String ID="P311_ST00217" HPOS="659" VPOS="1200" WIDTH="43" HEIGHT="17" CONTENT="are" WC="0.93" CC="020"/>
						<SP ID="P311_SP00190" HPOS="702" VPOS="1227" WIDTH="14"/>
						<String ID="P311_ST00218" HPOS="716" VPOS="1191" WIDTH="154" HEIGHT="33" CONTENT="suspended" WC="0.66" CC="476003800"/>
					</TextLine>
					<TextLine ID="P311_TL00027" HPOS="66" VPOS="1238" WIDTH="804" HEIGHT="36">
						<String ID="P311_ST00219" HPOS="66" VPOS="1248" WIDTH="69" HEIGHT="26" CONTENT="upon" WC="0.77" CC="7001"/>
						<SP ID="P311_SP00191" HPOS="135" VPOS="1274" WIDTH="16"/>
						<String ID="P311_ST00220" HPOS="151" VPOS="1239" WIDTH="67" HEIGHT="35" CONTENT="high" WC="0.70" CC="7004"/>
						<SP ID="P311_SP00192" HPOS="218" VPOS="1274" WIDTH="15"/>
						<String ID="P311_ST00221" HPOS="233" VPOS="1240" WIDTH="73" HEIGHT="34" CONTENT="poles" WC="0.99" CC="00000"/>
						<SP ID="P311_SP00193" HPOS="306" VPOS="1274" WIDTH="16"/>
						<String ID="P311_ST00222" HPOS="322" VPOS="1240" WIDTH="34" HEIGHT="34" CONTENT="by" WC="0.88" CC="20"/>
						<SP ID="P311_SP00194" HPOS="356" VPOS="1274" WIDTH="21"/>
						<String ID="P311_ST00223" HPOS="377" VPOS="1240" WIDTH="35" HEIGHT="26" CONTENT="all" WC="0.73" CC="132"/>
						<SP ID="P311_SP00195" HPOS="412" VPOS="1274" WIDTH="22"/>
						<String ID="P311_ST00224" HPOS="434" VPOS="1240" WIDTH="61" HEIGHT="26" CONTENT="who" WC="0.79" CC="060"/>
						<SP ID="P311_SP00196" HPOS="495" VPOS="1274" WIDTH="23"/>
						<String ID="P311_ST00225" HPOS="518" VPOS="1248" WIDTH="50" HEIGHT="17" CONTENT="can" WC="0.77" CC="006"/>
						<SP ID="P311_SP00197" HPOS="568" VPOS="1274" WIDTH="16"/>
						<String ID="P311_ST00226" HPOS="584" VPOS="1238" WIDTH="86" HEIGHT="26" CONTENT="afford" WC="0.99" CC="000000"/>
						<SP ID="P311_SP00198" HPOS="670" VPOS="1274" WIDTH="17"/>
						<String ID="P311_ST00227" HPOS="687" VPOS="1239" WIDTH="45" HEIGHT="25" CONTENT="the" WC="0.94" CC="010"/>
						<SP ID="P311_SP00199" HPOS="732" VPOS="1274" WIDTH="14"/>
						<String ID="P311_ST00228" HPOS="746" VPOS="1247" WIDTH="124" HEIGHT="27" CONTENT="expense." WC="0.77" CC="09006200"/>
					</TextLine>
				</TextBlock>
				<TextBlock ID="P311_TB00006" HPOS="62" VPOS="1319" WIDTH="809" HEIGHT="151" STYLEREFS="TXT_1 PAR_LEFT">
					<TextLine ID="P311_TL00028" HPOS="93" VPOS="1321" WIDTH="778" HEIGHT="30">
						<String ID="P311_ST00229" HPOS="93" VPOS="1321" WIDTH="13" HEIGHT="13" CONTENT="*" WC="0.71" CC="2"/>
						<SP ID="P311_SP00200" HPOS="106" VPOS="1334" WIDTH="10"/>
						<String ID="P311_ST00230" HPOS="116" VPOS="1322" WIDTH="122" HEIGHT="29" CONTENT="According" WC="0.77" CC="800050050"/>
						<SP ID="P311_SP00201" HPOS="238" VPOS="1351" WIDTH="12"/>
						<String ID="P311_ST00231" HPOS="250" VPOS="1326" WIDTH="21" HEIGHT="18" CONTENT="to" WC="0.60" CC="43"/>
						<SP ID="P311_SP00202" HPOS="271" VPOS="1351" WIDTH="11"/>
						<String ID="P311_ST00232" HPOS="282" VPOS="1323" WIDTH="107" HEIGHT="26" CONTENT="tradition," WC="0.78" CC="0600500440"/>
						<SP ID="P311_SP00203" HPOS="389" VPOS="1351" WIDTH="18"/>
						<String ID="P311_ST00233" HPOS="407" VPOS="1323" WIDTH="35" HEIGHT="21" CONTENT="the" WC="0.61" CC="074"/>
						<SP ID="P311_SP00204" HPOS="442" VPOS="1351" WIDTH="10"/>
						<String ID="P311_ST00234" HPOS="452" VPOS="1322" WIDTH="86" HEIGHT="21" CONTENT="brother" WC="0.60" CC="6240715"/>
						<SP ID="P311_SP00205" HPOS="538" VPOS="1351" WIDTH="11"/>
						<String ID="P311_ST00235" HPOS="549" VPOS="1321" WIDTH="25" HEIGHT="22" CONTENT="of" WC="0.41" CC="55"/>
						<SP ID="P311_SP00206" HPOS="574" VPOS="1351" WIDTH="14"/>
						<String ID="P311_ST00236" HPOS="588" VPOS="1321" WIDTH="184" HEIGHT="26" CONTENT="Somnahkodom," WC="0.60" CC="290587006330"/>
						<SP ID="P311_SP00207" HPOS="772" VPOS="1351" WIDTH="12"/>
						<String ID="P311_ST00237" HPOS="784" VPOS="1327" WIDTH="12" HEIGHT="14" CONTENT="a" WC="1.00" CC="0"/>
						<SP ID="P311_SP00208" HPOS="796" VPOS="1351" WIDTH="18"/>
						<String ID="P311_ST00238" HPOS="814" VPOS="1324" WIDTH="57" HEIGHT="24" CONTENT="great" WC="0.50" CC="05792"/>
					</TextLine>
					<TextLine ID="P311_TL00029" HPOS="66" VPOS="1350" WIDTH="804" HEIGHT="29">
						<String ID="P311_ST00239" HPOS="66" VPOS="1351" WIDTH="129" HEIGHT="28" CONTENT="malefactor," WC="0.66" CC="59410214402"/>
						<SP ID="P311_SP00209" HPOS="195" VPOS="1379" WIDTH="10"/>
						<String ID="P311_ST00240" HPOS="205" VPOS="1360" WIDTH="43" HEIGHT="13" CONTENT="was" WC="0.73" CC="025"/>
						<SP ID="P311_SP00210" HPOS="248" VPOS="1379" WIDTH="11"/>
						<String ID="P311_ST00241" HPOS="259" VPOS="1353" WIDTH="103" HEIGHT="20" CONTENT="crucified" WC="0.77" CC="562410000"/>
						<SP ID="P311_SP00211" HPOS="362" VPOS="1379" WIDTH="11"/>
						<String ID="P311_ST00242" HPOS="373" VPOS="1353" WIDTH="33" HEIGHT="20" CONTENT="for" WC="0.79" CC="401"/>
						<SP ID="P311_SP00212" HPOS="406" VPOS="1379" WIDTH="9"/>
						<String ID="P311_ST00243" HPOS="415" VPOS="1352" WIDTH="34" HEIGHT="21" CONTENT="his" WC="0.57" CC="705"/>
						<SP ID="P311_SP00213" HPOS="449" VPOS="1379" WIDTH="15"/>
						<String ID="P311_ST00244" HPOS="464" VPOS="1352" WIDTH="85" HEIGHT="21" CONTENT="crimes." WC="0.57" CC="4703562"/>
						<SP ID="P311_SP00214" HPOS="549" VPOS="1379" WIDTH="33"/>
						<String ID="P311_ST00245" HPOS="582" VPOS="1351" WIDTH="10" HEIGHT="21" CONTENT="I" WC="0.32" CC="6"/>
						<SP ID="P311_SP00215" HPOS="592" VPOS="1379" WIDTH="12"/>
						<String ID="P311_ST00246" HPOS="604" VPOS="1351" WIDTH="54" HEIGHT="21" CONTENT="have" WC="0.63" CC="0085"/>
						<SP ID="P311_SP00216" HPOS="658" VPOS="1379" WIDTH="11"/>
						<String ID="P311_ST00247" HPOS="669" VPOS="1351" WIDTH="51" HEIGHT="21" CONTENT="been" WC="0.77" CC="0305"/>
						<SP ID="P311_SP00217" HPOS="720" VPOS="1379" WIDTH="16"/>
						<String ID="P311_ST00248" HPOS="736" VPOS="1350" WIDTH="65" HEIGHT="22" CONTENT="asked" WC="0.56" CC="14806"/>
						<SP ID="P311_SP00218" HPOS="801" VPOS="1379" WIDTH="11"/>
						<String ID="P311_ST00249" HPOS="812" VPOS="1351" WIDTH="58" HEIGHT="21" CONTENT="whe" SUBS_TYPE="HypPart1" SUBS_CONTENT="whether" WC="0.60" CC="9500"/>
						<HYP CONTENT="-"/>
					</TextLine>
					<TextLine ID="P311_TL00030" HPOS="66" VPOS="1379" WIDTH="804" HEIGHT="25">
						<String ID="P311_ST00250" HPOS="66" VPOS="1381" WIDTH="43" HEIGHT="21" CONTENT="ther" SUBS_TYPE="HypPart2" SUBS_CONTENT="whether" WC="0.51" CC="4706"/>
						<SP ID="P311_SP00219" HPOS="109" VPOS="1402" WIDTH="15"/>
						<String ID="P311_ST00251" HPOS="124" VPOS="1382" WIDTH="26" HEIGHT="21" CONTENT="he" WC="0.83" CC="30"/>
						<SP ID="P311_SP00220" HPOS="150" VPOS="1403" WIDTH="11"/>
						<String ID="P311_ST00252" HPOS="161" VPOS="1382" WIDTH="43" HEIGHT="21" CONTENT="and" WC="0.45" CC="970"/>
						<SP ID="P311_SP00221" HPOS="204" VPOS="1403" WIDTH="12"/>
						<String ID="P311_ST00253" HPOS="216" VPOS="1383" WIDTH="65" HEIGHT="21" CONTENT="Jesus" WC="0.63" CC="06522"/>
						<SP ID="P311_SP00222" HPOS="281" VPOS="1404" WIDTH="11"/>
						<String ID="P311_ST00254" HPOS="292" VPOS="1390" WIDTH="55" HEIGHT="14" CONTENT="were" WC="0.60" CC="0357"/>
						<SP ID="P311_SP00223" HPOS="347" VPOS="1404" WIDTH="12"/>
						<String ID="P311_ST00255" HPOS="359" VPOS="1387" WIDTH="38" HEIGHT="17" CONTENT="not" WC="0.57" CC="750"/>
						<SP ID="P311_SP00224" HPOS="397" VPOS="1404" WIDTH="10"/>
						<String ID="P311_ST00256" HPOS="407" VPOS="1383" WIDTH="36" HEIGHT="20" CONTENT="the" WC="0.56" CC="092"/>
						<SP ID="P311_SP00225" HPOS="443" VPOS="1404" WIDTH="9"/>
						<String ID="P311_ST00257" HPOS="452" VPOS="1389" WIDTH="65" HEIGHT="14" CONTENT="same." WC="0.73" CC="50520"/>
						<SP ID="P311_SP00226" HPOS="517" VPOS="1404" WIDTH="32"/>
						<String ID="P311_ST00258" HPOS="549" VPOS="1381" WIDTH="45" HEIGHT="21" CONTENT="The" WC="0.90" CC="011"/>
						<SP ID="P311_SP00227" HPOS="594" VPOS="1404" WIDTH="11"/>
						<String ID="P311_ST00259" HPOS="605" VPOS="1381" WIDTH="58" HEIGHT="21" CONTENT="devil" WC="0.69" CC="74003"/>
						<SP ID="P311_SP00228" HPOS="663" VPOS="1404" WIDTH="10"/>
						<String ID="P311_ST00260" HPOS="673" VPOS="1380" WIDTH="72" HEIGHT="21" CONTENT="would" WC="0.81" CC="03500"/>
						<SP ID="P311_SP00229" HPOS="745" VPOS="1404" WIDTH="11"/>
						<String ID="P311_ST00261" HPOS="756" VPOS="1387" WIDTH="28" HEIGHT="14" CONTENT="no" WC="0.54" CC="72"/>
						<SP ID="P311_SP00230" HPOS="784" VPOS="1404" WIDTH="15"/>
						<String ID="P311_ST00262" HPOS="799" VPOS="1379" WIDTH="71" HEIGHT="23" CONTENT="doubt" WC="0.42" CC="93950"/>
					</TextLine>
					<TextLine ID="P311_TL00031" HPOS="64" VPOS="1410" WIDTH="806" HEIGHT="30">
						<String ID="P311_ST00263" HPOS="64" VPOS="1410" WIDTH="51" HEIGHT="23" CONTENT="have" WC="0.47" CC="7904"/>
						<SP ID="P311_SP00231" HPOS="115" VPOS="1433" WIDTH="11"/>
						<String ID="P311_ST00264" HPOS="126" VPOS="1412" WIDTH="15" HEIGHT="21" CONTENT="it" WC="0.59" CC="43"/>
						<SP ID="P311_SP00232" HPOS="141" VPOS="1433" WIDTH="11"/>
						<String ID="P311_ST00265" HPOS="152" VPOS="1412" WIDTH="105" HEIGHT="27" CONTENT="believed," WC="0.77" CC="016020304"/>
						<SP ID="P311_SP00233" HPOS="257" VPOS="1439" WIDTH="11"/>
						<String ID="P311_ST00266" HPOS="268" VPOS="1413" WIDTH="115" HEIGHT="27" CONTENT="according" WC="0.70" CC="236030009"/>
						<SP ID="P311_SP00234" HPOS="383" VPOS="1440" WIDTH="11"/>
						<String ID="P311_ST00267" HPOS="394" VPOS="1417" WIDTH="22" HEIGHT="17" CONTENT="to" WC="0.84" CC="03"/>
						<SP ID="P311_SP00235" HPOS="416" VPOS="1440" WIDTH="12"/>
						<String ID="P311_ST00268" HPOS="428" VPOS="1412" WIDTH="81" HEIGHT="22" CONTENT="similar" WC="0.65" CC="5412108"/>
						<SP ID="P311_SP00236" HPOS="509" VPOS="1440" WIDTH="7"/>
						<String ID="P311_ST00269" HPOS="516" VPOS="1415" WIDTH="101" HEIGHT="25" CONTENT="attempts" WC="0.67" CC="03338033"/>
						<SP ID="P311_SP00237" HPOS="617" VPOS="1440" WIDTH="11"/>
						<String ID="P311_ST00270" HPOS="628" VPOS="1412" WIDTH="59" HEIGHT="27" CONTENT="(e.g." WC="0.77" CC="83000"/>
						<SP ID="P311_SP00238" HPOS="687" VPOS="1440" WIDTH="11"/>
						<String ID="P311_ST00271" HPOS="698" VPOS="1411" WIDTH="35" HEIGHT="21" CONTENT="the" WC="1.00" CC="000"/>
						<SP ID="P311_SP00239" HPOS="733" VPOS="1440" WIDTH="14"/>
						<String ID="P311_ST00272" HPOS="747" VPOS="1410" WIDTH="123" HEIGHT="29" CONTENT="Philippian" WC="0.64" CC="0200509367"/>
					</TextLine>
					<TextLine ID="P311_TL00032" HPOS="63" VPOS="1440" WIDTH="702" HEIGHT="30">
						<String ID="P311_ST00273" HPOS="63" VPOS="1440" WIDTH="100" HEIGHT="30" CONTENT="damsel)," WC="0.65" CC="90660310"/>
						<SP ID="P311_SP00240" HPOS="163" VPOS="1470" WIDTH="10"/>
						<String ID="P311_ST00274" HPOS="173" VPOS="1443" WIDTH="46" HEIGHT="22" CONTENT="that" WC="0.83" CC="5000"/>
						<SP ID="P311_SP00241" HPOS="219" VPOS="1470" WIDTH="10"/>
						<String ID="P311_ST00275" HPOS="229" VPOS="1442" WIDTH="75" HEIGHT="23" CONTENT="Christ" WC="0.59" CC="065262"/>
						<SP ID="P311_SP00242" HPOS="304" VPOS="1470" WIDTH="7"/>
						<String ID="P311_ST00276" HPOS="311" VPOS="1443" WIDTH="43" HEIGHT="21" CONTENT="and" WC="0.68" CC="009"/>
						<SP ID="P311_SP00243" HPOS="354" VPOS="1470" WIDTH="9"/>
						<String ID="P311_ST00277" HPOS="363" VPOS="1443" WIDTH="42" HEIGHT="21" CONTENT="this" WC="0.71" CC="0055"/>
						<SP ID="P311_SP00244" HPOS="405" VPOS="1470" WIDTH="11"/>
						<String ID="P311_ST00278" HPOS="416" VPOS="1442" WIDTH="108" HEIGHT="21" CONTENT="infamous" WC="0.57" CC="16093165"/>
						<SP ID="P311_SP00245" HPOS="524" VPOS="1470" WIDTH="10"/>
						<String ID="P311_ST00279" HPOS="534" VPOS="1441" WIDTH="107" HEIGHT="21" CONTENT="character" WC="0.60" CC="600564506"/>
						<SP ID="P311_SP00246" HPOS="641" VPOS="1470" WIDTH="11"/>
						<String ID="P311_ST00280" HPOS="652" VPOS="1448" WIDTH="54" HEIGHT="14" CONTENT="were" WC="0.79" CC="0304"/>
						<SP ID="P311_SP00247" HPOS="706" VPOS="1470" WIDTH="10"/>
						<String ID="P311_ST00281" HPOS="716" VPOS="1448" WIDTH="49" HEIGHT="15" CONTENT="one." WC="0.59" CC="4740"/>
					</TextLine>
				</TextBlock>
				<TextBlock ID="P311_TB00007" HPOS="438" VPOS="1489" WIDTH="47" HEIGHT="18" STYLEREFS="TXT_1 PAR_CENTER">
					<TextLine ID="P311_TL00033" HPOS="439" VPOS="1489" WIDTH="46" HEIGHT="18">
						<String ID="P311_ST00282" HPOS="439" VPOS="1491" WIDTH="18" HEIGHT="16" CONTENT="N" WC="0.72" CC="2"/>
						<SP ID="P311_SP00248" HPOS="457" VPOS="1507" WIDTH="16"/>
						<String ID="P311_ST00283" HPOS="473" VPOS="1489" WIDTH="12" HEIGHT="18" CONTENT="5" WC="0.31" CC="6"/>
					</TextLine>
				</TextBlock>
			</PrintSpace>
		</Page>
	</Layout>
</alto>
