<?xml version="1.0" encoding="UTF-8"?>
<alto xmlns:xsi="http://www.w3.org/2001/XMLSchema-instance" xsi:noNamespaceSchemaLocation="http://www.bl.uk/schemas/alto/alto-1-4.xsd" xmlns:xlink="http://www.w3.org/1999/xlink">
	<Description>
		<MeasurementUnit>mm10</MeasurementUnit>
		<sourceImageInformation>
			<fileName>//head1/IN/2008-15/A0011390163/005026.jp2</fileName>
		</sourceImageInformation>
		<OCRProcessing ID="OCRPROCESSING_1">
			<preProcessingStep>
				<processingSoftware>
					<softwareCreator>CCS Content Conversion Specialists GmbH, Germany</softwareCreator>
					<softwareName>CCS docWORKS</softwareName>
					<softwareVersion>6.1-0.67</softwareVersion>
				</processingSoftware>
			</preProcessingStep>
			<ocrProcessingStep>
				<processingSoftware>
					<softwareCreator>ABBYY (BIT Software), Russia</softwareCreator>
					<softwareName>Finereader</softwareName>
				</processingSoftware>
			</ocrProcessingStep>
		</OCRProcessing>
	</Description>
	<Styles>
		<TextStyle ID="TXT_0" FONTSIZE="10" FONTFAMILY="Courier New"/>
		<TextStyle ID="TXT_1" FONTSIZE="9" FONTFAMILY="Courier New"/>
		<ParagraphStyle ID="PAR_LEFT" ALIGN="Left"/>
		<ParagraphStyle ID="PAR_RIGHT" ALIGN="Right"/>
	</Styles>
	<Layout>
		<Page ID="P250" PHYSICAL_IMG_NR="250" HEIGHT="1595" WIDTH="960" PRINTED_IMG_NR="212" POSITION="Left" ACCURACY="78.27">
			<TopMargin ID="P250_TM00001" HPOS="0" VPOS="0" WIDTH="960" HEIGHT="67">
				<TextBlock ID="P250_TB00001" HPOS="118" VPOS="39" WIDTH="53" HEIGHT="27" STYLEREFS="TXT_0 PAR_LEFT">
					<TextLine ID="P250_TL00001" HPOS="118" VPOS="40" WIDTH="53" HEIGHT="26">
						<String ID="P250_ST00001" HPOS="118" VPOS="40" WIDTH="53" HEIGHT="26" CONTENT="212" WC="0.53" CC="930"/>
					</TextLine>
				</TextBlock>
				<TextBlock ID="P250_TB00002" HPOS="479" VPOS="45" WIDTH="72" HEIGHT="17" STYLEREFS="TXT_1 PAR_RIGHT">
					<TextLine ID="P250_TL00002" HPOS="479" VPOS="46" WIDTH="72" HEIGHT="16">
						<String ID="P250_ST00002" HPOS="479" VPOS="46" WIDTH="72" HEIGHT="16" CONTENT="SIAM" WC="0.68" CC="0507"/>
					</TextLine>
				</TextBlock>
			</TopMargin>
			<LeftMargin ID="P250_LM00001" HPOS="0" VPOS="67" WIDTH="115" HEIGHT="1394"/>
			<RightMargin ID="P250_RM00001" HPOS="928" VPOS="67" WIDTH="32" HEIGHT="1394"/>
			<BottomMargin ID="P250_BM00001" HPOS="0" VPOS="1461" WIDTH="960" HEIGHT="134"/>
			<PrintSpace ID="P250_PS00001" HPOS="115" VPOS="67" WIDTH="813" HEIGHT="1394">
				<TextBlock ID="P250_TB00003" HPOS="115" VPOS="104" WIDTH="811" HEIGHT="556" STYLEREFS="TXT_1 PAR_LEFT">
					<TextLine ID="P250_TL00003" HPOS="117" VPOS="104" WIDTH="805" HEIGHT="39">
						<String ID="P250_ST00003" HPOS="117" VPOS="110" WIDTH="143" HEIGHT="31" CONTENT="doctrines," WC="0.83" CC="3200004051"/>
						<SP ID="P250_SP00001" HPOS="260" VPOS="141" WIDTH="17"/>
						<String ID="P250_ST00004" HPOS="277" VPOS="108" WIDTH="86" HEIGHT="27" CONTENT="would" WC="0.95" CC="00020"/>
						<SP ID="P250_SP00002" HPOS="363" VPOS="141" WIDTH="18"/>
						<String ID="P250_ST00005" HPOS="381" VPOS="108" WIDTH="31" HEIGHT="27" CONTENT="be" WC="0.42" CC="74"/>
						<SP ID="P250_SP00003" HPOS="412" VPOS="141" WIDTH="14"/>
						<String ID="P250_ST00006" HPOS="426" VPOS="108" WIDTH="93" HEIGHT="35" CONTENT="happy" WC="0.86" CC="60000"/>
						<SP ID="P250_SP00004" HPOS="519" VPOS="143" WIDTH="15"/>
						<String ID="P250_ST00007" HPOS="534" VPOS="112" WIDTH="27" HEIGHT="21" CONTENT="to" WC="0.70" CC="50"/>
						<SP ID="P250_SP00005" HPOS="561" VPOS="143" WIDTH="14"/>
						<String ID="P250_ST00008" HPOS="575" VPOS="107" WIDTH="103" HEIGHT="26" CONTENT="receive" WC="0.89" CC="0000204"/>
						<SP ID="P250_SP00006" HPOS="678" VPOS="143" WIDTH="15"/>
						<String ID="P250_ST00009" HPOS="693" VPOS="106" WIDTH="68" HEIGHT="26" CONTENT="from" WC="0.76" CC="0009"/>
						<SP ID="P250_SP00007" HPOS="761" VPOS="143" WIDTH="15"/>
						<String ID="P250_ST00010" HPOS="776" VPOS="113" WIDTH="49" HEIGHT="18" CONTENT="our" WC="0.86" CC="004"/>
						<SP ID="P250_SP00008" HPOS="825" VPOS="143" WIDTH="13"/>
						<String ID="P250_ST00011" HPOS="838" VPOS="104" WIDTH="52" HEIGHT="36" CONTENT="lips" WC="0.65" CC="3603"/>
						<SP ID="P250_SP00009" HPOS="890" VPOS="143" WIDTH="18"/>
						<String ID="P250_ST00012" HPOS="908" VPOS="113" WIDTH="14" HEIGHT="19" CONTENT="a" WC="0.24" CC="7"/>
					</TextLine>
					<TextLine ID="P250_TL00004" HPOS="117" VPOS="152" WIDTH="809" HEIGHT="31">
						<String ID="P250_ST00013" HPOS="117" VPOS="157" WIDTH="116" HEIGHT="26" CONTENT="solution" WC="0.79" CC="60140003"/>
						<SP ID="P250_SP00010" HPOS="233" VPOS="183" WIDTH="22"/>
						<String ID="P250_ST00014" HPOS="255" VPOS="155" WIDTH="30" HEIGHT="26" CONTENT="of" WC="0.82" CC="03"/>
						<SP ID="P250_SP00011" HPOS="285" VPOS="183" WIDTH="19"/>
						<String ID="P250_ST00015" HPOS="304" VPOS="155" WIDTH="42" HEIGHT="25" CONTENT="his" WC="0.73" CC="106"/>
						<SP ID="P250_SP00012" HPOS="346" VPOS="183" WIDTH="23"/>
						<String ID="P250_ST00016" HPOS="369" VPOS="155" WIDTH="166" HEIGHT="26" CONTENT="difficulties." WC="0.94" CC="0100000040010"/>
						<SP ID="P250_SP00013" HPOS="535" VPOS="183" WIDTH="42"/>
						<String ID="P250_ST00017" HPOS="577" VPOS="154" WIDTH="42" HEIGHT="26" CONTENT="He" WC="1.00" CC="00"/>
						<SP ID="P250_SP00014" HPOS="619" VPOS="183" WIDTH="27"/>
						<String ID="P250_ST00018" HPOS="646" VPOS="152" WIDTH="95" HEIGHT="27" CONTENT="waited" WC="0.83" CC="700100"/>
						<SP ID="P250_SP00015" HPOS="741" VPOS="183" WIDTH="24"/>
						<String ID="P250_ST00019" HPOS="765" VPOS="157" WIDTH="29" HEIGHT="22" CONTENT="at" WC="0.71" CC="05"/>
						<SP ID="P250_SP00016" HPOS="794" VPOS="183" WIDTH="24"/>
						<String ID="P250_ST00020" HPOS="818" VPOS="161" WIDTH="16" HEIGHT="17" CONTENT="a" WC="0.01" CC="9"/>
						<SP ID="P250_SP00017" HPOS="834" VPOS="183" WIDTH="20"/>
						<String ID="P250_ST00021" HPOS="854" VPOS="152" WIDTH="72" HEIGHT="27" CONTENT="short" WC="0.86" CC="07000"/>
					</TextLine>
					<TextLine ID="P250_TL00005" HPOS="118" VPOS="199" WIDTH="806" HEIGHT="34">
						<String ID="P250_ST00022" HPOS="118" VPOS="201" WIDTH="120" HEIGHT="26" CONTENT="distance" WC="0.84" CC="00350400"/>
						<SP ID="P250_SP00018" HPOS="238" VPOS="227" WIDTH="14"/>
						<String ID="P250_ST00023" HPOS="252" VPOS="201" WIDTH="67" HEIGHT="26" CONTENT="from" WC="0.83" CC="0005"/>
						<SP ID="P250_SP00019" HPOS="319" VPOS="227" WIDTH="15"/>
						<String ID="P250_ST00024" HPOS="334" VPOS="200" WIDTH="45" HEIGHT="26" CONTENT="the" WC="0.62" CC="370"/>
						<SP ID="P250_SP00020" HPOS="379" VPOS="227" WIDTH="14"/>
						<String ID="P250_ST00025" HPOS="393" VPOS="200" WIDTH="95" HEIGHT="31" CONTENT="house," WC="0.68" CC="623303"/>
						<SP ID="P250_SP00021" HPOS="488" VPOS="231" WIDTH="13"/>
						<String ID="P250_ST00026" HPOS="501" VPOS="199" WIDTH="69" HEIGHT="26" CONTENT="until" WC="0.78" CC="04033"/>
						<SP ID="P250_SP00022" HPOS="570" VPOS="231" WIDTH="14"/>
						<String ID="P250_ST00027" HPOS="584" VPOS="199" WIDTH="45" HEIGHT="26" CONTENT="the" WC="0.57" CC="570"/>
						<SP ID="P250_SP00023" HPOS="629" VPOS="231" WIDTH="9"/>
						<String ID="P250_ST00028" HPOS="638" VPOS="206" WIDTH="155" HEIGHT="27" CONTENT="messenger" WC="0.78" CC="600203006"/>
						<SP ID="P250_SP00024" HPOS="793" VPOS="233" WIDTH="11"/>
						<String ID="P250_ST00029" HPOS="804" VPOS="199" WIDTH="120" HEIGHT="25" CONTENT="returned" WC="0.89" CC="00400300"/>
					</TextLine>
					<TextLine ID="P250_TL00006" HPOS="119" VPOS="245" WIDTH="806" HEIGHT="30">
						<String ID="P250_ST00030" HPOS="119" VPOS="254" WIDTH="27" HEIGHT="21" CONTENT="to" WC="1.00" CC="00"/>
						<SP ID="P250_SP00025" HPOS="146" VPOS="275" WIDTH="22"/>
						<String ID="P250_ST00031" HPOS="168" VPOS="248" WIDTH="55" HEIGHT="26" CONTENT="him" WC="0.77" CC="600"/>
						<SP ID="P250_SP00026" HPOS="223" VPOS="275" WIDTH="23"/>
						<String ID="P250_ST00032" HPOS="246" VPOS="248" WIDTH="64" HEIGHT="26" CONTENT="with" WC="1.00" CC="0000"/>
						<SP ID="P250_SP00027" HPOS="310" VPOS="275" WIDTH="25"/>
						<String ID="P250_ST00033" HPOS="335" VPOS="257" WIDTH="15" HEIGHT="16" CONTENT="a" WC="1.00" CC="0"/>
						<SP ID="P250_SP00028" HPOS="350" VPOS="275" WIDTH="25"/>
						<String ID="P250_ST00034" HPOS="375" VPOS="247" WIDTH="155" HEIGHT="26" CONTENT="favourable" WC="0.92" CC="0000024000"/>
						<SP ID="P250_SP00029" HPOS="530" VPOS="275" WIDTH="22"/>
						<String ID="P250_ST00035" HPOS="552" VPOS="255" WIDTH="113" HEIGHT="18" CONTENT="answer." WC="0.77" CC="0600054"/>
						<SP ID="P250_SP00030" HPOS="665" VPOS="275" WIDTH="43"/>
						<String ID="P250_ST00036" HPOS="708" VPOS="245" WIDTH="40" HEIGHT="26" CONTENT="He" WC="0.51" CC="72"/>
						<SP ID="P250_SP00031" HPOS="748" VPOS="275" WIDTH="15"/>
						<String ID="P250_ST00037" HPOS="763" VPOS="245" WIDTH="132" HEIGHT="26" CONTENT="remained" WC="0.83" CC="60300300"/>
						<SP ID="P250_SP00032" HPOS="895" VPOS="275" WIDTH="16"/>
						<String ID="P250_ST00038" HPOS="911" VPOS="255" WIDTH="14" HEIGHT="16" CONTENT="a" WC="0.95" CC="0"/>
					</TextLine>
					<TextLine ID="P250_TL00007" HPOS="119" VPOS="292" WIDTH="806" HEIGHT="38">
						<String ID="P250_ST00039" HPOS="119" VPOS="296" WIDTH="64" HEIGHT="34" CONTENT="long" WC="0.86" CC="1030"/>
						<SP ID="P250_SP00033" HPOS="183" VPOS="330" WIDTH="13"/>
						<String ID="P250_ST00040" HPOS="196" VPOS="295" WIDTH="73" HEIGHT="31" CONTENT="time," WC="0.60" CC="72603"/>
						<SP ID="P250_SP00034" HPOS="269" VPOS="330" WIDTH="14"/>
						<String ID="P250_ST00041" HPOS="283" VPOS="295" WIDTH="53" HEIGHT="26" CONTENT="and" WC="0.88" CC="030"/>
						<SP ID="P250_SP00035" HPOS="336" VPOS="330" WIDTH="20"/>
						<String ID="P250_ST00042" HPOS="356" VPOS="294" WIDTH="72" HEIGHT="36" CONTENT="plied" WC="0.96" CC="01000"/>
						<SP ID="P250_SP00036" HPOS="428" VPOS="330" WIDTH="18"/>
						<String ID="P250_ST00043" HPOS="446" VPOS="303" WIDTH="31" HEIGHT="17" CONTENT="us" WC="0.97" CC="00"/>
						<SP ID="P250_SP00037" HPOS="477" VPOS="330" WIDTH="21"/>
						<String ID="P250_ST00044" HPOS="498" VPOS="293" WIDTH="64" HEIGHT="27" CONTENT="with" WC="0.75" CC="0027"/>
						<SP ID="P250_SP00038" HPOS="562" VPOS="330" WIDTH="18"/>
						<String ID="P250_ST00045" HPOS="580" VPOS="293" WIDTH="68" HEIGHT="26" CONTENT="such" WC="0.98" CC="0000"/>
						<SP ID="P250_SP00039" HPOS="648" VPOS="330" WIDTH="15"/>
						<String ID="P250_ST00046" HPOS="663" VPOS="292" WIDTH="139" HEIGHT="36" CONTENT="questions" WC="0.86" CC="000900002"/>
						<SP ID="P250_SP00040" HPOS="802" VPOS="330" WIDTH="20"/>
						<String ID="P250_ST00047" HPOS="822" VPOS="301" WIDTH="28" HEIGHT="17" CONTENT="as" WC="0.50" CC="90"/>
						<SP ID="P250_SP00041" HPOS="850" VPOS="330" WIDTH="14"/>
						<String ID="P250_ST00048" HPOS="864" VPOS="302" WIDTH="61" HEIGHT="17" CONTENT="con" SUBS_TYPE="HypPart1" SUBS_CONTENT="convinced" WC="0.98" CC="0000"/>
						<HYP CONTENT="-"/>
					</TextLine>
					<TextLine ID="P250_TL00008" HPOS="118" VPOS="339" WIDTH="806" HEIGHT="36">
						<String ID="P250_ST00049" HPOS="118" VPOS="342" WIDTH="95" HEIGHT="25" CONTENT="vinced" SUBS_TYPE="HypPart2" SUBS_CONTENT="convinced" WC="0.95" CC="002000"/>
						<SP ID="P250_SP00042" HPOS="213" VPOS="367" WIDTH="15"/>
						<String ID="P250_ST00050" HPOS="228" VPOS="350" WIDTH="32" HEIGHT="17" CONTENT="us" WC="0.74" CC="50"/>
						<SP ID="P250_SP00043" HPOS="260" VPOS="367" WIDTH="14"/>
						<String ID="P250_ST00051" HPOS="274" VPOS="341" WIDTH="59" HEIGHT="26" CONTENT="that" WC="0.73" CC="0720"/>
						<SP ID="P250_SP00044" HPOS="333" VPOS="367" WIDTH="13"/>
						<String ID="P250_ST00052" HPOS="346" VPOS="340" WIDTH="33" HEIGHT="27" CONTENT="he" WC="1.00" CC="00"/>
						<SP ID="P250_SP00045" HPOS="379" VPOS="367" WIDTH="12"/>
						<String ID="P250_ST00053" HPOS="391" VPOS="340" WIDTH="53" HEIGHT="27" CONTENT="had" WC="0.77" CC="600"/>
						<SP ID="P250_SP00046" HPOS="444" VPOS="367" WIDTH="16"/>
						<String ID="P250_ST00054" HPOS="460" VPOS="339" WIDTH="120" HEIGHT="36" CONTENT="thought" WC="0.84" CC="0500005"/>
						<SP ID="P250_SP00047" HPOS="580" VPOS="375" WIDTH="14"/>
						<String ID="P250_ST00055" HPOS="594" VPOS="339" WIDTH="98" HEIGHT="36" CONTENT="deeply" WC="0.95" CC="000020"/>
						<SP ID="P250_SP00048" HPOS="692" VPOS="375" WIDTH="15"/>
						<String ID="P250_ST00056" HPOS="707" VPOS="348" WIDTH="33" HEIGHT="17" CONTENT="on" WC="0.72" CC="05"/>
						<SP ID="P250_SP00049" HPOS="740" VPOS="375" WIDTH="16"/>
						<String ID="P250_ST00057" HPOS="756" VPOS="339" WIDTH="46" HEIGHT="26" CONTENT="the" WC="0.79" CC="060"/>
						<SP ID="P250_SP00050" HPOS="802" VPOS="375" WIDTH="11"/>
						<String ID="P250_ST00058" HPOS="813" VPOS="339" WIDTH="111" HEIGHT="35" CONTENT="subject." WC="0.88" CC="20010050"/>
					</TextLine>
					<TextLine ID="P250_TL00009" HPOS="119" VPOS="386" WIDTH="807" HEIGHT="29">
						<String ID="P250_ST00059" HPOS="119" VPOS="389" WIDTH="56" HEIGHT="26" CONTENT="The" WC="0.56" CC="066"/>
						<SP ID="P250_SP00051" HPOS="175" VPOS="415" WIDTH="31"/>
						<String ID="P250_ST00060" HPOS="206" VPOS="388" WIDTH="115" HEIGHT="27" CONTENT="Saviour" WC="0.87" CC="0400300"/>
						<SP ID="P250_SP00052" HPOS="321" VPOS="415" WIDTH="28"/>
						<String ID="P250_ST00061" HPOS="349" VPOS="389" WIDTH="31" HEIGHT="26" CONTENT="of" WC="0.55" CC="26"/>
						<SP ID="P250_SP00053" HPOS="380" VPOS="415" WIDTH="24"/>
						<String ID="P250_ST00062" HPOS="404" VPOS="388" WIDTH="105" HEIGHT="26" CONTENT="sinners" WC="0.85" CC="0060003"/>
						<SP ID="P250_SP00054" HPOS="509" VPOS="415" WIDTH="30"/>
						<String ID="P250_ST00063" HPOS="539" VPOS="395" WIDTH="53" HEIGHT="17" CONTENT="was" WC="0.48" CC="761"/>
						<SP ID="P250_SP00055" HPOS="592" VPOS="415" WIDTH="31"/>
						<String ID="P250_ST00064" HPOS="623" VPOS="386" WIDTH="46" HEIGHT="26" CONTENT="the" WC="0.66" CC="063"/>
						<SP ID="P250_SP00056" HPOS="669" VPOS="415" WIDTH="28"/>
						<String ID="P250_ST00065" HPOS="697" VPOS="386" WIDTH="102" HEIGHT="26" CONTENT="burden" WC="0.88" CC="002004"/>
						<SP ID="P250_SP00057" HPOS="799" VPOS="415" WIDTH="31"/>
						<String ID="P250_ST00066" HPOS="830" VPOS="386" WIDTH="31" HEIGHT="26" CONTENT="of" WC="1.00" CC="00"/>
						<SP ID="P250_SP00058" HPOS="861" VPOS="415" WIDTH="26"/>
						<String ID="P250_ST00067" HPOS="887" VPOS="386" WIDTH="39" HEIGHT="25" CONTENT="his" WC="0.54" CC="508"/>
					</TextLine>
					<TextLine ID="P250_TL00010" HPOS="120" VPOS="433" WIDTH="804" HEIGHT="39">
						<String ID="P250_ST00068" HPOS="120" VPOS="436" WIDTH="129" HEIGHT="36" CONTENT="inquiries" WC="0.72" CC="460643000"/>
						<String ID="P250_ST00069" HPOS="251" VPOS="452" WIDTH="33" HEIGHT="3" CONTENT="—" WC="0.20" CC="8"/>
						<String ID="P250_ST00070" HPOS="288" VPOS="436" WIDTH="59" HEIGHT="26" CONTENT="who" WC="0.75" CC="070"/>
						<SP ID="P250_SP00059" HPOS="347" VPOS="472" WIDTH="15"/>
						<String ID="P250_ST00071" HPOS="362" VPOS="435" WIDTH="42" HEIGHT="27" CONTENT="He" WC="0.70" CC="50"/>
						<SP ID="P250_SP00060" HPOS="404" VPOS="472" WIDTH="22"/>
						<String ID="P250_ST00072" HPOS="426" VPOS="444" WIDTH="55" HEIGHT="16" CONTENT="was" WC="0.97" CC="000"/>
						<String ID="P250_ST00073" HPOS="483" VPOS="450" WIDTH="33" HEIGHT="4" CONTENT="—" WC="0.20" CC="8"/>
						<String ID="P250_ST00074" HPOS="520" VPOS="433" WIDTH="74" HEIGHT="27" CONTENT="what" WC="0.83" CC="0600"/>
						<SP ID="P250_SP00061" HPOS="594" VPOS="472" WIDTH="25"/>
						<String ID="P250_ST00075" HPOS="619" VPOS="443" WIDTH="56" HEIGHT="16" CONTENT="was" WC="0.97" CC="000"/>
						<SP ID="P250_SP00062" HPOS="675" VPOS="472" WIDTH="22"/>
						<String ID="P250_ST00076" HPOS="697" VPOS="433" WIDTH="47" HEIGHT="26" CONTENT="the" WC="0.62" CC="460"/>
						<SP ID="P250_SP00063" HPOS="744" VPOS="472" WIDTH="24"/>
						<String ID="P250_ST00077" HPOS="768" VPOS="433" WIDTH="156" HEIGHT="27" CONTENT="distinction" WC="0.86" CC="00300206002"/>
					</TextLine>
					<TextLine ID="P250_TL00011" HPOS="119" VPOS="479" WIDTH="805" HEIGHT="31">
						<String ID="P250_ST00078" HPOS="119" VPOS="484" WIDTH="122" HEIGHT="26" CONTENT="between" WC="0.90" CC="6000000"/>
						<SP ID="P250_SP00064" HPOS="241" VPOS="510" WIDTH="14"/>
						<String ID="P250_ST00079" HPOS="255" VPOS="483" WIDTH="55" HEIGHT="26" CONTENT="him" WC="1.00" CC="000"/>
						<SP ID="P250_SP00065" HPOS="310" VPOS="510" WIDTH="16"/>
						<String ID="P250_ST00080" HPOS="326" VPOS="482" WIDTH="52" HEIGHT="26" CONTENT="and" WC="0.67" CC="450"/>
						<SP ID="P250_SP00066" HPOS="378" VPOS="510" WIDTH="22"/>
						<String ID="P250_ST00081" HPOS="400" VPOS="482" WIDTH="46" HEIGHT="26" CONTENT="the" WC="0.77" CC="510"/>
						<SP ID="P250_SP00067" HPOS="446" VPOS="510" WIDTH="14"/>
						<String ID="P250_ST00082" HPOS="460" VPOS="481" WIDTH="100" HEIGHT="26" CONTENT="Father" WC="0.88" CC="600000"/>
						<String ID="P250_ST00083" HPOS="563" VPOS="495" WIDTH="34" HEIGHT="4" CONTENT="—" WC="0.20" CC="8"/>
						<String ID="P250_ST00084" HPOS="600" VPOS="479" WIDTH="120" HEIGHT="26" CONTENT="whether" WC="0.83" CC="0301600"/>
						<SP ID="P250_SP00068" HPOS="720" VPOS="510" WIDTH="20"/>
						<String ID="P250_ST00085" HPOS="740" VPOS="479" WIDTH="41" HEIGHT="26" CONTENT="his" WC="0.90" CC="002"/>
						<SP ID="P250_SP00069" HPOS="781" VPOS="510" WIDTH="22"/>
						<String ID="P250_ST00086" HPOS="803" VPOS="480" WIDTH="59" HEIGHT="26" CONTENT="love" WC="0.84" CC="6000"/>
						<SP ID="P250_SP00070" HPOS="862" VPOS="510" WIDTH="19"/>
						<String ID="P250_ST00087" HPOS="881" VPOS="488" WIDTH="43" HEIGHT="18" CONTENT="ex" SUBS_TYPE="HypPart1" SUBS_CONTENT="extended" WC="0.53" CC="094"/>
						<HYP CONTENT="-"/>
					</TextLine>
					<TextLine ID="P250_TL00012" HPOS="118" VPOS="527" WIDTH="806" HEIGHT="35">
						<String ID="P250_ST00088" HPOS="118" VPOS="531" WIDTH="98" HEIGHT="26" CONTENT="tended" SUBS_TYPE="HypPart2" SUBS_CONTENT="extended" WC="0.90" CC="000500"/>
						<SP ID="P250_SP00071" HPOS="216" VPOS="557" WIDTH="21"/>
						<String ID="P250_ST00089" HPOS="237" VPOS="535" WIDTH="28" HEIGHT="21" CONTENT="to" WC="1.00" CC="00"/>
						<SP ID="P250_SP00072" HPOS="265" VPOS="557" WIDTH="19"/>
						<String ID="P250_ST00090" HPOS="284" VPOS="539" WIDTH="62" HEIGHT="17" CONTENT="men" WC="0.68" CC="008"/>
						<SP ID="P250_SP00073" HPOS="346" VPOS="557" WIDTH="20"/>
						<String ID="P250_ST00091" HPOS="366" VPOS="529" WIDTH="32" HEIGHT="26" CONTENT="of" WC="1.00" CC="00"/>
						<SP ID="P250_SP00074" HPOS="398" VPOS="557" WIDTH="18"/>
						<String ID="P250_ST00092" HPOS="416" VPOS="529" WIDTH="35" HEIGHT="25" CONTENT="all" WC="0.91" CC="002"/>
						<SP ID="P250_SP00075" HPOS="451" VPOS="557" WIDTH="20"/>
						<String ID="P250_ST00093" HPOS="471" VPOS="527" WIDTH="108" HEIGHT="27" CONTENT="nations" WC="0.83" CC="5000022"/>
						<String ID="P250_ST00094" HPOS="581" VPOS="543" WIDTH="35" HEIGHT="3" CONTENT="—" WC="0.20" CC="8"/>
						<String ID="P250_ST00095" HPOS="619" VPOS="527" WIDTH="60" HEIGHT="26" CONTENT="how" WC="0.95" CC="100"/>
						<SP ID="P250_SP00076" HPOS="679" VPOS="557" WIDTH="15"/>
						<String ID="P250_ST00096" HPOS="694" VPOS="527" WIDTH="33" HEIGHT="26" CONTENT="he" WC="0.75" CC="50"/>
						<SP ID="P250_SP00077" HPOS="727" VPOS="557" WIDTH="14"/>
						<String ID="P250_ST00097" HPOS="741" VPOS="527" WIDTH="125" HEIGHT="35" CONTENT="expiated" WC="0.95" CC="00030000"/>
						<SP ID="P250_SP00078" HPOS="866" VPOS="562" WIDTH="16"/>
						<String ID="P250_ST00098" HPOS="882" VPOS="527" WIDTH="42" HEIGHT="27" CONTENT="the" WC="0.60" CC="425"/>
					</TextLine>
					<TextLine ID="P250_TL00013" HPOS="119" VPOS="573" WIDTH="806" HEIGHT="39">
						<String ID="P250_ST00099" HPOS="119" VPOS="577" WIDTH="56" HEIGHT="27" CONTENT="sins" WC="0.75" CC="5210"/>
						<SP ID="P250_SP00079" HPOS="175" VPOS="604" WIDTH="14"/>
						<String ID="P250_ST00100" HPOS="189" VPOS="577" WIDTH="86" HEIGHT="27" CONTENT="ofthe" WC="0.78" CC="30070"/>
						<SP ID="P250_SP00080" HPOS="275" VPOS="604" WIDTH="15"/>
						<String ID="P250_ST00101" HPOS="290" VPOS="577" WIDTH="87" HEIGHT="35" CONTENT="guilty" WC="0.70" CC="042460"/>
						<String ID="P250_ST00102" HPOS="381" VPOS="592" WIDTH="34" HEIGHT="3" CONTENT="—" WC="0.20" CC="8"/>
						<String ID="P250_ST00103" HPOS="418" VPOS="576" WIDTH="52" HEIGHT="26" CONTENT="and" WC="0.78" CC="060"/>
						<SP ID="P250_SP00081" HPOS="470" VPOS="612" WIDTH="16"/>
						<String ID="P250_ST00104" HPOS="486" VPOS="575" WIDTH="122" HEIGHT="26" CONTENT="whether" WC="0.85" CC="0023400"/>
						<SP ID="P250_SP00082" HPOS="608" VPOS="612" WIDTH="10"/>
						<String ID="P250_ST00105" HPOS="618" VPOS="574" WIDTH="61" HEIGHT="27" CONTENT="God" WC="0.51" CC="049"/>
						<SP ID="P250_SP00083" HPOS="679" VPOS="612" WIDTH="16"/>
						<String ID="P250_ST00106" HPOS="695" VPOS="574" WIDTH="46" HEIGHT="26" CONTENT="the" WC="0.74" CC="070"/>
						<SP ID="P250_SP00084" HPOS="741" VPOS="612" WIDTH="16"/>
						<String ID="P250_ST00107" HPOS="757" VPOS="573" WIDTH="100" HEIGHT="26" CONTENT="Father" WC="0.84" CC="000701"/>
						<SP ID="P250_SP00085" HPOS="857" VPOS="612" WIDTH="10"/>
						<String ID="P250_ST00108" HPOS="867" VPOS="574" WIDTH="58" HEIGHT="26" CONTENT="bore" WC="0.92" CC="0030"/>
					</TextLine>
					<TextLine ID="P250_TL00014" HPOS="121" VPOS="622" WIDTH="473" HEIGHT="38">
						<String ID="P250_ST00109" HPOS="121" VPOS="635" WIDTH="33" HEIGHT="16" CONTENT="an" WC="0.77" CC="04"/>
						<SP ID="P250_SP00086" HPOS="154" VPOS="651" WIDTH="15"/>
						<String ID="P250_ST00110" HPOS="169" VPOS="625" WIDTH="80" HEIGHT="35" CONTENT="equal" WC="0.91" CC="00004"/>
						<SP ID="P250_SP00087" HPOS="249" VPOS="660" WIDTH="14"/>
						<String ID="P250_ST00111" HPOS="263" VPOS="624" WIDTH="125" HEIGHT="26" CONTENT="affection" WC="0.90" CC="000005003"/>
						<SP ID="P250_SP00088" HPOS="388" VPOS="660" WIDTH="15"/>
						<String ID="P250_ST00112" HPOS="403" VPOS="623" WIDTH="84" HEIGHT="26" CONTENT="tothe" WC="0.84" CC="00070"/>
						<SP ID="P250_SP00089" HPOS="487" VPOS="660" WIDTH="16"/>
						<String ID="P250_ST00113" HPOS="503" VPOS="622" WIDTH="91" HEIGHT="26" CONTENT="world." WC="0.67" CC="915030"/>
					</TextLine>
				</TextBlock>
				<TextBlock ID="P250_TB00004" HPOS="118" VPOS="668" WIDTH="810" HEIGHT="555" STYLEREFS="TXT_1 PAR_LEFT">
					<TextLine ID="P250_TL00015" HPOS="159" VPOS="668" WIDTH="769" HEIGHT="38">
						<String ID="P250_ST00114" HPOS="159" VPOS="671" WIDTH="42" HEIGHT="27" CONTENT="He" WC="0.69" CC="60"/>
						<SP ID="P250_SP00090" HPOS="201" VPOS="698" WIDTH="13"/>
						<String ID="P250_ST00115" HPOS="214" VPOS="681" WIDTH="54" HEIGHT="16" CONTENT="was" WC="0.88" CC="020"/>
						<SP ID="P250_SP00091" HPOS="268" VPOS="698" WIDTH="13"/>
						<String ID="P250_ST00116" HPOS="281" VPOS="670" WIDTH="145" HEIGHT="36" CONTENT="particular" WC="0.86" CC="5003300000"/>
						<SP ID="P250_SP00092" HPOS="426" VPOS="706" WIDTH="14"/>
						<String ID="P250_ST00117" HPOS="440" VPOS="670" WIDTH="26" HEIGHT="26" CONTENT="in" WC="0.94" CC="01"/>
						<SP ID="P250_SP00093" HPOS="466" VPOS="706" WIDTH="12"/>
						<String ID="P250_ST00118" HPOS="478" VPOS="669" WIDTH="140" HEIGHT="35" CONTENT="inquiring" WC="0.81" CC="402003050"/>
						<SP ID="P250_SP00094" HPOS="618" VPOS="706" WIDTH="13"/>
						<String ID="P250_ST00119" HPOS="631" VPOS="668" WIDTH="86" HEIGHT="26" CONTENT="about" WC="0.89" CC="00005"/>
						<SP ID="P250_SP00095" HPOS="717" VPOS="706" WIDTH="14"/>
						<String ID="P250_ST00120" HPOS="731" VPOS="668" WIDTH="45" HEIGHT="26" CONTENT="the" WC="0.53" CC="670"/>
						<SP ID="P250_SP00096" HPOS="776" VPOS="706" WIDTH="14"/>
						<String ID="P250_ST00121" HPOS="790" VPOS="672" WIDTH="93" HEIGHT="22" CONTENT="nature" WC="0.79" CC="150040"/>
						<SP ID="P250_SP00097" HPOS="883" VPOS="706" WIDTH="18"/>
						<String ID="P250_ST00122" HPOS="901" VPOS="669" WIDTH="27" HEIGHT="25" CONTENT="of" WC="0.72" CC="05"/>
					</TextLine>
					<TextLine ID="P250_TL00016" HPOS="121" VPOS="715" WIDTH="805" HEIGHT="38">
						<String ID="P250_ST00123" HPOS="121" VPOS="719" WIDTH="49" HEIGHT="30" CONTENT="sin," WC="0.77" CC="4012"/>
						<SP ID="P250_SP00098" HPOS="170" VPOS="749" WIDTH="19"/>
						<String ID="P250_ST00124" HPOS="189" VPOS="718" WIDTH="47" HEIGHT="27" CONTENT="the" WC="0.77" CC="060"/>
						<SP ID="P250_SP00099" HPOS="236" VPOS="749" WIDTH="15"/>
						<String ID="P250_ST00125" HPOS="251" VPOS="727" WIDTH="108" HEIGHT="26" CONTENT="process" WC="0.90" CC="0000043"/>
						<SP ID="P250_SP00100" HPOS="359" VPOS="753" WIDTH="14"/>
						<String ID="P250_ST00126" HPOS="373" VPOS="717" WIDTH="36" HEIGHT="36" CONTENT="by" WC="1.00" CC="00"/>
						<SP ID="P250_SP00101" HPOS="409" VPOS="753" WIDTH="14"/>
						<String ID="P250_ST00127" HPOS="423" VPOS="716" WIDTH="88" HEIGHT="26" CONTENT="which" WC="0.79" CC="06004"/>
						<SP ID="P250_SP00102" HPOS="511" VPOS="753" WIDTH="24"/>
						<String ID="P250_ST00128" HPOS="535" VPOS="715" WIDTH="46" HEIGHT="27" CONTENT="the" WC="0.79" CC="060"/>
						<SP ID="P250_SP00103" HPOS="581" VPOS="753" WIDTH="22"/>
						<String ID="P250_ST00129" HPOS="603" VPOS="715" WIDTH="76" HEIGHT="26" CONTENT="heart" WC="0.78" CC="30321"/>
						<SP ID="P250_SP00104" HPOS="679" VPOS="753" WIDTH="18"/>
						<String ID="P250_ST00130" HPOS="697" VPOS="715" WIDTH="80" HEIGHT="27" CONTENT="could" WC="0.92" CC="00030"/>
						<SP ID="P250_SP00105" HPOS="777" VPOS="753" WIDTH="25"/>
						<String ID="P250_ST00131" HPOS="802" VPOS="716" WIDTH="33" HEIGHT="26" CONTENT="be" WC="1.00" CC="00"/>
						<SP ID="P250_SP00106" HPOS="835" VPOS="753" WIDTH="16"/>
						<String ID="P250_ST00132" HPOS="851" VPOS="725" WIDTH="75" HEIGHT="17" CONTENT="sanc" SUBS_TYPE="HypPart1" SUBS_CONTENT="sanctified," WC="0.78" CC="10502"/>
						<HYP CONTENT="-"/>
					</TextLine>
					<TextLine ID="P250_TL00017" HPOS="120" VPOS="762" WIDTH="806" HEIGHT="36">
						<String ID="P250_ST00133" HPOS="120" VPOS="765" WIDTH="85" HEIGHT="32" CONTENT="tified," SUBS_TYPE="HypPart2" SUBS_CONTENT="sanctified," WC="0.95" CC="0300000"/>
						<SP ID="P250_SP00107" HPOS="205" VPOS="797" WIDTH="23"/>
						<String ID="P250_ST00134" HPOS="228" VPOS="765" WIDTH="54" HEIGHT="27" CONTENT="and" WC="0.91" CC="020"/>
						<SP ID="P250_SP00108" HPOS="282" VPOS="797" WIDTH="19"/>
						<String ID="P250_ST00135" HPOS="301" VPOS="764" WIDTH="47" HEIGHT="27" CONTENT="the" WC="0.79" CC="060"/>
						<SP ID="P250_SP00109" HPOS="348" VPOS="797" WIDTH="26"/>
						<String ID="P250_ST00136" HPOS="374" VPOS="773" WIDTH="111" HEIGHT="17" CONTENT="manner" WC="0.69" CC="216700"/>
						<SP ID="P250_SP00110" HPOS="485" VPOS="797" WIDTH="24"/>
						<String ID="P250_ST00137" HPOS="509" VPOS="763" WIDTH="31" HEIGHT="27" CONTENT="of" WC="0.54" CC="44"/>
						<SP ID="P250_SP00111" HPOS="540" VPOS="797" WIDTH="22"/>
						<String ID="P250_ST00138" HPOS="562" VPOS="763" WIDTH="100" HEIGHT="26" CONTENT="Divine" WC="0.92" CC="030000"/>
						<SP ID="P250_SP00112" HPOS="662" VPOS="797" WIDTH="14"/>
						<String ID="P250_ST00139" HPOS="676" VPOS="762" WIDTH="125" HEIGHT="36" CONTENT="worship." WC="0.73" CC="00366400"/>
						<SP ID="P250_SP00113" HPOS="801" VPOS="798" WIDTH="41"/>
						<String ID="P250_ST00140" HPOS="842" VPOS="763" WIDTH="84" HEIGHT="35" CONTENT="Many" WC="1.00" CC="0000"/>
					</TextLine>
					<TextLine ID="P250_TL00018" HPOS="122" VPOS="810" WIDTH="804" HEIGHT="37">
						<String ID="P250_ST00141" HPOS="122" VPOS="812" WIDTH="94" HEIGHT="35" CONTENT="points" WC="0.87" CC="002400"/>
						<SP ID="P250_SP00114" HPOS="216" VPOS="847" WIDTH="25"/>
						<String ID="P250_ST00142" HPOS="241" VPOS="812" WIDTH="31" HEIGHT="26" CONTENT="of" WC="0.78" CC="40"/>
						<SP ID="P250_SP00115" HPOS="272" VPOS="847" WIDTH="17"/>
						<String ID="P250_ST00143" HPOS="289" VPOS="811" WIDTH="87" HEIGHT="26" CONTENT="minor" WC="0.74" CC="10560"/>
						<SP ID="P250_SP00116" HPOS="376" VPOS="847" WIDTH="20"/>
						<String ID="P250_ST00144" HPOS="396" VPOS="810" WIDTH="167" HEIGHT="36" CONTENT="importance" WC="0.78" CC="1385000200"/>
						<SP ID="P250_SP00117" HPOS="563" VPOS="847" WIDTH="23"/>
						<String ID="P250_ST00145" HPOS="586" VPOS="819" WIDTH="68" HEIGHT="17" CONTENT="were" WC="0.93" CC="0020"/>
						<SP ID="P250_SP00118" HPOS="654" VPOS="847" WIDTH="22"/>
						<String ID="P250_ST00146" HPOS="676" VPOS="810" WIDTH="143" HEIGHT="36" CONTENT="proposed," WC="0.83" CC="000007080"/>
						<SP ID="P250_SP00119" HPOS="819" VPOS="847" WIDTH="19"/>
						<String ID="P250_ST00147" HPOS="838" VPOS="810" WIDTH="51" HEIGHT="26" CONTENT="and" WC="1.00" CC="000"/>
						<SP ID="P250_SP00120" HPOS="889" VPOS="847" WIDTH="23"/>
						<String ID="P250_ST00148" HPOS="912" VPOS="819" WIDTH="14" HEIGHT="17" CONTENT="a" WC="0.20" CC="7"/>
					</TextLine>
					<TextLine ID="P250_TL00019" HPOS="123" VPOS="858" WIDTH="805" HEIGHT="35">
						<String ID="P250_ST00149" HPOS="123" VPOS="859" WIDTH="115" HEIGHT="27" CONTENT="number" WC="0.66" CC="344600"/>
						<SP ID="P250_SP00121" HPOS="238" VPOS="886" WIDTH="13"/>
						<String ID="P250_ST00150" HPOS="251" VPOS="858" WIDTH="31" HEIGHT="27" CONTENT="of" WC="1.00" CC="00"/>
						<SP ID="P250_SP00122" HPOS="282" VPOS="886" WIDTH="16"/>
						<String ID="P250_ST00151" HPOS="298" VPOS="858" WIDTH="42" HEIGHT="27" CONTENT="his" WC="0.75" CC="402"/>
						<SP ID="P250_SP00123" HPOS="340" VPOS="886" WIDTH="20"/>
						<String ID="P250_ST00152" HPOS="360" VPOS="867" WIDTH="61" HEIGHT="18" CONTENT="own" WC="0.94" CC="001"/>
						<SP ID="P250_SP00124" HPOS="421" VPOS="886" WIDTH="20"/>
						<String ID="P250_ST00153" HPOS="441" VPOS="858" WIDTH="126" HEIGHT="35" CONTENT="opinions" WC="0.82" CC="00261030"/>
						<SP ID="P250_SP00125" HPOS="567" VPOS="893" WIDTH="15"/>
						<String ID="P250_ST00154" HPOS="582" VPOS="858" WIDTH="149" HEIGHT="26" CONTENT="submitted" WC="0.79" CC="204006500"/>
						<SP ID="P250_SP00126" HPOS="731" VPOS="893" WIDTH="26"/>
						<String ID="P250_ST00155" HPOS="757" VPOS="863" WIDTH="27" HEIGHT="21" CONTENT="to" WC="0.71" CC="23"/>
						<SP ID="P250_SP00127" HPOS="784" VPOS="893" WIDTH="23"/>
						<String ID="P250_ST00156" HPOS="807" VPOS="858" WIDTH="46" HEIGHT="26" CONTENT="the" WC="0.97" CC="000"/>
						<SP ID="P250_SP00128" HPOS="853" VPOS="893" WIDTH="23"/>
						<String ID="P250_ST00157" HPOS="876" VPOS="862" WIDTH="52" HEIGHT="22" CONTENT="test" WC="0.64" CC="6034"/>
					</TextLine>
					<TextLine ID="P250_TL00020" HPOS="120" VPOS="904" WIDTH="807" HEIGHT="32">
						<String ID="P250_ST00158" HPOS="120" VPOS="906" WIDTH="30" HEIGHT="26" CONTENT="of" WC="1.00" CC="00"/>
						<SP ID="P250_SP00129" HPOS="150" VPOS="932" WIDTH="15"/>
						<String ID="P250_ST00159" HPOS="165" VPOS="914" WIDTH="48" HEIGHT="18" CONTENT="our" WC="0.88" CC="003"/>
						<SP ID="P250_SP00130" HPOS="213" VPOS="932" WIDTH="13"/>
						<String ID="P250_ST00160" HPOS="226" VPOS="906" WIDTH="77" HEIGHT="25" CONTENT="faith." WC="0.69" CC="090700"/>
						<SP ID="P250_SP00131" HPOS="303" VPOS="932" WIDTH="41"/>
						<String ID="P250_ST00161" HPOS="344" VPOS="904" WIDTH="76" HEIGHT="27" CONTENT="Such" WC="0.77" CC="3005"/>
						<SP ID="P250_SP00132" HPOS="420" VPOS="932" WIDTH="17"/>
						<String ID="P250_ST00162" HPOS="437" VPOS="914" WIDTH="53" HEIGHT="17" CONTENT="was" WC="0.78" CC="032"/>
						<SP ID="P250_SP00133" HPOS="490" VPOS="932" WIDTH="13"/>
						<String ID="P250_ST00163" HPOS="503" VPOS="904" WIDTH="46" HEIGHT="27" CONTENT="the" WC="0.62" CC="550"/>
						<SP ID="P250_SP00134" HPOS="549" VPOS="932" WIDTH="15"/>
						<String ID="P250_ST00164" HPOS="564" VPOS="909" WIDTH="170" HEIGHT="22" CONTENT="earnestness" WC="0.74" CC="07110405024"/>
						<SP ID="P250_SP00135" HPOS="734" VPOS="932" WIDTH="18"/>
						<String ID="P250_ST00165" HPOS="752" VPOS="905" WIDTH="31" HEIGHT="25" CONTENT="of" WC="0.71" CC="50"/>
						<SP ID="P250_SP00136" HPOS="783" VPOS="932" WIDTH="14"/>
						<String ID="P250_ST00166" HPOS="797" VPOS="904" WIDTH="46" HEIGHT="27" CONTENT="the" WC="0.81" CC="050"/>
						<SP ID="P250_SP00137" HPOS="843" VPOS="932" WIDTH="14"/>
						<String ID="P250_ST00167" HPOS="857" VPOS="913" WIDTH="70" HEIGHT="23" CONTENT="man," WC="0.71" CC="5032"/>
					</TextLine>
					<TextLine ID="P250_TL00021" HPOS="121" VPOS="952" WIDTH="806" HEIGHT="36">
						<String ID="P250_ST00168" HPOS="121" VPOS="952" WIDTH="61" HEIGHT="28" CONTENT="that" WC="0.78" CC="3500"/>
						<SP ID="P250_SP00138" HPOS="182" VPOS="980" WIDTH="14"/>
						<String ID="P250_ST00169" HPOS="196" VPOS="953" WIDTH="78" HEIGHT="27" CONTENT="when" WC="0.42" CC="9606"/>
						<SP ID="P250_SP00139" HPOS="274" VPOS="980" WIDTH="24"/>
						<String ID="P250_ST00170" HPOS="298" VPOS="952" WIDTH="34" HEIGHT="27" CONTENT="he" WC="0.71" CC="50"/>
						<SP ID="P250_SP00140" HPOS="332" VPOS="980" WIDTH="20"/>
						<String ID="P250_ST00171" HPOS="352" VPOS="952" WIDTH="121" HEIGHT="36" CONTENT="thought" WC="0.78" CC="0602070"/>
						<SP ID="P250_SP00141" HPOS="473" VPOS="988" WIDTH="22"/>
						<String ID="P250_ST00172" HPOS="495" VPOS="952" WIDTH="42" HEIGHT="26" CONTENT="his" WC="0.71" CC="503"/>
						<SP ID="P250_SP00142" HPOS="537" VPOS="988" WIDTH="26"/>
						<String ID="P250_ST00173" HPOS="563" VPOS="952" WIDTH="142" HEIGHT="36" CONTENT="questions" WC="0.85" CC="000300072"/>
						<SP ID="P250_SP00143" HPOS="705" VPOS="988" WIDTH="25"/>
						<String ID="P250_ST00174" HPOS="730" VPOS="957" WIDTH="49" HEIGHT="21" CONTENT="not" WC="0.74" CC="204"/>
						<SP ID="P250_SP00144" HPOS="779" VPOS="988" WIDTH="22"/>
						<String ID="P250_ST00175" HPOS="801" VPOS="952" WIDTH="126" HEIGHT="36" CONTENT="perfectly" WC="0.92" CC="000000060"/>
					</TextLine>
					<TextLine ID="P250_TL00022" HPOS="120" VPOS="999" WIDTH="808" HEIGHT="36">
						<String ID="P250_ST00176" HPOS="120" VPOS="1000" WIDTH="176" HEIGHT="29" CONTENT="understood," WC="0.86" CC="05000044000"/>
						<SP ID="P250_SP00145" HPOS="296" VPOS="1029" WIDTH="14"/>
						<String ID="P250_ST00177" HPOS="310" VPOS="1001" WIDTH="33" HEIGHT="25" CONTENT="he" WC="0.75" CC="40"/>
						<SP ID="P250_SP00146" HPOS="343" VPOS="1029" WIDTH="15"/>
						<String ID="P250_ST00178" HPOS="358" VPOS="1000" WIDTH="89" HEIGHT="26" CONTENT="would" WC="0.78" CC="04240"/>
						<SP ID="P250_SP00147" HPOS="447" VPOS="1029" WIDTH="15"/>
						<String ID="P250_ST00179" HPOS="462" VPOS="1003" WIDTH="62" HEIGHT="22" CONTENT="turn" WC="1.00" CC="0000"/>
						<SP ID="P250_SP00148" HPOS="524" VPOS="1029" WIDTH="14"/>
						<String ID="P250_ST00180" HPOS="538" VPOS="1003" WIDTH="28" HEIGHT="22" CONTENT="to" WC="0.88" CC="02"/>
						<SP ID="P250_SP00149" HPOS="566" VPOS="1029" WIDTH="15"/>
						<String ID="P250_ST00181" HPOS="581" VPOS="1008" WIDTH="15" HEIGHT="17" CONTENT="a" WC="1.00" CC="0"/>
						<SP ID="P250_SP00150" HPOS="596" VPOS="1029" WIDTH="14"/>
						<String ID="P250_ST00182" HPOS="610" VPOS="999" WIDTH="119" HEIGHT="27" CONTENT="Chinese" WC="0.75" CC="1650040"/>
						<SP ID="P250_SP00151" HPOS="729" VPOS="1029" WIDTH="13"/>
						<String ID="P250_ST00183" HPOS="742" VPOS="999" WIDTH="87" HEIGHT="36" CONTENT="youth" WC="0.37" CC="54766"/>
						<SP ID="P250_SP00152" HPOS="829" VPOS="1035" WIDTH="13"/>
						<String ID="P250_ST00184" HPOS="842" VPOS="1000" WIDTH="27" HEIGHT="25" CONTENT="in" WC="0.56" CC="34"/>
						<SP ID="P250_SP00153" HPOS="869" VPOS="1035" WIDTH="21"/>
						<String ID="P250_ST00185" HPOS="890" VPOS="1000" WIDTH="38" HEIGHT="25" CONTENT="his" WC="0.68" CC="027"/>
					</TextLine>
					<TextLine ID="P250_TL00023" HPOS="119" VPOS="1046" WIDTH="809" HEIGHT="37">
						<String ID="P250_ST00186" HPOS="119" VPOS="1047" WIDTH="79" HEIGHT="32" CONTENT="train," WC="0.80" CC="101053"/>
						<SP ID="P250_SP00154" HPOS="198" VPOS="1079" WIDTH="13"/>
						<String ID="P250_ST00187" HPOS="211" VPOS="1048" WIDTH="51" HEIGHT="25" CONTENT="and" WC="0.83" CC="050"/>
						<SP ID="P250_SP00155" HPOS="262" VPOS="1079" WIDTH="15"/>
						<String ID="P250_ST00188" HPOS="277" VPOS="1048" WIDTH="51" HEIGHT="35" CONTENT="beg" WC="1.00" CC="000"/>
						<SP ID="P250_SP00156" HPOS="328" VPOS="1083" WIDTH="15"/>
						<String ID="P250_ST00189" HPOS="343" VPOS="1047" WIDTH="55" HEIGHT="26" CONTENT="him" WC="0.60" CC="560"/>
						<SP ID="P250_SP00157" HPOS="398" VPOS="1083" WIDTH="17"/>
						<String ID="P250_ST00190" HPOS="415" VPOS="1052" WIDTH="27" HEIGHT="21" CONTENT="to" WC="0.81" CC="30"/>
						<SP ID="P250_SP00158" HPOS="442" VPOS="1083" WIDTH="14"/>
						<String ID="P250_ST00191" HPOS="456" VPOS="1052" WIDTH="50" HEIGHT="30" CONTENT="put" WC="0.90" CC="030"/>
						<SP ID="P250_SP00159" HPOS="506" VPOS="1083" WIDTH="14"/>
						<String ID="P250_ST00192" HPOS="520" VPOS="1046" WIDTH="45" HEIGHT="27" CONTENT="the" WC="0.64" CC="640"/>
						<SP ID="P250_SP00160" HPOS="565" VPOS="1083" WIDTH="14"/>
						<String ID="P250_ST00193" HPOS="579" VPOS="1046" WIDTH="107" HEIGHT="36" CONTENT="inquiry" WC="0.79" CC="4400600"/>
						<SP ID="P250_SP00161" HPOS="686" VPOS="1083" WIDTH="18"/>
						<String ID="P250_ST00194" HPOS="704" VPOS="1046" WIDTH="28" HEIGHT="26" CONTENT="in" WC="0.67" CC="14"/>
						<SP ID="P250_SP00162" HPOS="732" VPOS="1083" WIDTH="14"/>
						<String ID="P250_ST00195" HPOS="746" VPOS="1046" WIDTH="127" HEIGHT="27" CONTENT="Chinese." WC="0.77" CC="47140000"/>
						<SP ID="P250_SP00163" HPOS="873" VPOS="1083" WIDTH="30"/>
						<String ID="P250_ST00196" HPOS="903" VPOS="1046" WIDTH="25" HEIGHT="27" CONTENT="It" WC="0.75" CC="40"/>
					</TextLine>
					<TextLine ID="P250_TL00024" HPOS="119" VPOS="1094" WIDTH="807" HEIGHT="36">
						<String ID="P250_ST00197" HPOS="119" VPOS="1094" WIDTH="120" HEIGHT="27" CONTENT="afforded" WC="0.94" CC="00000400"/>
						<SP ID="P250_SP00164" HPOS="239" VPOS="1121" WIDTH="16"/>
						<String ID="P250_ST00198" HPOS="255" VPOS="1104" WIDTH="33" HEIGHT="17" CONTENT="an" WC="0.83" CC="03"/>
						<SP ID="P250_SP00165" HPOS="288" VPOS="1121" WIDTH="10"/>
						<String ID="P250_ST00199" HPOS="298" VPOS="1095" WIDTH="176" HEIGHT="35" CONTENT="opportunity" WC="0.86" CC="00010440300"/>
						<SP ID="P250_SP00166" HPOS="474" VPOS="1130" WIDTH="18"/>
						<String ID="P250_ST00200" HPOS="492" VPOS="1095" WIDTH="40" HEIGHT="25" CONTENT="for" WC="1.00" CC="000"/>
						<SP ID="P250_SP00167" HPOS="532" VPOS="1130" WIDTH="9"/>
						<String ID="P250_ST00201" HPOS="541" VPOS="1094" WIDTH="147" HEIGHT="35" CONTENT="preaching" WC="0.82" CC="000005009"/>
						<SP ID="P250_SP00168" HPOS="688" VPOS="1130" WIDTH="9"/>
						<String ID="P250_ST00202" HPOS="697" VPOS="1094" WIDTH="46" HEIGHT="26" CONTENT="the" WC="0.76" CC="070"/>
						<SP ID="P250_SP00169" HPOS="743" VPOS="1130" WIDTH="11"/>
						<String ID="P250_ST00203" HPOS="754" VPOS="1095" WIDTH="101" HEIGHT="35" CONTENT="Gospel" WC="0.87" CC="100005"/>
						<SP ID="P250_SP00170" HPOS="855" VPOS="1130" WIDTH="10"/>
						<String ID="P250_ST00204" HPOS="865" VPOS="1094" WIDTH="61" HEIGHT="26" CONTENT="with" WC="0.83" CC="0060"/>
					</TextLine>
					<TextLine ID="P250_TL00025" HPOS="119" VPOS="1141" WIDTH="809" HEIGHT="37">
						<String ID="P250_ST00205" HPOS="119" VPOS="1145" WIDTH="132" HEIGHT="32" CONTENT="apparent" WC="0.86" CC="00004060"/>
						<SP ID="P250_SP00171" HPOS="251" VPOS="1177" WIDTH="15"/>
						<String ID="P250_ST00206" HPOS="266" VPOS="1141" WIDTH="162" HEIGHT="36" CONTENT="advantage," WC="0.85" CC="0000670001"/>
						<String ID="P250_ST00207" HPOS="437" VPOS="1141" WIDTH="55" HEIGHT="26" CONTENT="and" WC="0.64" CC="540"/>
						<SP ID="P250_SP00172" HPOS="492" VPOS="1177" WIDTH="14"/>
						<String ID="P250_ST00208" HPOS="506" VPOS="1151" WIDTH="81" HEIGHT="27" CONTENT="many" WC="0.64" CC="9040"/>
						<SP ID="P250_SP00173" HPOS="587" VPOS="1178" WIDTH="16"/>
						<String ID="P250_ST00209" HPOS="603" VPOS="1145" WIDTH="71" HEIGHT="22" CONTENT="most" WC="0.77" CC="4040"/>
						<SP ID="P250_SP00174" HPOS="674" VPOS="1178" WIDTH="22"/>
						<String ID="P250_ST00210" HPOS="696" VPOS="1141" WIDTH="147" HEIGHT="37" CONTENT="important" WC="0.74" CC="029005040"/>
						<SP ID="P250_SP00175" HPOS="843" VPOS="1178" WIDTH="14"/>
						<String ID="P250_ST00211" HPOS="857" VPOS="1141" WIDTH="71" HEIGHT="26" CONTENT="ideas" WC="0.86" CC="00006"/>
					</TextLine>
					<TextLine ID="P250_TL00026" HPOS="118" VPOS="1188" WIDTH="580" HEIGHT="35">
						<String ID="P250_ST00212" HPOS="118" VPOS="1198" WIDTH="68" HEIGHT="17" CONTENT="were" WC="1.00" CC="0000"/>
						<SP ID="P250_SP00176" HPOS="186" VPOS="1215" WIDTH="14"/>
						<String ID="P250_ST00213" HPOS="200" VPOS="1189" WIDTH="149" HEIGHT="34" CONTENT="suggested" WC="0.85" CC="009000200"/>
						<SP ID="P250_SP00177" HPOS="349" VPOS="1223" WIDTH="11"/>
						<String ID="P250_ST00214" HPOS="360" VPOS="1193" WIDTH="28" HEIGHT="22" CONTENT="to" WC="0.68" CC="42"/>
						<SP ID="P250_SP00178" HPOS="388" VPOS="1223" WIDTH="14"/>
						<String ID="P250_ST00215" HPOS="402" VPOS="1189" WIDTH="42" HEIGHT="25" CONTENT="his" WC="0.85" CC="400"/>
						<SP ID="P250_SP00179" HPOS="444" VPOS="1223" WIDTH="15"/>
						<String ID="P250_ST00216" HPOS="459" VPOS="1188" WIDTH="139" HEIGHT="35" CONTENT="inquiring" WC="0.88" CC="460000000"/>
						<SP ID="P250_SP00180" HPOS="598" VPOS="1223" WIDTH="13"/>
						<String ID="P250_ST00217" HPOS="611" VPOS="1188" WIDTH="87" HEIGHT="27" CONTENT="mind." WC="0.62" CC="00494"/>
					</TextLine>
				</TextBlock>
				<TextBlock ID="P250_TB00005" HPOS="117" VPOS="1233" WIDTH="811" HEIGHT="228" STYLEREFS="TXT_1 PAR_LEFT">
					<TextLine ID="P250_TL00027" HPOS="156" VPOS="1234" WIDTH="772" HEIGHT="38">
						<String ID="P250_ST00218" HPOS="156" VPOS="1234" WIDTH="160" HEIGHT="36" CONTENT="September" WC="0.97" CC="100000000"/>
						<SP ID="P250_SP00181" HPOS="316" VPOS="1270" WIDTH="11"/>
						<String ID="P250_ST00219" HPOS="327" VPOS="1234" WIDTH="73" HEIGHT="27" CONTENT="10th." WC="0.80" CC="11060"/>
						<String ID="P250_ST00220" HPOS="404" VPOS="1251" WIDTH="33" HEIGHT="4" CONTENT="—" WC="0.20" CC="8"/>
						<String ID="P250_ST00221" HPOS="439" VPOS="1235" WIDTH="86" HEIGHT="27" CONTENT="Three" WC="0.95" CC="00100"/>
						<SP ID="P250_SP00182" HPOS="525" VPOS="1270" WIDTH="11"/>
						<String ID="P250_ST00222" HPOS="536" VPOS="1236" WIDTH="94" HEIGHT="36" CONTENT="priests" WC="1.00" CC="0000000"/>
						<SP ID="P250_SP00183" HPOS="630" VPOS="1272" WIDTH="11"/>
						<String ID="P250_ST00223" HPOS="641" VPOS="1236" WIDTH="32" HEIGHT="26" CONTENT="of" WC="0.90" CC="02"/>
						<SP ID="P250_SP00184" HPOS="673" VPOS="1272" WIDTH="9"/>
						<String ID="P250_ST00224" HPOS="682" VPOS="1236" WIDTH="158" HEIGHT="27" CONTENT="distinction" WC="0.94" CC="00000000006"/>
						<SP ID="P250_SP00185" HPOS="840" VPOS="1272" WIDTH="12"/>
						<String ID="P250_ST00225" HPOS="852" VPOS="1241" WIDTH="76" HEIGHT="31" CONTENT="spent" WC="0.67" CC="07044"/>
					</TextLine>
					<TextLine ID="P250_TL00028" HPOS="118" VPOS="1283" WIDTH="810" HEIGHT="36">
						<String ID="P250_ST00226" HPOS="118" VPOS="1287" WIDTH="60" HEIGHT="30" CONTENT="part" WC="0.88" CC="0040"/>
						<SP ID="P250_SP00186" HPOS="178" VPOS="1317" WIDTH="11"/>
						<String ID="P250_ST00227" HPOS="189" VPOS="1283" WIDTH="82" HEIGHT="26" CONTENT="ofthe" WC="0.72" CC="10560"/>
						<SP ID="P250_SP00187" HPOS="271" VPOS="1317" WIDTH="11"/>
						<String ID="P250_ST00228" HPOS="282" VPOS="1283" WIDTH="116" HEIGHT="35" CONTENT="evening" WC="0.94" CC="0000040"/>
						<SP ID="P250_SP00188" HPOS="398" VPOS="1318" WIDTH="14"/>
						<String ID="P250_ST00229" HPOS="412" VPOS="1283" WIDTH="65" HEIGHT="27" CONTENT="with" WC="0.85" CC="0006"/>
						<SP ID="P250_SP00189" HPOS="477" VPOS="1318" WIDTH="13"/>
						<String ID="P250_ST00230" HPOS="490" VPOS="1293" WIDTH="40" HEIGHT="17" CONTENT="us." WC="0.70" CC="503"/>
						<SP ID="P250_SP00190" HPOS="530" VPOS="1318" WIDTH="21"/>
						<String ID="P250_ST00231" HPOS="551" VPOS="1283" WIDTH="78" HEIGHT="27" CONTENT="With" WC="0.97" CC="0000"/>
						<SP ID="P250_SP00191" HPOS="629" VPOS="1318" WIDTH="10"/>
						<String ID="P250_ST00232" HPOS="639" VPOS="1283" WIDTH="46" HEIGHT="27" CONTENT="the" WC="0.75" CC="070"/>
						<SP ID="P250_SP00192" HPOS="685" VPOS="1318" WIDTH="12"/>
						<String ID="P250_ST00233" HPOS="697" VPOS="1283" WIDTH="77" HEIGHT="30" CONTENT="fears," WC="0.88" CC="000421"/>
						<SP ID="P250_SP00193" HPOS="774" VPOS="1318" WIDTH="17"/>
						<String ID="P250_ST00234" HPOS="791" VPOS="1283" WIDTH="137" HEIGHT="36" CONTENT="probably," WC="0.82" CC="040035200"/>
					</TextLine>
					<TextLine ID="P250_TL00029" HPOS="118" VPOS="1328" WIDTH="810" HEIGHT="38">
						<String ID="P250_ST00235" HPOS="118" VPOS="1328" WIDTH="106" HEIGHT="36" CONTENT="though" WC="0.79" CC="060006"/>
						<SP ID="P250_SP00194" HPOS="224" VPOS="1364" WIDTH="14"/>
						<String ID="P250_ST00236" HPOS="238" VPOS="1329" WIDTH="137" HEIGHT="36" CONTENT="evidently" WC="0.87" CC="020006010"/>
						<SP ID="P250_SP00195" HPOS="375" VPOS="1365" WIDTH="12"/>
						<String ID="P250_ST00237" HPOS="387" VPOS="1335" WIDTH="48" HEIGHT="21" CONTENT="not" WC="0.96" CC="100"/>
						<SP ID="P250_SP00196" HPOS="435" VPOS="1365" WIDTH="11"/>
						<String ID="P250_ST00238" HPOS="446" VPOS="1330" WIDTH="65" HEIGHT="26" CONTENT="with" WC="0.97" CC="0001"/>
						<SP ID="P250_SP00197" HPOS="511" VPOS="1365" WIDTH="15"/>
						<String ID="P250_ST00239" HPOS="526" VPOS="1331" WIDTH="47" HEIGHT="25" CONTENT="the" WC="1.00" CC="000"/>
						<SP ID="P250_SP00198" HPOS="573" VPOS="1365" WIDTH="14"/>
						<String ID="P250_ST00240" HPOS="587" VPOS="1331" WIDTH="101" HEIGHT="35" CONTENT="object," WC="0.96" CC="0000002"/>
						<SP ID="P250_SP00199" HPOS="688" VPOS="1366" WIDTH="14"/>
						<String ID="P250_ST00241" HPOS="702" VPOS="1331" WIDTH="32" HEIGHT="26" CONTENT="of" WC="0.70" CC="41"/>
						<SP ID="P250_SP00200" HPOS="734" VPOS="1366" WIDTH="19"/>
						<String ID="P250_ST00242" HPOS="753" VPOS="1330" WIDTH="175" HEIGHT="33" CONTENT="Nicodemus," WC="0.80" CC="0504000234"/>
					</TextLine>
					<TextLine ID="P250_TL00030" HPOS="117" VPOS="1375" WIDTH="810" HEIGHT="38">
						<String ID="P250_ST00243" HPOS="117" VPOS="1375" WIDTH="66" HEIGHT="35" CONTENT="they" WC="0.83" CC="0600"/>
						<SP ID="P250_SP00201" HPOS="183" VPOS="1410" WIDTH="13"/>
						<String ID="P250_ST00244" HPOS="196" VPOS="1385" WIDTH="75" HEIGHT="17" CONTENT="came" WC="0.86" CC="0500"/>
						<SP ID="P250_SP00202" HPOS="271" VPOS="1410" WIDTH="16"/>
						<String ID="P250_ST00245" HPOS="287" VPOS="1378" WIDTH="18" HEIGHT="12" CONTENT='"' WC="0.67" CC="3"/>
						<SP ID="P250_SP00203" HPOS="305" VPOS="1410" WIDTH="11"/>
						<String ID="P250_ST00246" HPOS="316" VPOS="1377" WIDTH="36" HEIGHT="35" CONTENT="by" WC="1.00" CC="00"/>
						<SP ID="P250_SP00204" HPOS="352" VPOS="1412" WIDTH="19"/>
						<String ID="P250_ST00247" HPOS="371" VPOS="1377" WIDTH="109" HEIGHT="35" CONTENT='night."' WC="0.81" CC="4003500"/>
						<SP ID="P250_SP00205" HPOS="480" VPOS="1412" WIDTH="38"/>
						<String ID="P250_ST00248" HPOS="518" VPOS="1377" WIDTH="77" HEIGHT="36" CONTENT="They" WC="1.00" CC="0000"/>
						<SP ID="P250_SP00206" HPOS="595" VPOS="1413" WIDTH="14"/>
						<String ID="P250_ST00249" HPOS="609" VPOS="1377" WIDTH="52" HEIGHT="27" CONTENT="had" WC="0.92" CC="200"/>
						<SP ID="P250_SP00207" HPOS="661" VPOS="1413" WIDTH="17"/>
						<String ID="P250_ST00250" HPOS="678" VPOS="1378" WIDTH="68" HEIGHT="26" CONTENT="been" WC="0.85" CC="0005"/>
						<SP ID="P250_SP00208" HPOS="746" VPOS="1413" WIDTH="15"/>
						<String ID="P250_ST00251" HPOS="761" VPOS="1378" WIDTH="101" HEIGHT="32" CONTENT="before," WC="0.88" CC="0003004"/>
						<SP ID="P250_SP00209" HPOS="862" VPOS="1413" WIDTH="14"/>
						<String ID="P250_ST00252" HPOS="876" VPOS="1378" WIDTH="51" HEIGHT="26" CONTENT="and" WC="0.80" CC="050"/>
					</TextLine>
					<TextLine ID="P250_TL00031" HPOS="119" VPOS="1421" WIDTH="809" HEIGHT="40">
						<String ID="P250_ST00253" HPOS="119" VPOS="1421" WIDTH="53" HEIGHT="27" CONTENT="had" WC="0.82" CC="500"/>
						<SP ID="P250_SP00210" HPOS="172" VPOS="1448" WIDTH="13"/>
						<String ID="P250_ST00254" HPOS="185" VPOS="1423" WIDTH="103" HEIGHT="35" CONTENT="greatly" WC="0.74" CC="9600010"/>
						<SP ID="P250_SP00211" HPOS="288" VPOS="1458" WIDTH="13"/>
						<String ID="P250_ST00255" HPOS="301" VPOS="1423" WIDTH="146" HEIGHT="27" CONTENT="interested" WC="0.86" CC="2600200300"/>
						<SP ID="P250_SP00212" HPOS="447" VPOS="1458" WIDTH="22"/>
						<String ID="P250_ST00256" HPOS="469" VPOS="1434" WIDTH="32" HEIGHT="16" CONTENT="us" WC="0.45" CC="64"/>
						<SP ID="P250_SP00213" HPOS="501" VPOS="1458" WIDTH="20"/>
						<String ID="P250_ST00257" HPOS="521" VPOS="1425" WIDTH="36" HEIGHT="35" CONTENT="by" WC="0.54" CC="09"/>
						<SP ID="P250_SP00214" HPOS="557" VPOS="1460" WIDTH="15"/>
						<String ID="P250_ST00258" HPOS="572" VPOS="1424" WIDTH="70" HEIGHT="27" CONTENT="their" WC="0.66" CC="57003"/>
						<SP ID="P250_SP00215" HPOS="642" VPOS="1460" WIDTH="20"/>
						<String ID="P250_ST00259" HPOS="662" VPOS="1425" WIDTH="64" HEIGHT="26" CONTENT="mild" WC="0.53" CC="8207"/>
						<SP ID="P250_SP00216" HPOS="726" VPOS="1460" WIDTH="15"/>
						<String ID="P250_ST00260" HPOS="741" VPOS="1425" WIDTH="54" HEIGHT="27" CONTENT="and" WC="0.77" CC="060"/>
						<SP ID="P250_SP00217" HPOS="795" VPOS="1460" WIDTH="20"/>
						<String ID="P250_ST00261" HPOS="815" VPOS="1425" WIDTH="113" HEIGHT="36" CONTENT="friendly" WC="0.70" CC="75300007"/>
					</TextLine>
				</TextBlock>
			</PrintSpace>
		</Page>
	</Layout>
</alto>
