<?xml version="1.0" encoding="UTF-8"?>
<alto xmlns:xsi="http://www.w3.org/2001/XMLSchema-instance" xsi:noNamespaceSchemaLocation="http://www.bl.uk/schemas/alto/alto-1-4.xsd" xmlns:xlink="http://www.w3.org/1999/xlink">
	<Description>
		<MeasurementUnit>mm10</MeasurementUnit>
		<sourceImageInformation>
			<fileName>//head1/IN/2008-15/A0011390163/005000.jp2</fileName>
		</sourceImageInformation>
		<OCRProcessing ID="OCRPROCESSING_1">
			<preProcessingStep>
				<processingSoftware>
					<softwareCreator>CCS Content Conversion Specialists GmbH, Germany</softwareCreator>
					<softwareName>CCS docWORKS</softwareName>
					<softwareVersion>6.1-0.67</softwareVersion>
				</processingSoftware>
			</preProcessingStep>
			<ocrProcessingStep>
				<processingSoftware>
					<softwareCreator>ABBYY (BIT Software), Russia</softwareCreator>
					<softwareName>Finereader</softwareName>
				</processingSoftware>
			</ocrProcessingStep>
		</OCRProcessing>
	</Description>
	<Styles>
		<TextStyle ID="TXT_0" FONTSIZE="10" FONTFAMILY="Courier New"/>
		<TextStyle ID="TXT_1" FONTSIZE="9" FONTFAMILY="Courier New"/>
		<ParagraphStyle ID="PAR_LEFT" ALIGN="Left"/>
		<ParagraphStyle ID="PAR_RIGHT" ALIGN="Right"/>
	</Styles>
	<Layout>
		<Page ID="P226" PHYSICAL_IMG_NR="226" HEIGHT="1595" WIDTH="960" PRINTED_IMG_NR="188" POSITION="Left" ACCURACY="79.18">
			<TopMargin ID="P226_TM00001" HPOS="0" VPOS="0" WIDTH="960" HEIGHT="66">
				<TextBlock ID="P226_TB00001" HPOS="117" VPOS="34" WIDTH="48" HEIGHT="30" STYLEREFS="TXT_0 PAR_LEFT">
					<TextLine ID="P226_TL00001" HPOS="118" VPOS="36" WIDTH="47" HEIGHT="28">
						<String ID="P226_ST00001" HPOS="118" VPOS="36" WIDTH="47" HEIGHT="28" CONTENT="188" WC="0.58" CC="065"/>
					</TextLine>
				</TextBlock>
				<TextBlock ID="P226_TB00002" HPOS="480" VPOS="47" WIDTH="74" HEIGHT="17" STYLEREFS="TXT_1 PAR_RIGHT">
					<TextLine ID="P226_TL00002" HPOS="480" VPOS="47" WIDTH="74" HEIGHT="17">
						<String ID="P226_ST00002" HPOS="480" VPOS="47" WIDTH="74" HEIGHT="17" CONTENT="SIAM" WC="0.74" CC="0405"/>
					</TextLine>
				</TextBlock>
			</TopMargin>
			<LeftMargin ID="P226_LM00001" HPOS="0" VPOS="66" WIDTH="101" HEIGHT="1446"/>
			<RightMargin ID="P226_RM00001" HPOS="927" VPOS="66" WIDTH="33" HEIGHT="1446"/>
			<BottomMargin ID="P226_BM00001" HPOS="0" VPOS="1512" WIDTH="960" HEIGHT="83"/>
			<PrintSpace ID="P226_PS00001" HPOS="101" VPOS="66" WIDTH="826" HEIGHT="1446">
				<TextBlock ID="P226_TB00003" HPOS="112" VPOS="107" WIDTH="815" HEIGHT="641" STYLEREFS="TXT_1 PAR_LEFT">
					<TextLine ID="P226_TL00003" HPOS="115" VPOS="108" WIDTH="812" HEIGHT="37">
						<String ID="P226_ST00003" HPOS="115" VPOS="110" WIDTH="97" HEIGHT="25" CONTENT="slaves." WC="0.65" CC="7620080"/>
						<SP ID="P226_SP00001" HPOS="212" VPOS="135" WIDTH="42"/>
						<String ID="P226_ST00004" HPOS="254" VPOS="108" WIDTH="44" HEIGHT="26" CONTENT="On" WC="0.81" CC="30"/>
						<SP ID="P226_SP00002" HPOS="298" VPOS="135" WIDTH="16"/>
						<String ID="P226_ST00005" HPOS="314" VPOS="108" WIDTH="125" HEIGHT="36" CONTENT="entering" WC="0.66" CC="06709020"/>
						<SP ID="P226_SP00003" HPOS="439" VPOS="144" WIDTH="19"/>
						<String ID="P226_ST00006" HPOS="458" VPOS="109" WIDTH="47" HEIGHT="26" CONTENT="the" WC="0.93" CC="100"/>
						<SP ID="P226_SP00004" HPOS="505" VPOS="144" WIDTH="18"/>
						<String ID="P226_ST00007" HPOS="523" VPOS="110" WIDTH="108" HEIGHT="35" CONTENT="palaces" WC="0.92" CC="0000005"/>
						<SP ID="P226_SP00005" HPOS="631" VPOS="145" WIDTH="19"/>
						<String ID="P226_ST00008" HPOS="650" VPOS="110" WIDTH="31" HEIGHT="26" CONTENT="of" WC="1.00" CC="00"/>
						<SP ID="P226_SP00006" HPOS="681" VPOS="145" WIDTH="18"/>
						<String ID="P226_ST00009" HPOS="699" VPOS="109" WIDTH="45" HEIGHT="26" CONTENT="the" WC="0.68" CC="170"/>
						<SP ID="P226_SP00007" HPOS="744" VPOS="145" WIDTH="21"/>
						<String ID="P226_ST00010" HPOS="765" VPOS="108" WIDTH="91" HEIGHT="37" CONTENT="kings," WC="0.78" CC="600060"/>
						<SP ID="P226_SP00008" HPOS="856" VPOS="145" WIDTH="21"/>
						<String ID="P226_ST00011" HPOS="877" VPOS="110" WIDTH="50" HEIGHT="27" CONTENT="and" WC="0.64" CC="550"/>
					</TextLine>
					<TextLine ID="P226_TL00004" HPOS="115" VPOS="156" WIDTH="812" HEIGHT="34">
						<String ID="P226_ST00012" HPOS="115" VPOS="157" WIDTH="138" HEIGHT="25" CONTENT="mansions" WC="0.68" CC="90140072"/>
						<SP ID="P226_SP00009" HPOS="253" VPOS="182" WIDTH="20"/>
						<String ID="P226_ST00013" HPOS="273" VPOS="156" WIDTH="32" HEIGHT="25" CONTENT="of" WC="0.66" CC="42"/>
						<SP ID="P226_SP00010" HPOS="305" VPOS="182" WIDTH="19"/>
						<String ID="P226_ST00014" HPOS="324" VPOS="156" WIDTH="45" HEIGHT="25" CONTENT="the" WC="0.77" CC="600"/>
						<SP ID="P226_SP00011" HPOS="369" VPOS="182" WIDTH="25"/>
						<String ID="P226_ST00015" HPOS="394" VPOS="160" WIDTH="86" HEIGHT="30" CONTENT="great," WC="0.71" CC="090204"/>
						<SP ID="P226_SP00012" HPOS="480" VPOS="190" WIDTH="23"/>
						<String ID="P226_ST00016" HPOS="503" VPOS="156" WIDTH="22" HEIGHT="26" CONTENT="it" WC="0.70" CC="41"/>
						<SP ID="P226_SP00013" HPOS="525" VPOS="190" WIDTH="27"/>
						<String ID="P226_ST00017" HPOS="552" VPOS="156" WIDTH="22" HEIGHT="26" CONTENT="is" WC="0.84" CC="03"/>
						<SP ID="P226_SP00014" HPOS="574" VPOS="190" WIDTH="19"/>
						<String ID="P226_ST00018" HPOS="593" VPOS="156" WIDTH="161" HEIGHT="34" CONTENT="distressing" WC="0.74" CC="00050023079"/>
						<SP ID="P226_SP00015" HPOS="754" VPOS="190" WIDTH="21"/>
						<String ID="P226_ST00019" HPOS="775" VPOS="159" WIDTH="28" HEIGHT="22" CONTENT="to" WC="1.00" CC="00"/>
						<SP ID="P226_SP00016" HPOS="803" VPOS="190" WIDTH="19"/>
						<String ID="P226_ST00020" HPOS="822" VPOS="156" WIDTH="105" HEIGHT="28" CONTENT="witness" WC="0.88" CC="0000052"/>
					</TextLine>
					<TextLine ID="P226_TL00005" HPOS="114" VPOS="201" WIDTH="813" HEIGHT="37">
						<String ID="P226_ST00021" HPOS="114" VPOS="213" WIDTH="63" HEIGHT="16" CONTENT="men" WC="0.81" CC="500"/>
						<SP ID="P226_SP00017" HPOS="177" VPOS="229" WIDTH="14"/>
						<String ID="P226_ST00022" HPOS="191" VPOS="203" WIDTH="54" HEIGHT="26" CONTENT="and" WC="0.62" CC="370"/>
						<SP ID="P226_SP00018" HPOS="245" VPOS="229" WIDTH="16"/>
						<String ID="P226_ST00023" HPOS="261" VPOS="212" WIDTH="103" HEIGHT="17" CONTENT="women" WC="0.77" CC="00605"/>
						<SP ID="P226_SP00019" HPOS="364" VPOS="229" WIDTH="19"/>
						<String ID="P226_ST00024" HPOS="383" VPOS="201" WIDTH="30" HEIGHT="28" CONTENT="of" WC="1.00" CC="00"/>
						<SP ID="P226_SP00020" HPOS="413" VPOS="229" WIDTH="19"/>
						<String ID="P226_ST00025" HPOS="432" VPOS="211" WIDTH="80" HEIGHT="27" CONTENT="every" WC="1.00" CC="00000"/>
						<SP ID="P226_SP00021" HPOS="512" VPOS="238" WIDTH="22"/>
						<String ID="P226_ST00026" HPOS="534" VPOS="212" WIDTH="49" HEIGHT="26" CONTENT="age" WC="0.94" CC="100"/>
						<SP ID="P226_SP00022" HPOS="583" VPOS="238" WIDTH="24"/>
						<String ID="P226_ST00027" HPOS="607" VPOS="203" WIDTH="98" HEIGHT="35" CONTENT="toiling" WC="0.85" CC="4000420"/>
						<SP ID="P226_SP00023" HPOS="705" VPOS="238" WIDTH="22"/>
						<String ID="P226_ST00028" HPOS="727" VPOS="203" WIDTH="24" HEIGHT="26" CONTENT="in" WC="0.65" CC="06"/>
						<SP ID="P226_SP00024" HPOS="751" VPOS="238" WIDTH="24"/>
						<String ID="P226_ST00029" HPOS="775" VPOS="203" WIDTH="104" HEIGHT="32" CONTENT="fetters," WC="0.87" CC="00400014"/>
						<SP ID="P226_SP00025" HPOS="879" VPOS="238" WIDTH="20"/>
						<String ID="P226_ST00030" HPOS="899" VPOS="213" WIDTH="28" HEIGHT="17" CONTENT="as" WC="0.30" CC="66"/>
					</TextLine>
					<TextLine ID="P226_TL00006" HPOS="115" VPOS="249" WIDTH="810" HEIGHT="37">
						<String ID="P226_ST00031" HPOS="115" VPOS="251" WIDTH="106" HEIGHT="35" CONTENT="though" WC="0.60" CC="620490"/>
						<SP ID="P226_SP00026" HPOS="221" VPOS="286" WIDTH="22"/>
						<String ID="P226_ST00032" HPOS="243" VPOS="250" WIDTH="48" HEIGHT="26" CONTENT="the" WC="0.83" CC="050"/>
						<SP ID="P226_SP00027" HPOS="291" VPOS="286" WIDTH="13"/>
						<String ID="P226_ST00033" HPOS="304" VPOS="249" WIDTH="81" HEIGHT="27" CONTENT="clank" WC="0.80" CC="07020"/>
						<SP ID="P226_SP00028" HPOS="385" VPOS="286" WIDTH="23"/>
						<String ID="P226_ST00034" HPOS="408" VPOS="249" WIDTH="32" HEIGHT="26" CONTENT="of" WC="0.97" CC="00"/>
						<SP ID="P226_SP00029" HPOS="440" VPOS="286" WIDTH="19"/>
						<String ID="P226_ST00035" HPOS="459" VPOS="250" WIDTH="70" HEIGHT="25" CONTENT="their" WC="0.92" CC="04000"/>
						<SP ID="P226_SP00030" HPOS="529" VPOS="286" WIDTH="22"/>
						<String ID="P226_ST00036" HPOS="551" VPOS="250" WIDTH="98" HEIGHT="27" CONTENT="chains" WC="0.73" CC="075003"/>
						<SP ID="P226_SP00031" HPOS="649" VPOS="286" WIDTH="14"/>
						<String ID="P226_ST00037" HPOS="663" VPOS="259" WIDTH="55" HEIGHT="17" CONTENT="was" WC="0.60" CC="046"/>
						<SP ID="P226_SP00032" HPOS="718" VPOS="286" WIDTH="15"/>
						<String ID="P226_ST00038" HPOS="733" VPOS="250" WIDTH="86" HEIGHT="26" CONTENT="music" WC="0.99" CC="00000"/>
						<SP ID="P226_SP00033" HPOS="819" VPOS="286" WIDTH="14"/>
						<String ID="P226_ST00039" HPOS="833" VPOS="250" WIDTH="27" HEIGHT="26" CONTENT="in" WC="0.57" CC="34"/>
						<SP ID="P226_SP00034" HPOS="860" VPOS="286" WIDTH="21"/>
						<String ID="P226_ST00040" HPOS="881" VPOS="251" WIDTH="44" HEIGHT="27" CONTENT="the" WC="0.91" CC="020"/>
					</TextLine>
					<TextLine ID="P226_TL00007" HPOS="116" VPOS="296" WIDTH="811" HEIGHT="32">
						<String ID="P226_ST00041" HPOS="116" VPOS="306" WIDTH="58" HEIGHT="18" CONTENT="ears" WC="0.77" CC="2006"/>
						<SP ID="P226_SP00035" HPOS="174" VPOS="324" WIDTH="22"/>
						<String ID="P226_ST00042" HPOS="196" VPOS="298" WIDTH="31" HEIGHT="26" CONTENT="of" WC="0.50" CC="90"/>
						<SP ID="P226_SP00036" HPOS="227" VPOS="324" WIDTH="18"/>
						<String ID="P226_ST00043" HPOS="245" VPOS="297" WIDTH="68" HEIGHT="27" CONTENT="their" WC="0.83" CC="06001"/>
						<SP ID="P226_SP00037" HPOS="313" VPOS="324" WIDTH="22"/>
						<String ID="P226_ST00044" HPOS="335" VPOS="297" WIDTH="72" HEIGHT="26" CONTENT="cruel" WC="0.79" CC="02007"/>
						<SP ID="P226_SP00038" HPOS="407" VPOS="324" WIDTH="24"/>
						<String ID="P226_ST00045" HPOS="431" VPOS="297" WIDTH="82" HEIGHT="26" CONTENT="lords." WC="0.65" CC="400870"/>
						<SP ID="P226_SP00039" HPOS="513" VPOS="324" WIDTH="41"/>
						<String ID="P226_ST00046" HPOS="554" VPOS="296" WIDTH="57" HEIGHT="27" CONTENT="The" WC="0.80" CC="060"/>
						<SP ID="P226_SP00040" HPOS="611" VPOS="324" WIDTH="20"/>
						<String ID="P226_ST00047" HPOS="631" VPOS="306" WIDTH="94" HEIGHT="17" CONTENT="reason" WC="0.71" CC="306501"/>
						<SP ID="P226_SP00041" HPOS="725" VPOS="324" WIDTH="21"/>
						<String ID="P226_ST00048" HPOS="746" VPOS="297" WIDTH="126" HEIGHT="31" CONTENT="assigned" WC="0.55" CC="63629600"/>
						<SP ID="P226_SP00042" HPOS="872" VPOS="328" WIDTH="18"/>
						<String ID="P226_ST00049" HPOS="890" VPOS="299" WIDTH="37" HEIGHT="25" CONTENT="for" WC="1.00" CC="000"/>
					</TextLine>
					<TextLine ID="P226_TL00008" HPOS="115" VPOS="344" WIDTH="811" HEIGHT="36">
						<String ID="P226_ST00050" HPOS="115" VPOS="345" WIDTH="68" HEIGHT="27" CONTENT="such" WC="0.53" CC="7506"/>
						<SP ID="P226_SP00043" HPOS="183" VPOS="372" WIDTH="15"/>
						<String ID="P226_ST00051" HPOS="198" VPOS="345" WIDTH="183" HEIGHT="35" CONTENT="inhumanity," WC="0.71" CC="02560023604"/>
						<SP ID="P226_SP00044" HPOS="381" VPOS="380" WIDTH="14"/>
						<String ID="P226_ST00052" HPOS="395" VPOS="345" WIDTH="23" HEIGHT="26" CONTENT="is" WC="0.61" CC="33"/>
						<SP ID="P226_SP00045" HPOS="418" VPOS="380" WIDTH="10"/>
						<String ID="P226_ST00053" HPOS="428" VPOS="345" WIDTH="45" HEIGHT="26" CONTENT="the" WC="0.95" CC="000"/>
						<SP ID="P226_SP00046" HPOS="473" VPOS="380" WIDTH="16"/>
						<String ID="P226_ST00054" HPOS="489" VPOS="344" WIDTH="56" HEIGHT="27" CONTENT="fear" WC="1.00" CC="0000"/>
						<SP ID="P226_SP00047" HPOS="545" VPOS="380" WIDTH="12"/>
						<String ID="P226_ST00055" HPOS="557" VPOS="345" WIDTH="32" HEIGHT="26" CONTENT="of" WC="1.00" CC="00"/>
						<SP ID="P226_SP00048" HPOS="589" VPOS="380" WIDTH="11"/>
						<String ID="P226_ST00056" HPOS="600" VPOS="345" WIDTH="68" HEIGHT="26" CONTENT="their" WC="0.58" CC="77032"/>
						<SP ID="P226_SP00049" HPOS="668" VPOS="380" WIDTH="11"/>
						<String ID="P226_ST00057" HPOS="679" VPOS="353" WIDTH="96" HEIGHT="26" CONTENT="escape" WC="0.82" CC="020080"/>
						<SP ID="P226_SP00050" HPOS="775" VPOS="380" WIDTH="13"/>
						<String ID="P226_ST00058" HPOS="788" VPOS="355" WIDTH="6" HEIGHT="23" CONTENT=";" WC="0.31" CC="6"/>
						<SP ID="P226_SP00051" HPOS="794" VPOS="380" WIDTH="21"/>
						<String ID="P226_ST00059" HPOS="815" VPOS="345" WIDTH="50" HEIGHT="26" CONTENT="but" WC="0.59" CC="164"/>
						<SP ID="P226_SP00052" HPOS="865" VPOS="380" WIDTH="13"/>
						<String ID="P226_ST00060" HPOS="878" VPOS="355" WIDTH="48" HEIGHT="18" CONTENT="one" WC="1.00" CC="000"/>
					</TextLine>
					<TextLine ID="P226_TL00009" HPOS="114" VPOS="391" WIDTH="812" HEIGHT="37">
						<String ID="P226_ST00061" HPOS="114" VPOS="392" WIDTH="22" HEIGHT="26" CONTENT="is" WC="0.46" CC="46"/>
						<SP ID="P226_SP00053" HPOS="136" VPOS="418" WIDTH="15"/>
						<String ID="P226_ST00062" HPOS="151" VPOS="393" WIDTH="123" HEIGHT="35" CONTENT="strongly" WC="0.87" CC="00055000"/>
						<SP ID="P226_SP00054" HPOS="274" VPOS="428" WIDTH="14"/>
						<String ID="P226_ST00063" HPOS="288" VPOS="392" WIDTH="120" HEIGHT="36" CONTENT="tempted" WC="0.85" CC="5040000"/>
						<SP ID="P226_SP00055" HPOS="408" VPOS="428" WIDTH="24"/>
						<String ID="P226_ST00064" HPOS="432" VPOS="397" WIDTH="29" HEIGHT="21" CONTENT="to" WC="1.00" CC="00"/>
						<SP ID="P226_SP00056" HPOS="461" VPOS="428" WIDTH="21"/>
						<String ID="P226_ST00065" HPOS="482" VPOS="392" WIDTH="111" HEIGHT="32" CONTENT="believe," WC="0.87" CC="00040004"/>
						<SP ID="P226_SP00057" HPOS="593" VPOS="428" WIDTH="22"/>
						<String ID="P226_ST00066" HPOS="615" VPOS="391" WIDTH="68" HEIGHT="27" CONTENT="from" WC="0.57" CC="2319"/>
						<SP ID="P226_SP00058" HPOS="683" VPOS="428" WIDTH="21"/>
						<String ID="P226_ST00067" HPOS="704" VPOS="391" WIDTH="55" HEIGHT="26" CONTENT="this" WC="0.91" CC="0101"/>
						<SP ID="P226_SP00059" HPOS="759" VPOS="428" WIDTH="20"/>
						<String ID="P226_ST00068" HPOS="779" VPOS="391" WIDTH="53" HEIGHT="26" CONTENT="and" WC="0.64" CC="460"/>
						<SP ID="P226_SP00060" HPOS="832" VPOS="428" WIDTH="22"/>
						<String ID="P226_ST00069" HPOS="854" VPOS="393" WIDTH="72" HEIGHT="26" CONTENT="other" WC="0.80" CC="35000"/>
					</TextLine>
					<TextLine ID="P226_TL00010" HPOS="114" VPOS="438" WIDTH="813" HEIGHT="37">
						<String ID="P226_ST00070" HPOS="114" VPOS="439" WIDTH="124" HEIGHT="28" CONTENT="cruelties" WC="0.90" CC="003050000"/>
						<SP ID="P226_SP00061" HPOS="238" VPOS="467" WIDTH="14"/>
						<String ID="P226_ST00071" HPOS="252" VPOS="439" WIDTH="110" HEIGHT="36" CONTENT="equally" WC="0.80" CC="0600050"/>
						<SP ID="P226_SP00062" HPOS="362" VPOS="475" WIDTH="22"/>
						<String ID="P226_ST00072" HPOS="384" VPOS="439" WIDTH="143" HEIGHT="35" CONTENT="revolting," WC="0.84" CC="0005020700"/>
						<SP ID="P226_SP00063" HPOS="527" VPOS="475" WIDTH="23"/>
						<String ID="P226_ST00073" HPOS="550" VPOS="439" WIDTH="61" HEIGHT="26" CONTENT="that" WC="0.82" CC="0700"/>
						<SP ID="P226_SP00064" HPOS="611" VPOS="475" WIDTH="20"/>
						<String ID="P226_ST00074" HPOS="631" VPOS="438" WIDTH="66" HEIGHT="35" CONTENT="they" WC="0.81" CC="0700"/>
						<SP ID="P226_SP00065" HPOS="697" VPOS="475" WIDTH="18"/>
						<String ID="P226_ST00075" HPOS="715" VPOS="439" WIDTH="124" HEIGHT="27" CONTENT="estimate" WC="0.71" CC="04424070"/>
						<SP ID="P226_SP00066" HPOS="839" VPOS="475" WIDTH="22"/>
						<String ID="P226_ST00076" HPOS="861" VPOS="439" WIDTH="66" HEIGHT="27" CONTENT="their" WC="0.88" CC="05000"/>
					</TextLine>
					<TextLine ID="P226_TL00011" HPOS="114" VPOS="485" WIDTH="810" HEIGHT="37">
						<String ID="P226_ST00077" HPOS="114" VPOS="496" WIDTH="61" HEIGHT="18" CONTENT="own" WC="0.72" CC="008"/>
						<SP ID="P226_SP00067" HPOS="175" VPOS="514" WIDTH="14"/>
						<String ID="P226_ST00078" HPOS="189" VPOS="487" WIDTH="168" HEIGHT="35" CONTENT="importance" WC="0.86" CC="3002000700"/>
						<SP ID="P226_SP00068" HPOS="357" VPOS="522" WIDTH="13"/>
						<String ID="P226_ST00079" HPOS="370" VPOS="495" WIDTH="29" HEIGHT="17" CONTENT="as" WC="0.66" CC="60"/>
						<SP ID="P226_SP00069" HPOS="399" VPOS="522" WIDTH="15"/>
						<String ID="P226_ST00080" HPOS="414" VPOS="486" WIDTH="81" HEIGHT="26" CONTENT="much" WC="0.63" CC="5206"/>
						<SP ID="P226_SP00070" HPOS="495" VPOS="522" WIDTH="19"/>
						<String ID="P226_ST00081" HPOS="514" VPOS="487" WIDTH="35" HEIGHT="35" CONTENT="by" WC="0.84" CC="30"/>
						<SP ID="P226_SP00071" HPOS="549" VPOS="522" WIDTH="18"/>
						<String ID="P226_ST00082" HPOS="567" VPOS="486" WIDTH="46" HEIGHT="26" CONTENT="the" WC="0.96" CC="100"/>
						<SP ID="P226_SP00072" HPOS="613" VPOS="522" WIDTH="14"/>
						<String ID="P226_ST00083" HPOS="627" VPOS="485" WIDTH="100" HEIGHT="37" CONTENT="misery" WC="0.80" CC="501040"/>
						<SP ID="P226_SP00073" HPOS="727" VPOS="522" WIDTH="14"/>
						<String ID="P226_ST00084" HPOS="741" VPOS="495" WIDTH="30" HEIGHT="16" CONTENT="as" WC="0.33" CC="67"/>
						<SP ID="P226_SP00074" HPOS="771" VPOS="522" WIDTH="18"/>
						<String ID="P226_ST00085" HPOS="789" VPOS="486" WIDTH="45" HEIGHT="26" CONTENT="the" WC="0.97" CC="000"/>
						<SP ID="P226_SP00075" HPOS="834" VPOS="522" WIDTH="24"/>
						<String ID="P226_ST00086" HPOS="858" VPOS="487" WIDTH="66" HEIGHT="25" CONTENT="mul" SUBS_TYPE="HypPart1" SUBS_CONTENT="multiplicity" WC="0.83" CC="6000"/>
						<HYP CONTENT="-"/>
					</TextLine>
					<TextLine ID="P226_TL00012" HPOS="116" VPOS="533" WIDTH="809" HEIGHT="38">
						<String ID="P226_ST00087" HPOS="116" VPOS="534" WIDTH="119" HEIGHT="37" CONTENT="tiplicity" SUBS_TYPE="HypPart2" SUBS_CONTENT="multiplicity" WC="0.85" CC="000404200"/>
						<SP ID="P226_SP00076" HPOS="235" VPOS="571" WIDTH="9"/>
						<String ID="P226_ST00088" HPOS="244" VPOS="535" WIDTH="30" HEIGHT="26" CONTENT="of" WC="1.00" CC="00"/>
						<SP ID="P226_SP00077" HPOS="274" VPOS="571" WIDTH="11"/>
						<String ID="P226_ST00089" HPOS="285" VPOS="534" WIDTH="67" HEIGHT="26" CONTENT="their" WC="0.82" CC="07010"/>
						<SP ID="P226_SP00078" HPOS="352" VPOS="571" WIDTH="16"/>
						<String ID="P226_ST00090" HPOS="368" VPOS="534" WIDTH="96" HEIGHT="26" CONTENT="slaves." WC="0.60" CC="4094062"/>
						<SP ID="P226_SP00079" HPOS="464" VPOS="571" WIDTH="42"/>
						<String ID="P226_ST00091" HPOS="506" VPOS="533" WIDTH="88" HEIGHT="36" CONTENT="Many" WC="0.83" CC="0060"/>
						<SP ID="P226_SP00080" HPOS="594" VPOS="571" WIDTH="17"/>
						<String ID="P226_ST00092" HPOS="611" VPOS="533" WIDTH="33" HEIGHT="27" CONTENT="of" WC="0.99" CC="00"/>
						<SP ID="P226_SP00081" HPOS="644" VPOS="571" WIDTH="18"/>
						<String ID="P226_ST00093" HPOS="662" VPOS="533" WIDTH="56" HEIGHT="27" CONTENT="this" WC="0.88" CC="0400"/>
						<SP ID="P226_SP00082" HPOS="718" VPOS="571" WIDTH="14"/>
						<String ID="P226_ST00094" HPOS="732" VPOS="533" WIDTH="81" HEIGHT="31" CONTENT="class," WC="0.80" CC="009001"/>
						<SP ID="P226_SP00083" HPOS="813" VPOS="571" WIDTH="15"/>
						<String ID="P226_ST00095" HPOS="828" VPOS="533" WIDTH="97" HEIGHT="37" CONTENT="having" WC="0.83" CC="500040"/>
					</TextLine>
					<TextLine ID="P226_TL00013" HPOS="114" VPOS="581" WIDTH="812" HEIGHT="36">
						<String ID="P226_ST00096" HPOS="114" VPOS="592" WIDTH="36" HEIGHT="17" CONTENT="no" WC="0.68" CC="60"/>
						<SP ID="P226_SP00084" HPOS="150" VPOS="609" WIDTH="27"/>
						<String ID="P226_ST00097" HPOS="177" VPOS="582" WIDTH="185" HEIGHT="35" CONTENT="employment" WC="0.88" CC="0400000060"/>
						<SP ID="P226_SP00085" HPOS="362" VPOS="617" WIDTH="25"/>
						<String ID="P226_ST00098" HPOS="387" VPOS="586" WIDTH="29" HEIGHT="22" CONTENT="at" WC="0.83" CC="30"/>
						<SP ID="P226_SP00086" HPOS="416" VPOS="617" WIDTH="25"/>
						<String ID="P226_ST00099" HPOS="441" VPOS="582" WIDTH="90" HEIGHT="32" CONTENT="home," WC="0.61" CC="40904"/>
						<SP ID="P226_SP00087" HPOS="531" VPOS="617" WIDTH="27"/>
						<String ID="P226_ST00100" HPOS="558" VPOS="590" WIDTH="44" HEIGHT="17" CONTENT="are" WC="0.88" CC="300"/>
						<SP ID="P226_SP00088" HPOS="602" VPOS="617" WIDTH="22"/>
						<String ID="P226_ST00101" HPOS="624" VPOS="584" WIDTH="61" HEIGHT="22" CONTENT="sent" WC="0.95" CC="0010"/>
						<SP ID="P226_SP00089" HPOS="685" VPOS="617" WIDTH="26"/>
						<String ID="P226_ST00102" HPOS="711" VPOS="584" WIDTH="49" HEIGHT="23" CONTENT="out" WC="1.00" CC="000"/>
						<SP ID="P226_SP00090" HPOS="760" VPOS="617" WIDTH="21"/>
						<String ID="P226_ST00103" HPOS="781" VPOS="585" WIDTH="29" HEIGHT="22" CONTENT="to" WC="0.97" CC="00"/>
						<SP ID="P226_SP00091" HPOS="810" VPOS="617" WIDTH="24"/>
						<String ID="P226_ST00104" HPOS="834" VPOS="581" WIDTH="92" HEIGHT="26" CONTENT="labour" WC="0.82" CC="310203"/>
					</TextLine>
					<TextLine ID="P226_TL00014" HPOS="114" VPOS="627" WIDTH="809" HEIGHT="33">
						<String ID="P226_ST00105" HPOS="114" VPOS="630" WIDTH="40" HEIGHT="26" CONTENT="for" WC="0.99" CC="000"/>
						<SP ID="P226_SP00092" HPOS="154" VPOS="656" WIDTH="14"/>
						<String ID="P226_ST00106" HPOS="168" VPOS="630" WIDTH="45" HEIGHT="26" CONTENT="the" WC="0.79" CC="060"/>
						<SP ID="P226_SP00093" HPOS="213" VPOS="656" WIDTH="15"/>
						<String ID="P226_ST00107" HPOS="228" VPOS="629" WIDTH="101" HEIGHT="26" CONTENT="benefit" WC="0.82" CC="7050000"/>
						<SP ID="P226_SP00094" HPOS="329" VPOS="656" WIDTH="13"/>
						<String ID="P226_ST00108" HPOS="342" VPOS="628" WIDTH="29" HEIGHT="27" CONTENT="of" WC="0.56" CC="08"/>
						<SP ID="P226_SP00095" HPOS="371" VPOS="656" WIDTH="18"/>
						<String ID="P226_ST00109" HPOS="389" VPOS="628" WIDTH="71" HEIGHT="27" CONTENT="their" WC="0.97" CC="00001"/>
						<SP ID="P226_SP00096" HPOS="460" VPOS="656" WIDTH="14"/>
						<String ID="P226_ST00110" HPOS="474" VPOS="632" WIDTH="117" HEIGHT="22" CONTENT="masters" WC="0.80" CC="2000046"/>
						<SP ID="P226_SP00097" HPOS="591" VPOS="656" WIDTH="12"/>
						<String ID="P226_ST00111" HPOS="603" VPOS="638" WIDTH="7" HEIGHT="22" CONTENT=";" WC="0.41" CC="5"/>
						<SP ID="P226_SP00098" HPOS="610" VPOS="660" WIDTH="25"/>
						<String ID="P226_ST00112" HPOS="635" VPOS="637" WIDTH="74" HEIGHT="17" CONTENT="some" WC="1.00" CC="0000"/>
						<SP ID="P226_SP00099" HPOS="709" VPOS="660" WIDTH="14"/>
						<String ID="P226_ST00113" HPOS="723" VPOS="627" WIDTH="31" HEIGHT="27" CONTENT="of" WC="0.61" CC="70"/>
						<SP ID="P226_SP00100" HPOS="754" VPOS="660" WIDTH="11"/>
						<String ID="P226_ST00114" HPOS="765" VPOS="627" WIDTH="88" HEIGHT="27" CONTENT="whom" WC="0.93" CC="0200"/>
						<SP ID="P226_SP00101" HPOS="853" VPOS="660" WIDTH="14"/>
						<String ID="P226_ST00115" HPOS="867" VPOS="638" WIDTH="56" HEIGHT="16" CONTENT="own" WC="1.00" CC="000"/>
					</TextLine>
					<TextLine ID="P226_TL00015" HPOS="113" VPOS="675" WIDTH="811" HEIGHT="31">
						<String ID="P226_ST00116" HPOS="113" VPOS="676" WIDTH="100" HEIGHT="27" CONTENT="several" WC="0.97" CC="1000001"/>
						<SP ID="P226_SP00102" HPOS="213" VPOS="703" WIDTH="11"/>
						<String ID="P226_ST00117" HPOS="224" VPOS="676" WIDTH="161" HEIGHT="30" CONTENT="thousands," WC="0.69" CC="7315002090"/>
						<SP ID="P226_SP00103" HPOS="385" VPOS="706" WIDTH="11"/>
						<String ID="P226_ST00118" HPOS="396" VPOS="676" WIDTH="54" HEIGHT="26" CONTENT="and" WC="0.84" CC="040"/>
						<SP ID="P226_SP00104" HPOS="450" VPOS="706" WIDTH="10"/>
						<String ID="P226_ST00119" HPOS="460" VPOS="675" WIDTH="90" HEIGHT="27" CONTENT="derive" WC="0.85" CC="003500"/>
						<SP ID="P226_SP00105" HPOS="550" VPOS="706" WIDTH="11"/>
						<String ID="P226_ST00120" HPOS="561" VPOS="675" WIDTH="188" HEIGHT="26" CONTENT="considerable" WC="0.86" CC="003330010400"/>
						<SP ID="P226_SP00106" HPOS="749" VPOS="706" WIDTH="12"/>
						<String ID="P226_ST00121" HPOS="761" VPOS="675" WIDTH="163" HEIGHT="27" CONTENT="emolument" WC="0.68" CC="091205052"/>
					</TextLine>
					<TextLine ID="P226_TL00016" HPOS="114" VPOS="723" WIDTH="291" HEIGHT="25">
						<String ID="P226_ST00122" HPOS="114" VPOS="723" WIDTH="67" HEIGHT="25" CONTENT="from" WC="0.84" CC="0006"/>
						<SP ID="P226_SP00107" HPOS="181" VPOS="748" WIDTH="16"/>
						<String ID="P226_ST00123" HPOS="197" VPOS="723" WIDTH="69" HEIGHT="25" CONTENT="their" WC="0.73" CC="07600"/>
						<SP ID="P226_SP00108" HPOS="266" VPOS="748" WIDTH="14"/>
						<String ID="P226_ST00124" HPOS="280" VPOS="723" WIDTH="125" HEIGHT="25" CONTENT="services." WC="0.98" CC="010000000"/>
					</TextLine>
				</TextBlock>
				<TextBlock ID="P226_TB00004" HPOS="101" VPOS="769" WIDTH="825" HEIGHT="743" STYLEREFS="TXT_1 PAR_LEFT">
					<TextLine ID="P226_TL00017" HPOS="152" VPOS="770" WIDTH="772" HEIGHT="36">
						<String ID="P226_ST00125" HPOS="152" VPOS="770" WIDTH="26" HEIGHT="26" CONTENT="It" WC="0.89" CC="20"/>
						<SP ID="P226_SP00109" HPOS="178" VPOS="796" WIDTH="20"/>
						<String ID="P226_ST00126" HPOS="198" VPOS="770" WIDTH="22" HEIGHT="26" CONTENT="is" WC="0.91" CC="01"/>
						<SP ID="P226_SP00110" HPOS="220" VPOS="796" WIDTH="23"/>
						<String ID="P226_ST00127" HPOS="243" VPOS="774" WIDTH="48" HEIGHT="22" CONTENT="not" WC="0.49" CC="761"/>
						<SP ID="P226_SP00111" HPOS="291" VPOS="796" WIDTH="21"/>
						<String ID="P226_ST00128" HPOS="312" VPOS="779" WIDTH="165" HEIGHT="18" CONTENT="uncommon" WC="0.70" CC="45020028"/>
						<SP ID="P226_SP00112" HPOS="477" VPOS="797" WIDTH="19"/>
						<String ID="P226_ST00129" HPOS="496" VPOS="774" WIDTH="29" HEIGHT="23" CONTENT="to" WC="1.00" CC="00"/>
						<SP ID="P226_SP00113" HPOS="525" VPOS="797" WIDTH="20"/>
						<String ID="P226_ST00130" HPOS="545" VPOS="779" WIDTH="101" HEIGHT="27" CONTENT="expose" WC="0.78" CC="080004"/>
						<SP ID="P226_SP00114" HPOS="646" VPOS="806" WIDTH="15"/>
						<String ID="P226_ST00131" HPOS="661" VPOS="770" WIDTH="76" HEIGHT="27" CONTENT="these" WC="0.75" CC="07050"/>
						<SP ID="P226_SP00115" HPOS="737" VPOS="806" WIDTH="15"/>
						<String ID="P226_ST00132" HPOS="752" VPOS="770" WIDTH="172" HEIGHT="27" CONTENT="unfortunate" WC="0.69" CC="65425010042"/>
					</TextLine>
					<TextLine ID="P226_TL00018" HPOS="113" VPOS="817" WIDTH="809" HEIGHT="36">
						<String ID="P226_ST00133" HPOS="113" VPOS="817" WIDTH="95" HEIGHT="36" CONTENT="beings" WC="0.77" CC="003603"/>
						<SP ID="P226_SP00116" HPOS="208" VPOS="853" WIDTH="15"/>
						<String ID="P226_ST00134" HPOS="223" VPOS="822" WIDTH="27" HEIGHT="21" CONTENT="to" WC="0.68" CC="60"/>
						<SP ID="P226_SP00117" HPOS="250" VPOS="853" WIDTH="14"/>
						<String ID="P226_ST00135" HPOS="264" VPOS="818" WIDTH="65" HEIGHT="31" CONTENT="sale," WC="0.68" CC="50604"/>
						<SP ID="P226_SP00118" HPOS="329" VPOS="853" WIDTH="16"/>
						<String ID="P226_ST00136" HPOS="345" VPOS="817" WIDTH="74" HEIGHT="27" CONTENT="often" WC="0.81" CC="00260"/>
						<SP ID="P226_SP00119" HPOS="419" VPOS="853" WIDTH="15"/>
						<String ID="P226_ST00137" HPOS="434" VPOS="821" WIDTH="28" HEIGHT="22" CONTENT="at" WC="0.76" CC="31"/>
						<SP ID="P226_SP00120" HPOS="462" VPOS="853" WIDTH="16"/>
						<String ID="P226_ST00138" HPOS="478" VPOS="817" WIDTH="45" HEIGHT="26" CONTENT="the" WC="0.97" CC="000"/>
						<SP ID="P226_SP00121" HPOS="523" VPOS="853" WIDTH="15"/>
						<String ID="P226_ST00139" HPOS="538" VPOS="821" WIDTH="72" HEIGHT="22" CONTENT="most" WC="0.60" CC="6350"/>
						<SP ID="P226_SP00122" HPOS="610" VPOS="853" WIDTH="13"/>
						<String ID="P226_ST00140" HPOS="623" VPOS="818" WIDTH="118" HEIGHT="26" CONTENT="reduced" WC="0.79" CC="5000008"/>
						<SP ID="P226_SP00123" HPOS="741" VPOS="853" WIDTH="16"/>
						<String ID="P226_ST00141" HPOS="757" VPOS="818" WIDTH="96" HEIGHT="35" CONTENT="prices," WC="0.92" CC="0500000"/>
						<SP ID="P226_SP00124" HPOS="853" VPOS="853" WIDTH="21"/>
						<String ID="P226_ST00142" HPOS="874" VPOS="818" WIDTH="48" HEIGHT="25" CONTENT="and" WC="0.89" CC="300"/>
					</TextLine>
					<TextLine ID="P226_TL00019" HPOS="113" VPOS="864" WIDTH="810" HEIGHT="36">
						<String ID="P226_ST00143" HPOS="113" VPOS="869" WIDTH="28" HEIGHT="22" CONTENT="to" WC="0.96" CC="00"/>
						<SP ID="P226_SP00125" HPOS="141" VPOS="891" WIDTH="24"/>
						<String ID="P226_ST00144" HPOS="165" VPOS="864" WIDTH="68" HEIGHT="27" CONTENT="have" WC="0.74" CC="2700"/>
						<SP ID="P226_SP00126" HPOS="233" VPOS="891" WIDTH="26"/>
						<String ID="P226_ST00145" HPOS="259" VPOS="864" WIDTH="71" HEIGHT="27" CONTENT="them" WC="0.81" CC="0601"/>
						<SP ID="P226_SP00127" HPOS="330" VPOS="891" WIDTH="16"/>
						<String ID="P226_ST00146" HPOS="346" VPOS="864" WIDTH="152" HEIGHT="36" CONTENT="purchased" WC="0.85" CC="002060400"/>
						<SP ID="P226_SP00128" HPOS="498" VPOS="900" WIDTH="15"/>
						<String ID="P226_ST00147" HPOS="513" VPOS="873" WIDTH="67" HEIGHT="18" CONTENT="even" WC="0.91" CC="0003"/>
						<SP ID="P226_SP00129" HPOS="580" VPOS="900" WIDTH="14"/>
						<String ID="P226_ST00148" HPOS="594" VPOS="864" WIDTH="37" HEIGHT="36" CONTENT="by" WC="1.00" CC="00"/>
						<SP ID="P226_SP00130" HPOS="631" VPOS="900" WIDTH="15"/>
						<String ID="P226_ST00149" HPOS="646" VPOS="864" WIDTH="47" HEIGHT="27" CONTENT="the" WC="0.75" CC="070"/>
						<SP ID="P226_SP00131" HPOS="693" VPOS="900" WIDTH="14"/>
						<String ID="P226_ST00150" HPOS="707" VPOS="864" WIDTH="103" HEIGHT="28" CONTENT="officers" WC="0.99" CC="00000000"/>
						<SP ID="P226_SP00132" HPOS="810" VPOS="900" WIDTH="15"/>
						<String ID="P226_ST00151" HPOS="825" VPOS="865" WIDTH="30" HEIGHT="27" CONTENT="of" WC="1.00" CC="00"/>
						<SP ID="P226_SP00133" HPOS="855" VPOS="900" WIDTH="17"/>
						<String ID="P226_ST00152" HPOS="872" VPOS="865" WIDTH="51" HEIGHT="26" CONTENT="Go-" WC="0.80" CC="050"/>
					</TextLine>
					<TextLine ID="P226_TL00020" HPOS="109" VPOS="912" WIDTH="815" HEIGHT="36">
						<String ID="P226_ST00153" HPOS="109" VPOS="916" WIDTH="151" HEIGHT="26" CONTENT="vernment," WC="0.68" CC="904406101"/>
						<SP ID="P226_SP00134" HPOS="260" VPOS="942" WIDTH="12"/>
						<String ID="P226_ST00154" HPOS="272" VPOS="912" WIDTH="40" HEIGHT="26" CONTENT="for" WC="0.93" CC="020"/>
						<SP ID="P226_SP00135" HPOS="312" VPOS="942" WIDTH="13"/>
						<String ID="P226_ST00155" HPOS="325" VPOS="921" WIDTH="16" HEIGHT="16" CONTENT="a" WC="0.85" CC="1"/>
						<SP ID="P226_SP00136" HPOS="341" VPOS="942" WIDTH="13"/>
						<String ID="P226_ST00156" HPOS="354" VPOS="912" WIDTH="88" HEIGHT="26" CONTENT="traffic" WC="0.81" CC="0490000"/>
						<SP ID="P226_SP00137" HPOS="442" VPOS="942" WIDTH="14"/>
						<String ID="P226_ST00157" HPOS="456" VPOS="921" WIDTH="29" HEIGHT="17" CONTENT="as" WC="0.55" CC="44"/>
						<SP ID="P226_SP00138" HPOS="485" VPOS="942" WIDTH="10"/>
						<String ID="P226_ST00158" HPOS="495" VPOS="912" WIDTH="50" HEIGHT="26" CONTENT="vile" WC="0.93" CC="0020"/>
						<SP ID="P226_SP00139" HPOS="545" VPOS="942" WIDTH="12"/>
						<String ID="P226_ST00159" HPOS="557" VPOS="921" WIDTH="30" HEIGHT="16" CONTENT="as" WC="0.33" CC="93"/>
						<SP ID="P226_SP00140" HPOS="587" VPOS="942" WIDTH="14"/>
						<String ID="P226_ST00160" HPOS="601" VPOS="912" WIDTH="46" HEIGHT="26" CONTENT="the" WC="0.65" CC="541"/>
						<SP ID="P226_SP00141" HPOS="647" VPOS="942" WIDTH="14"/>
						<String ID="P226_ST00161" HPOS="661" VPOS="913" WIDTH="112" HEIGHT="34" CONTENT="deepest" WC="0.82" CC="9000030"/>
						<SP ID="P226_SP00142" HPOS="773" VPOS="947" WIDTH="14"/>
						<String ID="P226_ST00162" HPOS="787" VPOS="913" WIDTH="137" HEIGHT="35" CONTENT="depravity" WC="0.78" CC="900300060"/>
					</TextLine>
					<TextLine ID="P226_TL00021" HPOS="109" VPOS="958" WIDTH="813" HEIGHT="36">
						<String ID="P226_ST00163" HPOS="109" VPOS="959" WIDTH="79" HEIGHT="27" CONTENT="could" WC="0.76" CC="00416"/>
						<SP ID="P226_SP00143" HPOS="188" VPOS="986" WIDTH="22"/>
						<String ID="P226_ST00164" HPOS="210" VPOS="963" WIDTH="120" HEIGHT="31" CONTENT="suggest." WC="0.55" CC="56090760"/>
						<SP ID="P226_SP00144" HPOS="330" VPOS="994" WIDTH="41"/>
						<String ID="P226_ST00165" HPOS="371" VPOS="958" WIDTH="137" HEIGHT="28" CONTENT="Numbers" WC="0.77" CC="0091031"/>
						<SP ID="P226_SP00145" HPOS="508" VPOS="994" WIDTH="21"/>
						<String ID="P226_ST00166" HPOS="529" VPOS="959" WIDTH="32" HEIGHT="26" CONTENT="of" WC="0.30" CC="49"/>
						<SP ID="P226_SP00146" HPOS="561" VPOS="994" WIDTH="17"/>
						<String ID="P226_ST00167" HPOS="578" VPOS="959" WIDTH="110" HEIGHT="27" CONTENT="females" WC="0.79" CC="0094000"/>
						<SP ID="P226_SP00147" HPOS="688" VPOS="994" WIDTH="19"/>
						<String ID="P226_ST00168" HPOS="707" VPOS="969" WIDTH="43" HEIGHT="17" CONTENT="are" WC="0.93" CC="010"/>
						<SP ID="P226_SP00148" HPOS="750" VPOS="994" WIDTH="20"/>
						<String ID="P226_ST00169" HPOS="770" VPOS="959" WIDTH="73" HEIGHT="35" CONTENT="daily" WC="0.89" CC="00500"/>
						<SP ID="P226_SP00149" HPOS="843" VPOS="994" WIDTH="22"/>
						<String ID="P226_ST00170" HPOS="865" VPOS="963" WIDTH="57" HEIGHT="23" CONTENT="sent" WC="0.86" CC="3001"/>
					</TextLine>
					<TextLine ID="P226_TL00022" HPOS="108" VPOS="1006" WIDTH="813" HEIGHT="36">
						<String ID="P226_ST00171" HPOS="108" VPOS="1006" WIDTH="72" HEIGHT="26" CONTENT="forth" WC="0.75" CC="00336"/>
						<SP ID="P226_SP00150" HPOS="180" VPOS="1032" WIDTH="15"/>
						<String ID="P226_ST00172" HPOS="195" VPOS="1006" WIDTH="27" HEIGHT="26" CONTENT="in" WC="0.92" CC="01"/>
						<SP ID="P226_SP00151" HPOS="222" VPOS="1032" WIDTH="15"/>
						<String ID="P226_ST00173" HPOS="237" VPOS="1006" WIDTH="46" HEIGHT="26" CONTENT="the" WC="0.53" CC="453"/>
						<SP ID="P226_SP00152" HPOS="283" VPOS="1032" WIDTH="14"/>
						<String ID="P226_ST00174" HPOS="297" VPOS="1010" WIDTH="71" HEIGHT="22" CONTENT="most" WC="0.79" CC="0052"/>
						<SP ID="P226_SP00153" HPOS="368" VPOS="1032" WIDTH="15"/>
						<String ID="P226_ST00175" HPOS="383" VPOS="1006" WIDTH="165" HEIGHT="35" CONTENT="disgraceful" WC="0.69" CC="90009000680"/>
						<SP ID="P226_SP00154" HPOS="548" VPOS="1041" WIDTH="9"/>
						<String ID="P226_ST00176" HPOS="557" VPOS="1006" WIDTH="139" HEIGHT="35" CONTENT="capacity," WC="0.90" CC="000100403"/>
						<SP ID="P226_SP00155" HPOS="696" VPOS="1041" WIDTH="12"/>
						<String ID="P226_ST00177" HPOS="708" VPOS="1007" WIDTH="53" HEIGHT="25" CONTENT="and" WC="0.79" CC="032"/>
						<SP ID="P226_SP00156" HPOS="761" VPOS="1041" WIDTH="16"/>
						<String ID="P226_ST00178" HPOS="777" VPOS="1007" WIDTH="23" HEIGHT="25" CONTENT="if" WC="0.93" CC="10"/>
						<SP ID="P226_SP00157" HPOS="800" VPOS="1041" WIDTH="11"/>
						<String ID="P226_ST00179" HPOS="811" VPOS="1007" WIDTH="64" HEIGHT="35" CONTENT="they" WC="0.65" CC="6700"/>
						<SP ID="P226_SP00158" HPOS="875" VPOS="1042" WIDTH="13"/>
						<String ID="P226_ST00180" HPOS="888" VPOS="1007" WIDTH="33" HEIGHT="26" CONTENT="do" WC="0.83" CC="03"/>
					</TextLine>
					<TextLine ID="P226_TL00023" HPOS="108" VPOS="1053" WIDTH="814" HEIGHT="36">
						<String ID="P226_ST00181" HPOS="108" VPOS="1058" WIDTH="49" HEIGHT="21" CONTENT="not" WC="0.76" CC="700"/>
						<SP ID="P226_SP00159" HPOS="157" VPOS="1079" WIDTH="14"/>
						<String ID="P226_ST00182" HPOS="171" VPOS="1057" WIDTH="89" HEIGHT="22" CONTENT="return" WC="0.84" CC="002014"/>
						<SP ID="P226_SP00160" HPOS="260" VPOS="1079" WIDTH="16"/>
						<String ID="P226_ST00183" HPOS="276" VPOS="1058" WIDTH="28" HEIGHT="21" CONTENT="at" WC="1.00" CC="00"/>
						<SP ID="P226_SP00161" HPOS="304" VPOS="1079" WIDTH="14"/>
						<String ID="P226_ST00184" HPOS="318" VPOS="1053" WIDTH="81" HEIGHT="36" CONTENT="night" WC="0.47" CC="62943"/>
						<SP ID="P226_SP00162" HPOS="399" VPOS="1089" WIDTH="12"/>
						<String ID="P226_ST00185" HPOS="411" VPOS="1053" WIDTH="66" HEIGHT="26" CONTENT="with" WC="0.90" CC="0030"/>
						<SP ID="P226_SP00163" HPOS="477" VPOS="1089" WIDTH="15"/>
						<String ID="P226_ST00186" HPOS="492" VPOS="1053" WIDTH="47" HEIGHT="26" CONTENT="the" WC="0.97" CC="000"/>
						<SP ID="P226_SP00164" HPOS="539" VPOS="1089" WIDTH="14"/>
						<String ID="P226_ST00187" HPOS="553" VPOS="1063" WIDTH="59" HEIGHT="16" CONTENT="sum" WC="0.92" CC="020"/>
						<SP ID="P226_SP00165" HPOS="612" VPOS="1089" WIDTH="18"/>
						<String ID="P226_ST00188" HPOS="630" VPOS="1053" WIDTH="69" HEIGHT="26" CONTENT="fixed" WC="0.67" CC="33900"/>
						<SP ID="P226_SP00166" HPOS="699" VPOS="1089" WIDTH="22"/>
						<String ID="P226_ST00189" HPOS="721" VPOS="1053" WIDTH="37" HEIGHT="35" CONTENT="by" WC="1.00" CC="00"/>
						<SP ID="P226_SP00167" HPOS="758" VPOS="1089" WIDTH="14"/>
						<String ID="P226_ST00190" HPOS="772" VPOS="1054" WIDTH="70" HEIGHT="26" CONTENT="their" WC="0.77" CC="07004"/>
						<SP ID="P226_SP00168" HPOS="842" VPOS="1089" WIDTH="13"/>
						<String ID="P226_ST00191" HPOS="855" VPOS="1063" WIDTH="67" HEIGHT="17" CONTENT="mas-" WC="0.69" CC="3270"/>
					</TextLine>
					<TextLine ID="P226_TL00024" HPOS="108" VPOS="1100" WIDTH="813" HEIGHT="36">
						<String ID="P226_ST00192" HPOS="108" VPOS="1105" WIDTH="64" HEIGHT="26" CONTENT="ters," WC="0.81" CC="21050"/>
						<SP ID="P226_SP00169" HPOS="172" VPOS="1131" WIDTH="22"/>
						<String ID="P226_ST00193" HPOS="194" VPOS="1100" WIDTH="65" HEIGHT="35" CONTENT="they" WC="0.86" CC="0500"/>
						<SP ID="P226_SP00170" HPOS="259" VPOS="1135" WIDTH="21"/>
						<String ID="P226_ST00194" HPOS="280" VPOS="1109" WIDTH="44" HEIGHT="17" CONTENT="are" WC="0.88" CC="030"/>
						<SP ID="P226_SP00171" HPOS="324" VPOS="1135" WIDTH="22"/>
						<String ID="P226_ST00195" HPOS="346" VPOS="1100" WIDTH="74" HEIGHT="26" CONTENT="often" WC="0.65" CC="29005"/>
						<SP ID="P226_SP00172" HPOS="420" VPOS="1135" WIDTH="23"/>
						<String ID="P226_ST00196" HPOS="443" VPOS="1101" WIDTH="102" HEIGHT="35" CONTENT="cruelly" WC="0.91" CC="0020300"/>
						<SP ID="P226_SP00173" HPOS="545" VPOS="1136" WIDTH="21"/>
						<String ID="P226_ST00197" HPOS="566" VPOS="1101" WIDTH="106" HEIGHT="26" CONTENT="beaten." WC="0.89" CC="0010240"/>
						<SP ID="P226_SP00174" HPOS="672" VPOS="1136" WIDTH="44"/>
						<String ID="P226_ST00198" HPOS="716" VPOS="1100" WIDTH="28" HEIGHT="26" CONTENT="If" WC="1.00" CC="00"/>
						<SP ID="P226_SP00175" HPOS="744" VPOS="1136" WIDTH="16"/>
						<String ID="P226_ST00199" HPOS="760" VPOS="1101" WIDTH="66" HEIGHT="35" CONTENT="they" WC="0.79" CC="2500"/>
						<SP ID="P226_SP00176" HPOS="826" VPOS="1136" WIDTH="12"/>
						<String ID="P226_ST00200" HPOS="838" VPOS="1101" WIDTH="83" HEIGHT="26" CONTENT="refuse" WC="0.82" CC="100530"/>
					</TextLine>
					<TextLine ID="P226_TL00025" HPOS="108" VPOS="1147" WIDTH="814" HEIGHT="37">
						<String ID="P226_ST00201" HPOS="108" VPOS="1147" WIDTH="56" HEIGHT="26" CONTENT="this" WC="0.75" CC="0702"/>
						<SP ID="P226_SP00177" HPOS="164" VPOS="1173" WIDTH="20"/>
						<String ID="P226_ST00202" HPOS="184" VPOS="1147" WIDTH="95" HEIGHT="26" CONTENT="odious" WC="1.00" CC="000000"/>
						<SP ID="P226_SP00178" HPOS="279" VPOS="1173" WIDTH="17"/>
						<String ID="P226_ST00203" HPOS="296" VPOS="1147" WIDTH="45" HEIGHT="26" CONTENT="life" WC="0.99" CC="0000"/>
						<String ID="P226_ST00204" HPOS="342" VPOS="1163" WIDTH="35" HEIGHT="4" CONTENT="—" WC="0.20" CC="8"/>
						<String ID="P226_ST00205" HPOS="379" VPOS="1148" WIDTH="52" HEIGHT="25" CONTENT="and" WC="0.48" CC="059"/>
						<SP ID="P226_SP00179" HPOS="431" VPOS="1173" WIDTH="16"/>
						<String ID="P226_ST00206" HPOS="447" VPOS="1157" WIDTH="74" HEIGHT="16" CONTENT="some" WC="0.89" CC="4000"/>
						<SP ID="P226_SP00180" HPOS="521" VPOS="1173" WIDTH="14"/>
						<String ID="P226_ST00207" HPOS="535" VPOS="1147" WIDTH="31" HEIGHT="26" CONTENT="of" WC="1.00" CC="00"/>
						<SP ID="P226_SP00181" HPOS="566" VPOS="1173" WIDTH="19"/>
						<String ID="P226_ST00208" HPOS="585" VPOS="1148" WIDTH="75" HEIGHT="26" CONTENT="them" WC="0.65" CC="5404"/>
						<SP ID="P226_SP00182" HPOS="660" VPOS="1174" WIDTH="15"/>
						<String ID="P226_ST00209" HPOS="675" VPOS="1148" WIDTH="69" HEIGHT="26" CONTENT="have" WC="0.85" CC="6000"/>
						<SP ID="P226_SP00183" HPOS="744" VPOS="1174" WIDTH="16"/>
						<String ID="P226_ST00210" HPOS="760" VPOS="1149" WIDTH="116" HEIGHT="35" CONTENT="spurned" WC="0.84" CC="5000500"/>
						<SP ID="P226_SP00184" HPOS="876" VPOS="1184" WIDTH="14"/>
						<String ID="P226_ST00211" HPOS="890" VPOS="1148" WIDTH="32" HEIGHT="26" CONTENT="its" WC="0.72" CC="403"/>
					</TextLine>
					<TextLine ID="P226_TL00026" HPOS="107" VPOS="1195" WIDTH="815" HEIGHT="36">
						<String ID="P226_ST00212" HPOS="107" VPOS="1195" WIDTH="178" HEIGHT="26" CONTENT="debasement" WC="0.80" CC="0005300045"/>
						<String ID="P226_ST00213" HPOS="289" VPOS="1210" WIDTH="29" HEIGHT="3" CONTENT="—" WC="0.20" CC="8"/>
						<String ID="P226_ST00214" HPOS="324" VPOS="1195" WIDTH="45" HEIGHT="26" CONTENT="the" WC="0.80" CC="050"/>
						<SP ID="P226_SP00185" HPOS="369" VPOS="1221" WIDTH="22"/>
						<String ID="P226_ST00215" HPOS="391" VPOS="1200" WIDTH="100" HEIGHT="22" CONTENT="master" WC="0.69" CC="706004"/>
						<SP ID="P226_SP00186" HPOS="491" VPOS="1222" WIDTH="20"/>
						<String ID="P226_ST00216" HPOS="511" VPOS="1195" WIDTH="22" HEIGHT="26" CONTENT="is" WC="1.00" CC="00"/>
						<SP ID="P226_SP00187" HPOS="533" VPOS="1222" WIDTH="17"/>
						<String ID="P226_ST00217" HPOS="550" VPOS="1195" WIDTH="77" HEIGHT="36" CONTENT="quite" WC="0.77" CC="45010"/>
						<SP ID="P226_SP00188" HPOS="627" VPOS="1231" WIDTH="16"/>
						<String ID="P226_ST00218" HPOS="643" VPOS="1201" WIDTH="28" HEIGHT="21" CONTENT="at" WC="0.83" CC="30"/>
						<SP ID="P226_SP00189" HPOS="671" VPOS="1231" WIDTH="13"/>
						<String ID="P226_ST00219" HPOS="684" VPOS="1195" WIDTH="99" HEIGHT="36" CONTENT="liberty" WC="0.76" CC="3040170"/>
						<SP ID="P226_SP00190" HPOS="783" VPOS="1231" WIDTH="14"/>
						<String ID="P226_ST00220" HPOS="797" VPOS="1205" WIDTH="29" HEIGHT="18" CONTENT="as" WC="1.00" CC="00"/>
						<SP ID="P226_SP00191" HPOS="826" VPOS="1231" WIDTH="13"/>
						<String ID="P226_ST00221" HPOS="839" VPOS="1201" WIDTH="27" HEIGHT="22" CONTENT="to" WC="0.82" CC="03"/>
						<SP ID="P226_SP00192" HPOS="866" VPOS="1231" WIDTH="14"/>
						<String ID="P226_ST00222" HPOS="880" VPOS="1195" WIDTH="42" HEIGHT="27" CONTENT="the" WC="0.77" CC="150"/>
					</TextLine>
					<TextLine ID="P226_TL00027" HPOS="106" VPOS="1242" WIDTH="816" HEIGHT="36">
						<String ID="P226_ST00223" HPOS="106" VPOS="1242" WIDTH="79" HEIGHT="26" CONTENT="mode" WC="0.83" CC="6000"/>
						<SP ID="P226_SP00193" HPOS="185" VPOS="1268" WIDTH="14"/>
						<String ID="P226_ST00224" HPOS="199" VPOS="1242" WIDTH="53" HEIGHT="25" CONTENT="and" WC="0.84" CC="400"/>
						<SP ID="P226_SP00194" HPOS="252" VPOS="1268" WIDTH="16"/>
						<String ID="P226_ST00225" HPOS="268" VPOS="1251" WIDTH="122" HEIGHT="18" CONTENT="measure" WC="0.84" CC="5023000"/>
						<SP ID="P226_SP00195" HPOS="390" VPOS="1269" WIDTH="13"/>
						<String ID="P226_ST00226" HPOS="403" VPOS="1243" WIDTH="31" HEIGHT="25" CONTENT="of" WC="1.00" CC="00"/>
						<SP ID="P226_SP00196" HPOS="434" VPOS="1269" WIDTH="12"/>
						<String ID="P226_ST00227" HPOS="446" VPOS="1242" WIDTH="46" HEIGHT="27" CONTENT="the" WC="0.67" CC="360"/>
						<SP ID="P226_SP00197" HPOS="492" VPOS="1269" WIDTH="17"/>
						<String ID="P226_ST00228" HPOS="509" VPOS="1243" WIDTH="190" HEIGHT="35" CONTENT="punishment." WC="0.73" CC="00500760602"/>
						<SP ID="P226_SP00198" HPOS="699" VPOS="1278" WIDTH="40"/>
						<String ID="P226_ST00229" HPOS="739" VPOS="1243" WIDTH="39" HEIGHT="27" CONTENT="To" WC="1.00" CC="00"/>
						<SP ID="P226_SP00199" HPOS="778" VPOS="1278" WIDTH="13"/>
						<String ID="P226_ST00230" HPOS="791" VPOS="1244" WIDTH="46" HEIGHT="26" CONTENT="the" WC="0.88" CC="020"/>
						<SP ID="P226_SP00200" HPOS="837" VPOS="1278" WIDTH="11"/>
						<String ID="P226_ST00231" HPOS="848" VPOS="1252" WIDTH="74" HEIGHT="17" CONTENT="num-" WC="0.68" CC="0190"/>
					</TextLine>
					<TextLine ID="P226_TL00028" HPOS="105" VPOS="1289" WIDTH="814" HEIGHT="36">
						<String ID="P226_ST00232" HPOS="105" VPOS="1289" WIDTH="47" HEIGHT="27" CONTENT="ber" WC="0.87" CC="300"/>
						<SP ID="P226_SP00201" HPOS="152" VPOS="1316" WIDTH="13"/>
						<String ID="P226_ST00233" HPOS="165" VPOS="1289" WIDTH="32" HEIGHT="27" CONTENT="of" WC="0.65" CC="24"/>
						<SP ID="P226_SP00202" HPOS="197" VPOS="1316" WIDTH="18"/>
						<String ID="P226_ST00234" HPOS="215" VPOS="1289" WIDTH="87" HEIGHT="28" CONTENT="slaves" WC="0.84" CC="702000"/>
						<SP ID="P226_SP00203" HPOS="302" VPOS="1317" WIDTH="14"/>
						<String ID="P226_ST00235" HPOS="316" VPOS="1289" WIDTH="109" HEIGHT="36" CONTENT="already" WC="0.81" CC="3000900"/>
						<SP ID="P226_SP00204" HPOS="425" VPOS="1325" WIDTH="15"/>
						<String ID="P226_ST00236" HPOS="440" VPOS="1289" WIDTH="168" HEIGHT="33" CONTENT="mentioned," WC="0.82" CC="0050502003"/>
						<SP ID="P226_SP00205" HPOS="608" VPOS="1325" WIDTH="23"/>
						<String ID="P226_ST00237" HPOS="631" VPOS="1295" WIDTH="75" HEIGHT="22" CONTENT="must" WC="0.90" CC="2000"/>
						<SP ID="P226_SP00206" HPOS="706" VPOS="1325" WIDTH="18"/>
						<String ID="P226_ST00238" HPOS="724" VPOS="1291" WIDTH="33" HEIGHT="26" CONTENT="be" WC="1.00" CC="00"/>
						<SP ID="P226_SP00207" HPOS="757" VPOS="1325" WIDTH="14"/>
						<String ID="P226_ST00239" HPOS="771" VPOS="1291" WIDTH="89" HEIGHT="26" CONTENT="added" WC="0.89" CC="50000"/>
						<SP ID="P226_SP00208" HPOS="860" VPOS="1325" WIDTH="16"/>
						<String ID="P226_ST00240" HPOS="876" VPOS="1291" WIDTH="43" HEIGHT="26" CONTENT="the" WC="0.62" CC="640"/>
					</TextLine>
					<TextLine ID="P226_TL00029" HPOS="104" VPOS="1337" WIDTH="816" HEIGHT="37">
						<String ID="P226_ST00241" HPOS="104" VPOS="1337" WIDTH="121" HEIGHT="26" CONTENT="children" WC="0.90" CC="00010105"/>
						<SP ID="P226_SP00209" HPOS="225" VPOS="1363" WIDTH="16"/>
						<String ID="P226_ST00242" HPOS="241" VPOS="1337" WIDTH="87" HEIGHT="27" CONTENT="whom" WC="0.91" CC="0300"/>
						<SP ID="P226_SP00210" HPOS="328" VPOS="1364" WIDTH="17"/>
						<String ID="P226_ST00243" HPOS="345" VPOS="1338" WIDTH="45" HEIGHT="26" CONTENT="the" WC="0.68" CC="260"/>
						<SP ID="P226_SP00211" HPOS="390" VPOS="1364" WIDTH="14"/>
						<String ID="P226_ST00244" HPOS="404" VPOS="1338" WIDTH="104" HEIGHT="36" CONTENT="alleged" WC="0.75" CC="8250000"/>
						<SP ID="P226_SP00212" HPOS="508" VPOS="1374" WIDTH="13"/>
						<String ID="P226_ST00245" HPOS="521" VPOS="1338" WIDTH="158" HEIGHT="27" CONTENT="necessities" WC="0.83" CC="40003007003"/>
						<SP ID="P226_SP00213" HPOS="679" VPOS="1374" WIDTH="11"/>
						<String ID="P226_ST00246" HPOS="690" VPOS="1339" WIDTH="31" HEIGHT="26" CONTENT="of" WC="0.91" CC="10"/>
						<SP ID="P226_SP00214" HPOS="721" VPOS="1374" WIDTH="11"/>
						<String ID="P226_ST00247" HPOS="732" VPOS="1339" WIDTH="70" HEIGHT="26" CONTENT="their" WC="0.98" CC="00000"/>
						<SP ID="P226_SP00215" HPOS="802" VPOS="1374" WIDTH="11"/>
						<String ID="P226_ST00248" HPOS="813" VPOS="1342" WIDTH="107" HEIGHT="32" CONTENT="parents" WC="0.98" CC="0100000"/>
					</TextLine>
					<TextLine ID="P226_TL00030" HPOS="105" VPOS="1383" WIDTH="815" HEIGHT="39">
						<String ID="P226_ST00249" HPOS="105" VPOS="1383" WIDTH="89" HEIGHT="36" CONTENT="oblige" WC="0.80" CC="070400"/>
						<SP ID="P226_SP00216" HPOS="194" VPOS="1419" WIDTH="23"/>
						<String ID="P226_ST00250" HPOS="217" VPOS="1384" WIDTH="75" HEIGHT="27" CONTENT="them" WC="0.78" CC="0520"/>
						<SP ID="P226_SP00217" HPOS="292" VPOS="1419" WIDTH="25"/>
						<String ID="P226_ST00251" HPOS="317" VPOS="1389" WIDTH="28" HEIGHT="22" CONTENT="to" WC="0.99" CC="00"/>
						<SP ID="P226_SP00218" HPOS="345" VPOS="1419" WIDTH="23"/>
						<String ID="P226_ST00252" HPOS="368" VPOS="1385" WIDTH="58" HEIGHT="31" CONTENT="sell," WC="0.89" CC="00500"/>
						<SP ID="P226_SP00219" HPOS="426" VPOS="1419" WIDTH="20"/>
						<String ID="P226_ST00253" HPOS="446" VPOS="1386" WIDTH="55" HEIGHT="26" CONTENT="and" WC="0.53" CC="760"/>
						<SP ID="P226_SP00220" HPOS="501" VPOS="1419" WIDTH="24"/>
						<String ID="P226_ST00254" HPOS="525" VPOS="1387" WIDTH="62" HEIGHT="25" CONTENT="who" WC="0.45" CC="960"/>
						<SP ID="P226_SP00221" HPOS="587" VPOS="1419" WIDTH="21"/>
						<String ID="P226_ST00255" HPOS="608" VPOS="1395" WIDTH="44" HEIGHT="17" CONTENT="are" WC="0.71" CC="620"/>
						<SP ID="P226_SP00222" HPOS="652" VPOS="1419" WIDTH="24"/>
						<String ID="P226_ST00256" HPOS="676" VPOS="1385" WIDTH="107" HEIGHT="37" CONTENT="bought" WC="0.79" CC="400034"/>
						<SP ID="P226_SP00223" HPOS="783" VPOS="1422" WIDTH="24"/>
						<String ID="P226_ST00257" HPOS="807" VPOS="1386" WIDTH="40" HEIGHT="26" CONTENT="for" WC="0.92" CC="020"/>
						<SP ID="P226_SP00224" HPOS="847" VPOS="1422" WIDTH="22"/>
						<String ID="P226_ST00258" HPOS="869" VPOS="1394" WIDTH="51" HEIGHT="27" CONTENT="any" WC="0.91" CC="200"/>
					</TextLine>
					<TextLine ID="P226_TL00031" HPOS="103" VPOS="1431" WIDTH="823" HEIGHT="35">
						<String ID="P226_ST00259" HPOS="103" VPOS="1439" WIDTH="119" HEIGHT="27" CONTENT="purpose" WC="0.92" CC="0030020"/>
						<SP ID="P226_SP00225" HPOS="222" VPOS="1466" WIDTH="20"/>
						<String ID="P226_ST00260" HPOS="242" VPOS="1431" WIDTH="88" HEIGHT="27" CONTENT="which" WC="0.56" CC="95006"/>
						<SP ID="P226_SP00226" HPOS="330" VPOS="1466" WIDTH="22"/>
						<String ID="P226_ST00261" HPOS="352" VPOS="1432" WIDTH="70" HEIGHT="27" CONTENT="their" WC="0.77" CC="04032"/>
						<SP ID="P226_SP00227" HPOS="422" VPOS="1466" WIDTH="21"/>
						<String ID="P226_ST00262" HPOS="443" VPOS="1437" WIDTH="130" HEIGHT="23" CONTENT="covetous" WC="0.93" CC="00000040"/>
						<SP ID="P226_SP00228" HPOS="573" VPOS="1466" WIDTH="20"/>
						<String ID="P226_ST00263" HPOS="593" VPOS="1443" WIDTH="29" HEIGHT="17" CONTENT="or" WC="0.94" CC="10"/>
						<SP ID="P226_SP00229" HPOS="622" VPOS="1466" WIDTH="22"/>
						<String ID="P226_ST00264" HPOS="644" VPOS="1433" WIDTH="144" HEIGHT="27" CONTENT="licentious" WC="0.78" CC="5200804000"/>
						<SP ID="P226_SP00230" HPOS="788" VPOS="1466" WIDTH="22"/>
						<String ID="P226_ST00265" HPOS="810" VPOS="1438" WIDTH="116" HEIGHT="22" CONTENT="masters" WC="0.80" CC="5300004"/>
					</TextLine>
					<TextLine ID="P226_TL00032" HPOS="104" VPOS="1477" WIDTH="188" HEIGHT="35">
						<String ID="P226_ST00266" HPOS="104" VPOS="1487" WIDTH="65" HEIGHT="25" CONTENT="may" WC="0.50" CC="067"/>
						<SP ID="P226_SP00231" HPOS="169" VPOS="1512" WIDTH="13"/>
						<String ID="P226_ST00267" HPOS="182" VPOS="1477" WIDTH="110" HEIGHT="28" CONTENT="choose." WC="0.83" CC="0200403"/>
					</TextLine>
				</TextBlock>
			</PrintSpace>
		</Page>
	</Layout>
</alto>
