<?xml version="1.0" encoding="UTF-8"?>
<alto xmlns:xsi="http://www.w3.org/2001/XMLSchema-instance" xsi:noNamespaceSchemaLocation="http://www.bl.uk/schemas/alto/alto-1-4.xsd" xmlns:xlink="http://www.w3.org/1999/xlink">
	<Description>
		<MeasurementUnit>mm10</MeasurementUnit>
		<sourceImageInformation>
			<fileName>//head1/IN/2008-15/A0011390163/004908.jp2</fileName>
		</sourceImageInformation>
		<OCRProcessing ID="OCRPROCESSING_1">
			<preProcessingStep>
				<processingSoftware>
					<softwareCreator>CCS Content Conversion Specialists GmbH, Germany</softwareCreator>
					<softwareName>CCS docWORKS</softwareName>
					<softwareVersion>6.1-0.67</softwareVersion>
				</processingSoftware>
			</preProcessingStep>
			<ocrProcessingStep>
				<processingSoftware>
					<softwareCreator>ABBYY (BIT Software), Russia</softwareCreator>
					<softwareName>Finereader</softwareName>
				</processingSoftware>
			</ocrProcessingStep>
		</OCRProcessing>
	</Description>
	<Styles>
		<TextStyle ID="TXT_0" FONTSIZE="10" FONTFAMILY="Courier New"/>
		<TextStyle ID="TXT_1" FONTSIZE="9" FONTFAMILY="Courier New"/>
		<ParagraphStyle ID="PAR_LEFT" ALIGN="Left"/>
		<ParagraphStyle ID="PAR_RIGHT" ALIGN="Right"/>
	</Styles>
	<Layout>
		<Page ID="P144" PHYSICAL_IMG_NR="144" HEIGHT="1595" WIDTH="960" PRINTED_IMG_NR="106" POSITION="Left" ACCURACY="79.93">
			<TopMargin ID="P144_TM00001" HPOS="0" VPOS="0" WIDTH="960" HEIGHT="89">
				<TextBlock ID="P144_TB00001" HPOS="127" VPOS="61" WIDTH="49" HEIGHT="27" STYLEREFS="TXT_0 PAR_LEFT">
					<TextLine ID="P144_TL00001" HPOS="128" VPOS="62" WIDTH="48" HEIGHT="26">
						<String ID="P144_ST00001" HPOS="128" VPOS="62" WIDTH="48" HEIGHT="26" CONTENT="106" WC="0.51" CC="454"/>
					</TextLine>
				</TextBlock>
				<TextBlock ID="P144_TB00002" HPOS="477" VPOS="67" WIDTH="98" HEIGHT="18" STYLEREFS="TXT_1 PAR_RIGHT">
					<TextLine ID="P144_TL00002" HPOS="477" VPOS="68" WIDTH="98" HEIGHT="17">
						<String ID="P144_ST00002" HPOS="477" VPOS="68" WIDTH="98" HEIGHT="17" CONTENT="CHINA" WC="0.57" CC="40609"/>
					</TextLine>
				</TextBlock>
			</TopMargin>
			<LeftMargin ID="P144_LM00001" HPOS="0" VPOS="89" WIDTH="122" HEIGHT="1350"/>
			<RightMargin ID="P144_RM00001" HPOS="937" VPOS="89" WIDTH="23" HEIGHT="1350"/>
			<BottomMargin ID="P144_BM00001" HPOS="0" VPOS="1439" WIDTH="960" HEIGHT="156"/>
			<PrintSpace ID="P144_PS00001" HPOS="122" VPOS="89" WIDTH="815" HEIGHT="1350">
				<TextBlock ID="P144_TB00003" HPOS="122" VPOS="126" WIDTH="812" HEIGHT="831" STYLEREFS="TXT_1 PAR_LEFT">
					<TextLine ID="P144_TL00003" HPOS="124" VPOS="127" WIDTH="809" HEIGHT="38">
						<String ID="P144_ST00003" HPOS="124" VPOS="133" WIDTH="46" HEIGHT="26" CONTENT="the" WC="0.79" CC="060"/>
						<SP ID="P144_SP00001" HPOS="170" VPOS="159" WIDTH="14"/>
						<String ID="P144_ST00004" HPOS="184" VPOS="131" WIDTH="93" HEIGHT="27" CONTENT="merits" WC="0.82" CC="004005"/>
						<SP ID="P144_SP00002" HPOS="277" VPOS="159" WIDTH="13"/>
						<String ID="P144_ST00005" HPOS="290" VPOS="130" WIDTH="32" HEIGHT="27" CONTENT="of" WC="1.00" CC="00"/>
						<SP ID="P144_SP00003" HPOS="322" VPOS="159" WIDTH="9"/>
						<String ID="P144_ST00006" HPOS="331" VPOS="140" WIDTH="50" HEIGHT="17" CONTENT="one" WC="0.85" CC="040"/>
						<SP ID="P144_SP00004" HPOS="381" VPOS="159" WIDTH="14"/>
						<String ID="P144_ST00007" HPOS="395" VPOS="130" WIDTH="31" HEIGHT="27" CONTENT="of" WC="0.76" CC="04"/>
						<SP ID="P144_SP00005" HPOS="426" VPOS="159" WIDTH="11"/>
						<String ID="P144_ST00008" HPOS="437" VPOS="129" WIDTH="68" HEIGHT="28" CONTENT="their" WC="0.82" CC="06001"/>
						<SP ID="P144_SP00006" HPOS="505" VPOS="159" WIDTH="11"/>
						<String ID="P144_ST00009" HPOS="516" VPOS="129" WIDTH="114" HEIGHT="36" CONTENT="popular" WC="0.86" CC="0001024"/>
						<SP ID="P144_SP00007" HPOS="630" VPOS="165" WIDTH="14"/>
						<String ID="P144_ST00010" HPOS="644" VPOS="127" WIDTH="220" HEIGHT="35" CONTENT="ballad-singers," WC="0.74" CC="045300003190513"/>
						<SP ID="P144_SP00008" HPOS="864" VPOS="165" WIDTH="19"/>
						<String ID="P144_ST00011" HPOS="883" VPOS="128" WIDTH="50" HEIGHT="27" CONTENT="and" WC="0.59" CC="065"/>
					</TextLine>
					<TextLine ID="P144_TL00004" HPOS="126" VPOS="174" WIDTH="806" HEIGHT="40">
						<String ID="P144_ST00012" HPOS="126" VPOS="180" WIDTH="12" HEIGHT="26" CONTENT="I" WC="1.00" CC="0"/>
						<SP ID="P144_SP00009" HPOS="138" VPOS="206" WIDTH="21"/>
						<String ID="P144_ST00013" HPOS="159" VPOS="179" WIDTH="132" HEIGHT="35" CONTENT="certainly" WC="0.88" CC="000001116"/>
						<SP ID="P144_SP00010" HPOS="291" VPOS="214" WIDTH="21"/>
						<String ID="P144_ST00014" HPOS="312" VPOS="188" WIDTH="55" HEIGHT="17" CONTENT="saw" WC="0.96" CC="100"/>
						<SP ID="P144_SP00011" HPOS="367" VPOS="214" WIDTH="20"/>
						<String ID="P144_ST00015" HPOS="387" VPOS="187" WIDTH="35" HEIGHT="17" CONTENT="no" WC="0.69" CC="60"/>
						<SP ID="P144_SP00012" HPOS="422" VPOS="214" WIDTH="19"/>
						<String ID="P144_ST00016" HPOS="441" VPOS="186" WIDTH="95" HEIGHT="17" CONTENT="reason" WC="0.69" CC="504404"/>
						<SP ID="P144_SP00013" HPOS="536" VPOS="214" WIDTH="22"/>
						<String ID="P144_ST00017" HPOS="558" VPOS="180" WIDTH="27" HEIGHT="22" CONTENT="to" WC="1.00" CC="00"/>
						<SP ID="P144_SP00014" HPOS="585" VPOS="214" WIDTH="19"/>
						<String ID="P144_ST00018" HPOS="604" VPOS="175" WIDTH="105" HEIGHT="36" CONTENT="change" WC="0.69" CC="073700"/>
						<SP ID="P144_SP00015" HPOS="709" VPOS="214" WIDTH="20"/>
						<String ID="P144_ST00019" HPOS="729" VPOS="175" WIDTH="47" HEIGHT="26" CONTENT="the" WC="0.88" CC="210"/>
						<SP ID="P144_SP00016" HPOS="776" VPOS="214" WIDTH="19"/>
						<String ID="P144_ST00020" HPOS="795" VPOS="174" WIDTH="107" HEIGHT="36" CONTENT="opinion" WC="0.82" CC="0043023"/>
						<SP ID="P144_SP00017" HPOS="902" VPOS="214" WIDTH="20"/>
						<String ID="P144_ST00021" HPOS="922" VPOS="176" WIDTH="10" HEIGHT="26" CONTENT="I" WC="0.78" CC="2"/>
					</TextLine>
					<TextLine ID="P144_TL00005" HPOS="125" VPOS="222" WIDTH="809" HEIGHT="38">
						<String ID="P144_ST00022" HPOS="125" VPOS="227" WIDTH="53" HEIGHT="26" CONTENT="had" WC="0.89" CC="300"/>
						<SP ID="P144_SP00018" HPOS="178" VPOS="253" WIDTH="16"/>
						<String ID="P144_ST00023" HPOS="194" VPOS="226" WIDTH="102" HEIGHT="27" CONTENT="formed" WC="1.00" CC="000000"/>
						<SP ID="P144_SP00019" HPOS="296" VPOS="253" WIDTH="16"/>
						<String ID="P144_ST00024" HPOS="312" VPOS="225" WIDTH="31" HEIGHT="26" CONTENT="of" WC="1.00" CC="00"/>
						<SP ID="P144_SP00020" HPOS="343" VPOS="253" WIDTH="16"/>
						<String ID="P144_ST00025" HPOS="359" VPOS="224" WIDTH="46" HEIGHT="27" CONTENT="the" WC="0.83" CC="220"/>
						<SP ID="P144_SP00021" HPOS="405" VPOS="253" WIDTH="21"/>
						<String ID="P144_ST00026" HPOS="426" VPOS="233" WIDTH="104" HEIGHT="27" CONTENT="powers" WC="0.89" CC="000060"/>
						<SP ID="P144_SP00022" HPOS="530" VPOS="260" WIDTH="20"/>
						<String ID="P144_ST00027" HPOS="550" VPOS="223" WIDTH="53" HEIGHT="26" CONTENT="and" WC="0.52" CC="049"/>
						<SP ID="P144_SP00023" HPOS="603" VPOS="260" WIDTH="23"/>
						<String ID="P144_ST00028" HPOS="626" VPOS="227" WIDTH="71" HEIGHT="22" CONTENT="taste" WC="0.91" CC="00400"/>
						<SP ID="P144_SP00024" HPOS="697" VPOS="260" WIDTH="14"/>
						<String ID="P144_ST00029" HPOS="711" VPOS="222" WIDTH="31" HEIGHT="27" CONTENT="of" WC="0.62" CC="06"/>
						<SP ID="P144_SP00025" HPOS="742" VPOS="260" WIDTH="17"/>
						<String ID="P144_ST00030" HPOS="759" VPOS="222" WIDTH="120" HEIGHT="28" CONTENT="Chinese" WC="0.79" CC="0400036"/>
						<SP ID="P144_SP00026" HPOS="879" VPOS="260" WIDTH="13"/>
						<String ID="P144_ST00031" HPOS="892" VPOS="233" WIDTH="42" HEIGHT="18" CONTENT="vo" SUBS_TYPE="HypPart1" SUBS_CONTENT="vocalists." WC="0.79" CC="041"/>
						<HYP CONTENT="-"/>
					</TextLine>
					<TextLine ID="P144_TL00006" HPOS="124" VPOS="269" WIDTH="809" HEIGHT="37">
						<String ID="P144_ST00032" HPOS="124" VPOS="273" WIDTH="103" HEIGHT="27" CONTENT="calists." SUBS_TYPE="HypPart2" SUBS_CONTENT="vocalists." WC="0.89" CC="00010060"/>
						<SP ID="P144_SP00027" HPOS="227" VPOS="300" WIDTH="41"/>
						<String ID="P144_ST00033" HPOS="268" VPOS="272" WIDTH="42" HEIGHT="27" CONTENT="Of" WC="0.86" CC="20"/>
						<SP ID="P144_SP00028" HPOS="310" VPOS="300" WIDTH="18"/>
						<String ID="P144_ST00034" HPOS="328" VPOS="272" WIDTH="35" HEIGHT="26" CONTENT="all" WC="0.59" CC="407"/>
						<SP ID="P144_SP00029" HPOS="363" VPOS="300" WIDTH="20"/>
						<String ID="P144_ST00035" HPOS="383" VPOS="271" WIDTH="133" HEIGHT="35" CONTENT="grimaces" WC="0.90" CC="05000002"/>
						<SP ID="P144_SP00030" HPOS="516" VPOS="306" WIDTH="23"/>
						<String ID="P144_ST00036" HPOS="539" VPOS="270" WIDTH="53" HEIGHT="27" CONTENT="and" WC="0.68" CC="710"/>
						<SP ID="P144_SP00031" HPOS="592" VPOS="306" WIDTH="24"/>
						<String ID="P144_ST00037" HPOS="616" VPOS="269" WIDTH="91" HEIGHT="27" CONTENT="noises" WC="0.59" CC="704507"/>
						<SP ID="P144_SP00032" HPOS="707" VPOS="306" WIDTH="26"/>
						<String ID="P144_ST00038" HPOS="733" VPOS="278" WIDTH="62" HEIGHT="18" CONTENT="ever" WC="1.00" CC="0000"/>
						<SP ID="P144_SP00033" HPOS="795" VPOS="306" WIDTH="25"/>
						<String ID="P144_ST00039" HPOS="820" VPOS="279" WIDTH="61" HEIGHT="18" CONTENT="seen" WC="0.72" CC="5006"/>
						<SP ID="P144_SP00034" HPOS="881" VPOS="306" WIDTH="26"/>
						<String ID="P144_ST00040" HPOS="907" VPOS="280" WIDTH="26" HEIGHT="18" CONTENT="or" WC="0.71" CC="05"/>
					</TextLine>
					<TextLine ID="P144_TL00007" HPOS="125" VPOS="317" WIDTH="807" HEIGHT="37">
						<String ID="P144_ST00041" HPOS="125" VPOS="320" WIDTH="93" HEIGHT="31" CONTENT="heard," WC="0.83" CC="500004"/>
						<SP ID="P144_SP00035" HPOS="218" VPOS="351" WIDTH="14"/>
						<String ID="P144_ST00042" HPOS="232" VPOS="319" WIDTH="118" HEIGHT="35" CONTENT="nothing" WC="0.80" CC="6002300"/>
						<SP ID="P144_SP00036" HPOS="350" VPOS="354" WIDTH="11"/>
						<String ID="P144_ST00043" HPOS="361" VPOS="318" WIDTH="50" HEIGHT="26" CONTENT="but" WC="0.44" CC="654"/>
						<SP ID="P144_SP00037" HPOS="411" VPOS="354" WIDTH="11"/>
						<String ID="P144_ST00044" HPOS="422" VPOS="317" WIDTH="46" HEIGHT="27" CONTENT="the" WC="0.77" CC="060"/>
						<SP ID="P144_SP00038" HPOS="468" VPOS="354" WIDTH="12"/>
						<String ID="P144_ST00045" HPOS="480" VPOS="317" WIDTH="106" HEIGHT="27" CONTENT="wildest" WC="0.90" CC="0007000"/>
						<SP ID="P144_SP00039" HPOS="586" VPOS="354" WIDTH="9"/>
						<String ID="P144_ST00046" HPOS="595" VPOS="317" WIDTH="159" HEIGHT="36" CONTENT="buffoonery" WC="0.84" CC="2400008000"/>
						<SP ID="P144_SP00040" HPOS="754" VPOS="354" WIDTH="11"/>
						<String ID="P144_ST00047" HPOS="765" VPOS="317" WIDTH="79" HEIGHT="27" CONTENT="could" WC="0.83" CC="00008"/>
						<SP ID="P144_SP00041" HPOS="844" VPOS="354" WIDTH="13"/>
						<String ID="P144_ST00048" HPOS="857" VPOS="319" WIDTH="75" HEIGHT="35" CONTENT="equal" WC="0.62" CC="01691"/>
					</TextLine>
					<TextLine ID="P144_TL00008" HPOS="124" VPOS="364" WIDTH="808" HEIGHT="30">
						<String ID="P144_ST00049" HPOS="124" VPOS="368" WIDTH="64" HEIGHT="26" CONTENT="this." WC="0.86" CC="06000"/>
						<SP ID="P144_SP00042" HPOS="188" VPOS="394" WIDTH="41"/>
						<String ID="P144_ST00050" HPOS="229" VPOS="367" WIDTH="42" HEIGHT="26" CONTENT="He" WC="1.00" CC="00"/>
						<SP ID="P144_SP00043" HPOS="271" VPOS="394" WIDTH="14"/>
						<String ID="P144_ST00051" HPOS="285" VPOS="366" WIDTH="137" HEIGHT="27" CONTENT="stretched" WC="0.87" CC="000040600"/>
						<SP ID="P144_SP00044" HPOS="422" VPOS="394" WIDTH="19"/>
						<String ID="P144_ST00052" HPOS="441" VPOS="365" WIDTH="43" HEIGHT="26" CONTENT="his" WC="0.70" CC="520"/>
						<SP ID="P144_SP00045" HPOS="484" VPOS="394" WIDTH="18"/>
						<String ID="P144_ST00053" HPOS="502" VPOS="364" WIDTH="96" HEIGHT="27" CONTENT="mouth" WC="0.74" CC="64001"/>
						<SP ID="P144_SP00046" HPOS="598" VPOS="394" WIDTH="16"/>
						<String ID="P144_ST00054" HPOS="614" VPOS="369" WIDTH="27" HEIGHT="21" CONTENT="to" WC="0.81" CC="30"/>
						<SP ID="P144_SP00047" HPOS="641" VPOS="394" WIDTH="13"/>
						<String ID="P144_ST00055" HPOS="654" VPOS="364" WIDTH="47" HEIGHT="27" CONTENT="the" WC="0.78" CC="060"/>
						<SP ID="P144_SP00048" HPOS="701" VPOS="394" WIDTH="16"/>
						<String ID="P144_ST00056" HPOS="717" VPOS="369" WIDTH="101" HEIGHT="22" CONTENT="utmost" WC="0.77" CC="020046"/>
						<SP ID="P144_SP00049" HPOS="818" VPOS="394" WIDTH="14"/>
						<String ID="P144_ST00057" HPOS="832" VPOS="366" WIDTH="100" HEIGHT="26" CONTENT="tension" WC="0.71" CC="0350208"/>
					</TextLine>
					<TextLine ID="P144_TL00009" HPOS="124" VPOS="411" WIDTH="808" HEIGHT="33">
						<String ID="P144_ST00058" HPOS="124" VPOS="415" WIDTH="31" HEIGHT="26" CONTENT="of" WC="0.68" CC="06"/>
						<SP ID="P144_SP00050" HPOS="155" VPOS="441" WIDTH="18"/>
						<String ID="P144_ST00059" HPOS="173" VPOS="415" WIDTH="34" HEIGHT="26" CONTENT="its" WC="0.75" CC="150"/>
						<SP ID="P144_SP00051" HPOS="207" VPOS="441" WIDTH="22"/>
						<String ID="P144_ST00060" HPOS="229" VPOS="413" WIDTH="94" HEIGHT="27" CONTENT="elastic" WC="0.90" CC="0700000"/>
						<SP ID="P144_SP00052" HPOS="323" VPOS="441" WIDTH="21"/>
						<String ID="P144_ST00061" HPOS="344" VPOS="412" WIDTH="117" HEIGHT="27" CONTENT="muscles" WC="0.96" CC="0030000"/>
						<String ID="P144_ST00062" HPOS="471" VPOS="422" WIDTH="6" HEIGHT="22" CONTENT=";" WC="0.31" CC="6"/>
						<SP ID="P144_SP00053" HPOS="477" VPOS="444" WIDTH="24"/>
						<String ID="P144_ST00063" HPOS="501" VPOS="411" WIDTH="87" HEIGHT="27" CONTENT="raised" WC="0.86" CC="403000"/>
						<SP ID="P144_SP00054" HPOS="588" VPOS="444" WIDTH="16"/>
						<String ID="P144_ST00064" HPOS="604" VPOS="411" WIDTH="42" HEIGHT="27" CONTENT="his" WC="0.83" CC="500"/>
						<SP ID="P144_SP00055" HPOS="646" VPOS="444" WIDTH="20"/>
						<String ID="P144_ST00065" HPOS="666" VPOS="411" WIDTH="76" HEIGHT="27" CONTENT="voice" WC="1.00" CC="00000"/>
						<SP ID="P144_SP00056" HPOS="742" VPOS="444" WIDTH="21"/>
						<String ID="P144_ST00066" HPOS="763" VPOS="416" WIDTH="28" HEIGHT="22" CONTENT="to" WC="1.00" CC="00"/>
						<SP ID="P144_SP00057" HPOS="791" VPOS="444" WIDTH="19"/>
						<String ID="P144_ST00067" HPOS="810" VPOS="412" WIDTH="36" HEIGHT="27" CONTENT="its" WC="0.75" CC="007"/>
						<SP ID="P144_SP00058" HPOS="846" VPOS="444" WIDTH="19"/>
						<String ID="P144_ST00068" HPOS="865" VPOS="418" WIDTH="67" HEIGHT="21" CONTENT="most" WC="0.75" CC="7002"/>
					</TextLine>
					<TextLine ID="P144_TL00010" HPOS="126" VPOS="459" WIDTH="808" HEIGHT="37">
						<String ID="P144_ST00069" HPOS="126" VPOS="461" WIDTH="145" HEIGHT="27" CONTENT="unnatural" WC="0.63" CC="666008500"/>
						<SP ID="P144_SP00059" HPOS="271" VPOS="488" WIDTH="19"/>
						<String ID="P144_ST00070" HPOS="290" VPOS="460" WIDTH="53" HEIGHT="27" CONTENT="and" WC="0.92" CC="200"/>
						<SP ID="P144_SP00060" HPOS="343" VPOS="488" WIDTH="15"/>
						<String ID="P144_ST00071" HPOS="358" VPOS="460" WIDTH="108" HEIGHT="36" CONTENT="grating" WC="0.59" CC="9400059"/>
						<SP ID="P144_SP00061" HPOS="466" VPOS="496" WIDTH="14"/>
						<String ID="P144_ST00072" HPOS="480" VPOS="460" WIDTH="65" HEIGHT="35" CONTENT="key;" WC="0.69" CC="0083"/>
						<SP ID="P144_SP00062" HPOS="545" VPOS="496" WIDTH="23"/>
						<String ID="P144_ST00073" HPOS="568" VPOS="459" WIDTH="64" HEIGHT="31" CONTENT="and," WC="0.53" CC="0684"/>
						<SP ID="P144_SP00063" HPOS="632" VPOS="496" WIDTH="21"/>
						<String ID="P144_ST00074" HPOS="653" VPOS="460" WIDTH="70" HEIGHT="26" CONTENT="after" WC="0.79" CC="00404"/>
						<SP ID="P144_SP00064" HPOS="723" VPOS="496" WIDTH="19"/>
						<String ID="P144_ST00075" HPOS="742" VPOS="469" WIDTH="17" HEIGHT="17" CONTENT="a" WC="0.14" CC="8"/>
						<SP ID="P144_SP00065" HPOS="759" VPOS="496" WIDTH="21"/>
						<String ID="P144_ST00076" HPOS="780" VPOS="460" WIDTH="111" HEIGHT="27" CONTENT="number" WC="0.80" CC="720002"/>
						<SP ID="P144_SP00066" HPOS="891" VPOS="496" WIDTH="17"/>
						<String ID="P144_ST00077" HPOS="908" VPOS="460" WIDTH="26" HEIGHT="28" CONTENT="of" WC="0.88" CC="20"/>
					</TextLine>
					<TextLine ID="P144_TL00011" HPOS="124" VPOS="506" WIDTH="807" HEIGHT="38">
						<String ID="P144_ST00078" HPOS="124" VPOS="509" WIDTH="170" HEIGHT="35" CONTENT="long-drawn" WC="0.73" CC="4040470501"/>
						<SP ID="P144_SP00067" HPOS="294" VPOS="544" WIDTH="12"/>
						<String ID="P144_ST00079" HPOS="306" VPOS="508" WIDTH="105" HEIGHT="26" CONTENT="shrieks" WC="0.83" CC="0600060"/>
						<SP ID="P144_SP00068" HPOS="411" VPOS="544" WIDTH="11"/>
						<String ID="P144_ST00080" HPOS="422" VPOS="507" WIDTH="53" HEIGHT="26" CONTENT="and" WC="0.88" CC="030"/>
						<SP ID="P144_SP00069" HPOS="475" VPOS="544" WIDTH="15"/>
						<String ID="P144_ST00081" HPOS="490" VPOS="516" WIDTH="125" HEIGHT="27" CONTENT="quavers," WC="0.79" CC="00700530"/>
						<SP ID="P144_SP00070" HPOS="615" VPOS="544" WIDTH="16"/>
						<String ID="P144_ST00082" HPOS="631" VPOS="506" WIDTH="111" HEIGHT="27" CONTENT="exerted" WC="0.91" CC="0500000"/>
						<SP ID="P144_SP00071" HPOS="742" VPOS="544" WIDTH="15"/>
						<String ID="P144_ST00083" HPOS="757" VPOS="506" WIDTH="20" HEIGHT="26" CONTENT="it" WC="0.90" CC="02"/>
						<SP ID="P144_SP00072" HPOS="777" VPOS="544" WIDTH="15"/>
						<String ID="P144_ST00084" HPOS="792" VPOS="511" WIDTH="27" HEIGHT="22" CONTENT="to" WC="0.92" CC="10"/>
						<SP ID="P144_SP00073" HPOS="819" VPOS="544" WIDTH="14"/>
						<String ID="P144_ST00085" HPOS="833" VPOS="516" WIDTH="15" HEIGHT="17" CONTENT="a" WC="1.00" CC="0"/>
						<SP ID="P144_SP00074" HPOS="848" VPOS="544" WIDTH="14"/>
						<String ID="P144_ST00086" HPOS="862" VPOS="507" WIDTH="69" HEIGHT="36" CONTENT="pitch" WC="0.93" CC="01001"/>
					</TextLine>
					<TextLine ID="P144_TL00012" HPOS="123" VPOS="554" WIDTH="808" HEIGHT="36">
						<String ID="P144_ST00087" HPOS="123" VPOS="565" WIDTH="30" HEIGHT="17" CONTENT="as" WC="1.00" CC="00"/>
						<SP ID="P144_SP00075" HPOS="153" VPOS="582" WIDTH="21"/>
						<String ID="P144_ST00088" HPOS="174" VPOS="555" WIDTH="125" HEIGHT="35" CONTENT="thrilling" WC="0.73" CC="072044050"/>
						<SP ID="P144_SP00076" HPOS="299" VPOS="590" WIDTH="19"/>
						<String ID="P144_ST00089" HPOS="318" VPOS="564" WIDTH="30" HEIGHT="18" CONTENT="as" WC="0.89" CC="20"/>
						<SP ID="P144_SP00077" HPOS="348" VPOS="590" WIDTH="22"/>
						<String ID="P144_ST00090" HPOS="370" VPOS="554" WIDTH="107" HEIGHT="35" CONTENT="though" WC="0.88" CC="000007"/>
						<SP ID="P144_SP00078" HPOS="477" VPOS="590" WIDTH="23"/>
						<String ID="P144_ST00091" HPOS="500" VPOS="554" WIDTH="34" HEIGHT="27" CONTENT="he" WC="0.81" CC="30"/>
						<SP ID="P144_SP00079" HPOS="534" VPOS="590" WIDTH="24"/>
						<String ID="P144_ST00092" HPOS="558" VPOS="554" WIDTH="47" HEIGHT="27" CONTENT="felt" WC="0.78" CC="0043"/>
						<SP ID="P144_SP00080" HPOS="605" VPOS="590" WIDTH="21"/>
						<String ID="P144_ST00093" HPOS="626" VPOS="554" WIDTH="168" HEIGHT="28" CONTENT="determined" WC="0.91" CC="0000510200"/>
						<SP ID="P144_SP00081" HPOS="794" VPOS="590" WIDTH="24"/>
						<String ID="P144_ST00094" HPOS="818" VPOS="559" WIDTH="27" HEIGHT="23" CONTENT="to" WC="0.78" CC="40"/>
						<SP ID="P144_SP00082" HPOS="845" VPOS="590" WIDTH="20"/>
						<String ID="P144_ST00095" HPOS="865" VPOS="554" WIDTH="66" HEIGHT="28" CONTENT="close" WC="1.00" CC="00000"/>
					</TextLine>
					<TextLine ID="P144_TL00013" HPOS="124" VPOS="602" WIDTH="807" HEIGHT="36">
						<String ID="P144_ST00096" HPOS="124" VPOS="603" WIDTH="85" HEIGHT="27" CONTENT="either" WC="0.86" CC="000205"/>
						<SP ID="P144_SP00083" HPOS="209" VPOS="630" WIDTH="20"/>
						<String ID="P144_ST00097" HPOS="229" VPOS="602" WIDTH="42" HEIGHT="26" CONTENT="his" WC="0.67" CC="152"/>
						<SP ID="P144_SP00084" HPOS="271" VPOS="630" WIDTH="21"/>
						<String ID="P144_ST00098" HPOS="292" VPOS="611" WIDTH="59" HEIGHT="18" CONTENT="own" WC="0.85" CC="400"/>
						<SP ID="P144_SP00085" HPOS="351" VPOS="630" WIDTH="21"/>
						<String ID="P144_ST00099" HPOS="372" VPOS="602" WIDTH="52" HEIGHT="35" CONTENT="lips" WC="0.45" CC="5096"/>
						<SP ID="P144_SP00086" HPOS="424" VPOS="637" WIDTH="20"/>
						<String ID="P144_ST00100" HPOS="444" VPOS="610" WIDTH="29" HEIGHT="18" CONTENT="or" WC="0.65" CC="33"/>
						<SP ID="P144_SP00087" HPOS="473" VPOS="637" WIDTH="13"/>
						<String ID="P144_ST00101" HPOS="486" VPOS="610" WIDTH="48" HEIGHT="18" CONTENT="our" WC="0.91" CC="002"/>
						<SP ID="P144_SP00088" HPOS="534" VPOS="637" WIDTH="15"/>
						<String ID="P144_ST00102" HPOS="549" VPOS="610" WIDTH="57" HEIGHT="19" CONTENT="ears" WC="0.69" CC="0371"/>
						<SP ID="P144_SP00089" HPOS="606" VPOS="637" WIDTH="21"/>
						<String ID="P144_ST00103" HPOS="627" VPOS="603" WIDTH="27" HEIGHT="25" CONTENT="in" WC="0.82" CC="03"/>
						<SP ID="P144_SP00090" HPOS="654" VPOS="637" WIDTH="19"/>
						<String ID="P144_ST00104" HPOS="673" VPOS="602" WIDTH="141" HEIGHT="36" CONTENT="perpetual" WC="0.79" CC="000706300"/>
						<SP ID="P144_SP00091" HPOS="814" VPOS="638" WIDTH="14"/>
						<String ID="P144_ST00105" HPOS="828" VPOS="602" WIDTH="103" HEIGHT="27" CONTENT="silence." WC="0.77" CC="64501000"/>
					</TextLine>
					<TextLine ID="P144_TL00014" HPOS="124" VPOS="648" WIDTH="808" HEIGHT="37">
						<String ID="P144_ST00106" HPOS="124" VPOS="649" WIDTH="27" HEIGHT="27" CONTENT="It" WC="0.70" CC="05"/>
						<SP ID="P144_SP00092" HPOS="151" VPOS="676" WIDTH="14"/>
						<String ID="P144_ST00107" HPOS="165" VPOS="659" WIDTH="53" HEIGHT="17" CONTENT="was" WC="0.70" CC="503"/>
						<SP ID="P144_SP00093" HPOS="218" VPOS="676" WIDTH="14"/>
						<String ID="P144_ST00108" HPOS="232" VPOS="659" WIDTH="142" HEIGHT="26" CONTENT="necessary" WC="0.81" CC="000021066"/>
						<SP ID="P144_SP00094" HPOS="374" VPOS="685" WIDTH="15"/>
						<String ID="P144_ST00109" HPOS="389" VPOS="654" WIDTH="27" HEIGHT="22" CONTENT="to" WC="0.68" CC="60"/>
						<SP ID="P144_SP00095" HPOS="416" VPOS="685" WIDTH="15"/>
						<String ID="P144_ST00110" HPOS="431" VPOS="648" WIDTH="63" HEIGHT="27" CONTENT="hear" WC="0.62" CC="6035"/>
						<SP ID="P144_SP00096" HPOS="494" VPOS="685" WIDTH="15"/>
						<String ID="P144_ST00111" HPOS="509" VPOS="649" WIDTH="46" HEIGHT="27" CONTENT="the" WC="0.77" CC="060"/>
						<SP ID="P144_SP00097" HPOS="555" VPOS="685" WIDTH="9"/>
						<String ID="P144_ST00112" HPOS="564" VPOS="648" WIDTH="88" HEIGHT="34" CONTENT="effort," WC="0.68" CC="2042434"/>
						<SP ID="P144_SP00098" HPOS="652" VPOS="685" WIDTH="15"/>
						<String ID="P144_ST00113" HPOS="667" VPOS="650" WIDTH="53" HEIGHT="26" CONTENT="and" WC="0.86" CC="040"/>
						<SP ID="P144_SP00099" HPOS="720" VPOS="685" WIDTH="12"/>
						<String ID="P144_ST00114" HPOS="732" VPOS="659" WIDTH="44" HEIGHT="17" CONTENT="see" WC="1.00" CC="000"/>
						<SP ID="P144_SP00100" HPOS="776" VPOS="685" WIDTH="12"/>
						<String ID="P144_ST00115" HPOS="788" VPOS="648" WIDTH="45" HEIGHT="28" CONTENT="the" WC="0.81" CC="140"/>
						<SP ID="P144_SP00101" HPOS="833" VPOS="685" WIDTH="10"/>
						<String ID="P144_ST00116" HPOS="843" VPOS="649" WIDTH="89" HEIGHT="27" CONTENT="listen" SUBS_TYPE="HypPart1" SUBS_CONTENT="listening" WC="0.88" CC="0000034"/>
						<HYP CONTENT="-"/>
					</TextLine>
					<TextLine ID="P144_TL00015" HPOS="124" VPOS="696" WIDTH="808" HEIGHT="37">
						<String ID="P144_ST00117" HPOS="124" VPOS="697" WIDTH="48" HEIGHT="36" CONTENT="ing" SUBS_TYPE="HypPart2" SUBS_CONTENT="listening" WC="0.71" CC="250"/>
						<SP ID="P144_SP00102" HPOS="172" VPOS="733" WIDTH="20"/>
						<String ID="P144_ST00118" HPOS="192" VPOS="705" WIDTH="158" HEIGHT="24" CONTENT="concourse," WC="0.88" CC="0020005004"/>
						<SP ID="P144_SP00103" HPOS="350" VPOS="733" WIDTH="25"/>
						<String ID="P144_ST00119" HPOS="375" VPOS="700" WIDTH="28" HEIGHT="23" CONTENT="to" WC="1.00" CC="00"/>
						<SP ID="P144_SP00104" HPOS="403" VPOS="733" WIDTH="22"/>
						<String ID="P144_ST00120" HPOS="425" VPOS="696" WIDTH="100" HEIGHT="26" CONTENT="believe" WC="0.89" CC="0000006"/>
						<SP ID="P144_SP00105" HPOS="525" VPOS="733" WIDTH="23"/>
						<String ID="P144_ST00121" HPOS="548" VPOS="696" WIDTH="61" HEIGHT="26" CONTENT="that" WC="0.74" CC="0640"/>
						<SP ID="P144_SP00106" HPOS="609" VPOS="733" WIDTH="21"/>
						<String ID="P144_ST00122" HPOS="630" VPOS="697" WIDTH="68" HEIGHT="26" CONTENT="such" WC="0.73" CC="0604"/>
						<SP ID="P144_SP00107" HPOS="698" VPOS="733" WIDTH="23"/>
						<String ID="P144_ST00123" HPOS="721" VPOS="697" WIDTH="121" HEIGHT="26" CONTENT="tortured" WC="0.90" CC="00040300"/>
						<SP ID="P144_SP00108" HPOS="842" VPOS="733" WIDTH="23"/>
						<String ID="P144_ST00124" HPOS="865" VPOS="697" WIDTH="67" HEIGHT="26" CONTENT="faces" WC="0.84" CC="00008"/>
					</TextLine>
					<TextLine ID="P144_TL00016" HPOS="124" VPOS="743" WIDTH="807" HEIGHT="36">
						<String ID="P144_ST00125" HPOS="124" VPOS="743" WIDTH="53" HEIGHT="27" CONTENT="and" WC="1.00" CC="000"/>
						<SP ID="P144_SP00109" HPOS="177" VPOS="770" WIDTH="9"/>
						<String ID="P144_ST00126" HPOS="186" VPOS="743" WIDTH="136" HEIGHT="36" CONTENT="torturing" WC="0.87" CC="005003020"/>
						<SP ID="P144_SP00110" HPOS="322" VPOS="779" WIDTH="9"/>
						<String ID="P144_ST00127" HPOS="331" VPOS="743" WIDTH="102" HEIGHT="27" CONTENT="sounds" WC="0.91" CC="000203"/>
						<SP ID="P144_SP00111" HPOS="433" VPOS="779" WIDTH="11"/>
						<String ID="P144_ST00128" HPOS="444" VPOS="743" WIDTH="81" HEIGHT="27" CONTENT="could" WC="0.94" CC="00110"/>
						<SP ID="P144_SP00112" HPOS="525" VPOS="779" WIDTH="13"/>
						<String ID="P144_ST00129" HPOS="538" VPOS="753" WIDTH="60" HEIGHT="17" CONTENT="ever" WC="0.86" CC="0005"/>
						<SP ID="P144_SP00113" HPOS="598" VPOS="779" WIDTH="11"/>
						<String ID="P144_ST00130" HPOS="609" VPOS="744" WIDTH="33" HEIGHT="26" CONTENT="be" WC="0.88" CC="02"/>
						<SP ID="P144_SP00114" HPOS="642" VPOS="779" WIDTH="11"/>
						<String ID="P144_ST00131" HPOS="653" VPOS="744" WIDTH="131" HEIGHT="26" CONTENT="endured." WC="0.92" CC="03003000"/>
						<SP ID="P144_SP00115" HPOS="784" VPOS="779" WIDTH="22"/>
						<String ID="P144_ST00132" HPOS="806" VPOS="744" WIDTH="125" HEIGHT="32" CONTENT="Another," WC="0.92" CC="00030030"/>
					</TextLine>
					<TextLine ID="P144_TL00017" HPOS="124" VPOS="791" WIDTH="810" HEIGHT="36">
						<String ID="P144_ST00133" HPOS="124" VPOS="791" WIDTH="90" HEIGHT="27" CONTENT="whom" WC="0.63" CC="7700"/>
						<SP ID="P144_SP00116" HPOS="214" VPOS="818" WIDTH="28"/>
						<String ID="P144_ST00134" HPOS="242" VPOS="791" WIDTH="11" HEIGHT="26" CONTENT="I" WC="0.76" CC="2"/>
						<SP ID="P144_SP00117" HPOS="253" VPOS="818" WIDTH="26"/>
						<String ID="P144_ST00135" HPOS="279" VPOS="791" WIDTH="204" HEIGHT="34" CONTENT="unfortunately" WC="0.87" CC="0240110300030"/>
						<SP ID="P144_SP00118" HPOS="483" VPOS="825" WIDTH="23"/>
						<String ID="P144_ST00136" HPOS="506" VPOS="792" WIDTH="183" HEIGHT="26" CONTENT="encountered" WC="0.83" CC="00007420400"/>
						<SP ID="P144_SP00119" HPOS="689" VPOS="825" WIDTH="24"/>
						<String ID="P144_ST00137" HPOS="713" VPOS="792" WIDTH="152" HEIGHT="35" CONTENT="yesterday," WC="0.87" CC="6000020004"/>
						<SP ID="P144_SP00120" HPOS="865" VPOS="827" WIDTH="24"/>
						<String ID="P144_ST00138" HPOS="889" VPOS="792" WIDTH="45" HEIGHT="26" CONTENT="left" WC="1.00" CC="0000"/>
					</TextLine>
					<TextLine ID="P144_TL00018" HPOS="124" VPOS="837" WIDTH="809" HEIGHT="38">
						<String ID="P144_ST00139" HPOS="124" VPOS="837" WIDTH="68" HEIGHT="27" CONTENT="such" WC="0.84" CC="2003"/>
						<SP ID="P144_SP00121" HPOS="192" VPOS="864" WIDTH="15"/>
						<String ID="P144_ST00140" HPOS="207" VPOS="847" WIDTH="14" HEIGHT="16" CONTENT="a" WC="1.00" CC="0"/>
						<SP ID="P144_SP00122" HPOS="221" VPOS="864" WIDTH="16"/>
						<String ID="P144_ST00141" HPOS="237" VPOS="841" WIDTH="90" HEIGHT="32" CONTENT="stamp" WC="0.73" CC="60060"/>
						<SP ID="P144_SP00123" HPOS="327" VPOS="873" WIDTH="14"/>
						<String ID="P144_ST00142" HPOS="341" VPOS="838" WIDTH="31" HEIGHT="25" CONTENT="of" WC="0.79" CC="40"/>
						<SP ID="P144_SP00124" HPOS="372" VPOS="873" WIDTH="15"/>
						<String ID="P144_ST00143" HPOS="387" VPOS="837" WIDTH="41" HEIGHT="26" CONTENT="his" WC="0.71" CC="620"/>
						<SP ID="P144_SP00125" HPOS="428" VPOS="873" WIDTH="22"/>
						<String ID="P144_ST00144" HPOS="450" VPOS="837" WIDTH="139" HEIGHT="27" CONTENT="ludicrous" WC="0.83" CC="000006404"/>
						<SP ID="P144_SP00126" HPOS="589" VPOS="873" WIDTH="24"/>
						<String ID="P144_ST00145" HPOS="613" VPOS="847" WIDTH="168" HEIGHT="27" CONTENT="appearance" WC="0.77" CC="2000445600"/>
						<SP ID="P144_SP00127" HPOS="781" VPOS="874" WIDTH="15"/>
						<String ID="P144_ST00146" HPOS="796" VPOS="848" WIDTH="73" HEIGHT="27" CONTENT="upon" WC="0.72" CC="3016"/>
						<SP ID="P144_SP00128" HPOS="869" VPOS="875" WIDTH="21"/>
						<String ID="P144_ST00147" HPOS="890" VPOS="848" WIDTH="43" HEIGHT="27" CONTENT="my" WC="1.00" CC="00"/>
					</TextLine>
					<TextLine ID="P144_TL00019" HPOS="124" VPOS="885" WIDTH="809" HEIGHT="36">
						<String ID="P144_ST00148" HPOS="124" VPOS="885" WIDTH="190" HEIGHT="36" CONTENT="imagination," WC="0.64" CC="263900504144"/>
						<SP ID="P144_SP00129" HPOS="314" VPOS="921" WIDTH="14"/>
						<String ID="P144_ST00149" HPOS="328" VPOS="894" WIDTH="29" HEIGHT="17" CONTENT="as" WC="1.00" CC="00"/>
						<SP ID="P144_SP00130" HPOS="357" VPOS="921" WIDTH="16"/>
						<String ID="P144_ST00150" HPOS="373" VPOS="885" WIDTH="10" HEIGHT="25" CONTENT="I" WC="1.00" CC="0"/>
						<SP ID="P144_SP00131" HPOS="383" VPOS="921" WIDTH="17"/>
						<String ID="P144_ST00151" HPOS="400" VPOS="885" WIDTH="55" HEIGHT="26" CONTENT="fear" WC="0.99" CC="0000"/>
						<SP ID="P144_SP00132" HPOS="455" VPOS="921" WIDTH="11"/>
						<String ID="P144_ST00152" HPOS="466" VPOS="885" WIDTH="54" HEIGHT="26" CONTENT="will" WC="0.76" CC="0035"/>
						<SP ID="P144_SP00133" HPOS="520" VPOS="921" WIDTH="14"/>
						<String ID="P144_ST00153" HPOS="534" VPOS="885" WIDTH="87" HEIGHT="27" CONTENT="haunt" WC="0.84" CC="20050"/>
						<SP ID="P144_SP00134" HPOS="621" VPOS="921" WIDTH="12"/>
						<String ID="P144_ST00154" HPOS="633" VPOS="894" WIDTH="42" HEIGHT="18" CONTENT="me" WC="0.66" CC="60"/>
						<SP ID="P144_SP00135" HPOS="675" VPOS="921" WIDTH="13"/>
						<String ID="P144_ST00155" HPOS="688" VPOS="886" WIDTH="41" HEIGHT="26" CONTENT="for" WC="0.92" CC="002"/>
						<SP ID="P144_SP00136" HPOS="729" VPOS="921" WIDTH="11"/>
						<String ID="P144_ST00156" HPOS="740" VPOS="895" WIDTH="74" HEIGHT="18" CONTENT="some" WC="0.76" CC="0242"/>
						<SP ID="P144_SP00137" HPOS="814" VPOS="921" WIDTH="14"/>
						<String ID="P144_ST00157" HPOS="828" VPOS="886" WIDTH="63" HEIGHT="26" CONTENT="time" WC="0.93" CC="0200"/>
						<SP ID="P144_SP00138" HPOS="891" VPOS="921" WIDTH="17"/>
						<String ID="P144_ST00158" HPOS="908" VPOS="890" WIDTH="25" HEIGHT="23" CONTENT="to" WC="0.84" CC="30"/>
					</TextLine>
					<TextLine ID="P144_TL00020" HPOS="124" VPOS="941" WIDTH="87" HEIGHT="16">
						<String ID="P144_ST00159" HPOS="124" VPOS="941" WIDTH="87" HEIGHT="16" CONTENT="come." WC="0.94" CC="00003"/>
					</TextLine>
				</TextBlock>
				<TextBlock ID="P144_TB00004" HPOS="124" VPOS="977" WIDTH="809" HEIGHT="368" STYLEREFS="TXT_1 PAR_LEFT">
					<TextLine ID="P144_TL00021" HPOS="162" VPOS="978" WIDTH="771" HEIGHT="38">
						<String ID="P144_ST00160" HPOS="162" VPOS="978" WIDTH="76" HEIGHT="28" CONTENT="25th." WC="0.87" CC="42000"/>
						<String ID="P144_ST00161" HPOS="242" VPOS="995" WIDTH="35" HEIGHT="3" CONTENT="—" WC="0.20" CC="8"/>
						<String ID="P144_ST00162" HPOS="279" VPOS="979" WIDTH="66" HEIGHT="26" CONTENT="This" WC="0.68" CC="0245"/>
						<SP ID="P144_SP00139" HPOS="345" VPOS="1006" WIDTH="13"/>
						<String ID="P144_ST00163" HPOS="358" VPOS="979" WIDTH="136" HEIGHT="35" CONTENT="morning," WC="0.73" CC="20702403"/>
						<SP ID="P144_SP00140" HPOS="494" VPOS="1014" WIDTH="22"/>
						<String ID="P144_ST00164" HPOS="516" VPOS="979" WIDTH="45" HEIGHT="27" CONTENT="the" WC="0.77" CC="420"/>
						<SP ID="P144_SP00141" HPOS="561" VPOS="1014" WIDTH="14"/>
						<String ID="P144_ST00165" HPOS="575" VPOS="979" WIDTH="61" HEIGHT="27" CONTENT="fifth" WC="0.86" CC="00401"/>
						<SP ID="P144_SP00142" HPOS="636" VPOS="1014" WIDTH="17"/>
						<String ID="P144_ST00166" HPOS="653" VPOS="979" WIDTH="54" HEIGHT="37" CONTENT="day" WC="0.68" CC="009"/>
						<SP ID="P144_SP00143" HPOS="707" VPOS="1016" WIDTH="20"/>
						<String ID="P144_ST00167" HPOS="727" VPOS="979" WIDTH="69" HEIGHT="27" CONTENT="from" WC="0.93" CC="0002"/>
						<SP ID="P144_SP00144" HPOS="796" VPOS="1016" WIDTH="20"/>
						<String ID="P144_ST00168" HPOS="816" VPOS="979" WIDTH="34" HEIGHT="27" CONTENT="its" WC="0.58" CC="245"/>
						<SP ID="P144_SP00145" HPOS="850" VPOS="1016" WIDTH="14"/>
						<String ID="P144_ST00169" HPOS="864" VPOS="988" WIDTH="69" HEIGHT="18" CONTENT="com" SUBS_TYPE="HypPart1" SUBS_CONTENT="commencement," WC="0.98" CC="0000"/>
						<HYP CONTENT="-"/>
					</TextLine>
					<TextLine ID="P144_TL00022" HPOS="125" VPOS="1026" WIDTH="808" HEIGHT="36">
						<String ID="P144_ST00170" HPOS="125" VPOS="1031" WIDTH="180" HEIGHT="26" CONTENT="mencement," SUBS_TYPE="HypPart2" SUBS_CONTENT="commencement," WC="0.75" CC="0050050652"/>
						<SP ID="P144_SP00146" HPOS="305" VPOS="1057" WIDTH="22"/>
						<String ID="P144_ST00171" HPOS="327" VPOS="1026" WIDTH="45" HEIGHT="27" CONTENT="the" WC="0.65" CC="360"/>
						<SP ID="P144_SP00147" HPOS="372" VPOS="1057" WIDTH="22"/>
						<String ID="P144_ST00172" HPOS="394" VPOS="1027" WIDTH="126" HEIGHT="35" CONTENT="splendid" WC="0.86" CC="40003030"/>
						<SP ID="P144_SP00148" HPOS="520" VPOS="1062" WIDTH="23"/>
						<String ID="P144_ST00173" HPOS="543" VPOS="1035" WIDTH="81" HEIGHT="19" CONTENT="scene" WC="0.86" CC="00060"/>
						<SP ID="P144_SP00149" HPOS="624" VPOS="1062" WIDTH="21"/>
						<String ID="P144_ST00174" HPOS="645" VPOS="1027" WIDTH="103" HEIGHT="27" CONTENT="closed." WC="1.00" CC="0000000"/>
						<SP ID="P144_SP00150" HPOS="748" VPOS="1062" WIDTH="40"/>
						<String ID="P144_ST00175" HPOS="788" VPOS="1026" WIDTH="59" HEIGHT="27" CONTENT="The" WC="1.00" CC="000"/>
						<SP ID="P144_SP00151" HPOS="847" VPOS="1062" WIDTH="22"/>
						<String ID="P144_ST00176" HPOS="869" VPOS="1027" WIDTH="64" HEIGHT="26" CONTENT="revel" WC="0.92" CC="00004"/>
					</TextLine>
					<TextLine ID="P144_TL00023" HPOS="124" VPOS="1073" WIDTH="807" HEIGHT="37">
						<String ID="P144_ST00177" HPOS="124" VPOS="1083" WIDTH="55" HEIGHT="17" CONTENT="was" WC="0.82" CC="050"/>
						<SP ID="P144_SP00152" HPOS="179" VPOS="1100" WIDTH="15"/>
						<String ID="P144_ST00178" HPOS="194" VPOS="1073" WIDTH="68" HEIGHT="36" CONTENT="kept" WC="0.96" CC="0001"/>
						<SP ID="P144_SP00153" HPOS="262" VPOS="1109" WIDTH="19"/>
						<String ID="P144_ST00179" HPOS="281" VPOS="1084" WIDTH="36" HEIGHT="26" CONTENT="up" WC="1.00" CC="00"/>
						<SP ID="P144_SP00154" HPOS="317" VPOS="1110" WIDTH="15"/>
						<String ID="P144_ST00180" HPOS="332" VPOS="1073" WIDTH="35" HEIGHT="27" CONTENT="all" WC="0.81" CC="023"/>
						<SP ID="P144_SP00155" HPOS="367" VPOS="1110" WIDTH="14"/>
						<String ID="P144_ST00181" HPOS="381" VPOS="1073" WIDTH="53" HEIGHT="27" CONTENT="last" WC="0.56" CC="4920"/>
						<SP ID="P144_SP00156" HPOS="434" VPOS="1110" WIDTH="13"/>
						<String ID="P144_ST00182" HPOS="447" VPOS="1073" WIDTH="80" HEIGHT="36" CONTENT="night" WC="0.69" CC="52023"/>
						<String ID="P144_ST00183" HPOS="540" VPOS="1084" WIDTH="6" HEIGHT="22" CONTENT=";" WC="0.31" CC="6"/>
						<SP ID="P144_SP00157" HPOS="546" VPOS="1110" WIDTH="28"/>
						<String ID="P144_ST00184" HPOS="574" VPOS="1074" WIDTH="54" HEIGHT="27" CONTENT="and" WC="0.84" CC="040"/>
						<SP ID="P144_SP00158" HPOS="628" VPOS="1110" WIDTH="23"/>
						<String ID="P144_ST00185" HPOS="651" VPOS="1074" WIDTH="33" HEIGHT="27" CONTENT="he" WC="1.00" CC="00"/>
						<SP ID="P144_SP00159" HPOS="684" VPOS="1110" WIDTH="15"/>
						<String ID="P144_ST00186" HPOS="699" VPOS="1074" WIDTH="62" HEIGHT="27" CONTENT="who" WC="0.89" CC="030"/>
						<SP ID="P144_SP00160" HPOS="761" VPOS="1110" WIDTH="14"/>
						<String ID="P144_ST00187" HPOS="775" VPOS="1074" WIDTH="81" HEIGHT="27" CONTENT="could" WC="0.69" CC="00635"/>
						<SP ID="P144_SP00161" HPOS="856" VPOS="1110" WIDTH="14"/>
						<String ID="P144_ST00188" HPOS="870" VPOS="1081" WIDTH="61" HEIGHT="29" CONTENT="gaze" WC="0.57" CC="9070"/>
					</TextLine>
					<TextLine ID="P144_TL00024" HPOS="127" VPOS="1120" WIDTH="806" HEIGHT="37">
						<String ID="P144_ST00189" HPOS="127" VPOS="1130" WIDTH="72" HEIGHT="26" CONTENT="upon" WC="0.82" CC="7000"/>
						<SP ID="P144_SP00162" HPOS="199" VPOS="1156" WIDTH="14"/>
						<String ID="P144_ST00190" HPOS="213" VPOS="1121" WIDTH="46" HEIGHT="26" CONTENT="the" WC="0.80" CC="050"/>
						<SP ID="P144_SP00163" HPOS="259" VPOS="1156" WIDTH="15"/>
						<String ID="P144_ST00191" HPOS="274" VPOS="1120" WIDTH="83" HEIGHT="36" CONTENT="living" WC="0.61" CC="520518"/>
						<SP ID="P144_SP00164" HPOS="357" VPOS="1156" WIDTH="15"/>
						<String ID="P144_ST00192" HPOS="372" VPOS="1129" WIDTH="72" HEIGHT="18" CONTENT="mass" WC="0.62" CC="9400"/>
						<SP ID="P144_SP00165" HPOS="444" VPOS="1156" WIDTH="15"/>
						<String ID="P144_ST00193" HPOS="459" VPOS="1121" WIDTH="89" HEIGHT="26" CONTENT="which" WC="0.67" CC="62501"/>
						<SP ID="P144_SP00166" HPOS="548" VPOS="1156" WIDTH="20"/>
						<String ID="P144_ST00194" HPOS="568" VPOS="1121" WIDTH="22" HEIGHT="26" CONTENT="it" WC="1.00" CC="00"/>
						<SP ID="P144_SP00167" HPOS="590" VPOS="1156" WIDTH="20"/>
						<String ID="P144_ST00195" HPOS="610" VPOS="1122" WIDTH="163" HEIGHT="32" CONTENT="assembled," WC="0.90" CC="0020005002"/>
						<SP ID="P144_SP00168" HPOS="773" VPOS="1156" WIDTH="21"/>
						<String ID="P144_ST00196" HPOS="794" VPOS="1121" WIDTH="139" HEIGHT="36" CONTENT="especially" WC="0.85" CC="0600020014"/>
					</TextLine>
					<TextLine ID="P144_TL00025" HPOS="124" VPOS="1167" WIDTH="809" HEIGHT="38">
						<String ID="P144_ST00197" HPOS="124" VPOS="1168" WIDTH="69" HEIGHT="27" CONTENT="after" WC="0.76" CC="90002"/>
						<SP ID="P144_SP00169" HPOS="193" VPOS="1195" WIDTH="19"/>
						<String ID="P144_ST00198" HPOS="212" VPOS="1167" WIDTH="46" HEIGHT="28" CONTENT="the" WC="0.77" CC="131"/>
						<SP ID="P144_SP00170" HPOS="258" VPOS="1195" WIDTH="21"/>
						<String ID="P144_ST00199" HPOS="279" VPOS="1167" WIDTH="125" HEIGHT="28" CONTENT="labourer" WC="0.84" CC="20000504"/>
						<SP ID="P144_SP00171" HPOS="404" VPOS="1195" WIDTH="13"/>
						<String ID="P144_ST00200" HPOS="417" VPOS="1177" WIDTH="57" HEIGHT="18" CONTENT="was" WC="0.89" CC="030"/>
						<SP ID="P144_SP00172" HPOS="474" VPOS="1195" WIDTH="20"/>
						<String ID="P144_ST00201" HPOS="494" VPOS="1168" WIDTH="120" HEIGHT="27" CONTENT="released" WC="0.94" CC="40000000"/>
						<SP ID="P144_SP00173" HPOS="614" VPOS="1195" WIDTH="21"/>
						<String ID="P144_ST00202" HPOS="635" VPOS="1169" WIDTH="69" HEIGHT="26" CONTENT="from" WC="0.85" CC="0005"/>
						<SP ID="P144_SP00174" HPOS="704" VPOS="1195" WIDTH="21"/>
						<String ID="P144_ST00203" HPOS="725" VPOS="1169" WIDTH="43" HEIGHT="26" CONTENT="his" WC="0.69" CC="511"/>
						<SP ID="P144_SP00175" HPOS="768" VPOS="1195" WIDTH="13"/>
						<String ID="P144_ST00204" HPOS="781" VPOS="1169" WIDTH="73" HEIGHT="36" CONTENT="daily" WC="0.92" CC="00030"/>
						<SP ID="P144_SP00176" HPOS="854" VPOS="1205" WIDTH="13"/>
						<String ID="P144_ST00205" HPOS="867" VPOS="1168" WIDTH="66" HEIGHT="32" CONTENT="task," WC="0.71" CC="04703"/>
					</TextLine>
					<TextLine ID="P144_TL00026" HPOS="125" VPOS="1215" WIDTH="808" HEIGHT="36">
						<String ID="P144_ST00206" HPOS="125" VPOS="1216" WIDTH="53" HEIGHT="25" CONTENT="and" WC="0.78" CC="060"/>
						<SP ID="P144_SP00177" HPOS="178" VPOS="1241" WIDTH="15"/>
						<String ID="P144_ST00207" HPOS="193" VPOS="1219" WIDTH="48" HEIGHT="23" CONTENT="not" WC="0.82" CC="005"/>
						<SP ID="P144_SP00178" HPOS="241" VPOS="1242" WIDTH="14"/>
						<String ID="P144_ST00208" HPOS="255" VPOS="1215" WIDTH="52" HEIGHT="27" CONTENT="feel" WC="1.00" CC="0000"/>
						<SP ID="P144_SP00179" HPOS="307" VPOS="1242" WIDTH="14"/>
						<String ID="P144_ST00209" HPOS="321" VPOS="1216" WIDTH="46" HEIGHT="26" CONTENT="the" WC="0.95" CC="010"/>
						<SP ID="P144_SP00180" HPOS="367" VPOS="1242" WIDTH="11"/>
						<String ID="P144_ST00210" HPOS="378" VPOS="1216" WIDTH="114" HEIGHT="35" CONTENT="deepest" WC="0.98" CC="0000010"/>
						<SP ID="P144_SP00181" HPOS="492" VPOS="1251" WIDTH="10"/>
						<String ID="P144_ST00211" HPOS="502" VPOS="1217" WIDTH="174" HEIGHT="34" CONTENT="compassion" WC="0.72" CC="0020626504"/>
						<SP ID="P144_SP00182" HPOS="676" VPOS="1251" WIDTH="11"/>
						<String ID="P144_ST00212" HPOS="687" VPOS="1216" WIDTH="41" HEIGHT="27" CONTENT="for" WC="0.87" CC="003"/>
						<SP ID="P144_SP00183" HPOS="728" VPOS="1251" WIDTH="11"/>
						<String ID="P144_ST00213" HPOS="739" VPOS="1216" WIDTH="46" HEIGHT="27" CONTENT="the" WC="0.84" CC="040"/>
						<SP ID="P144_SP00184" HPOS="785" VPOS="1251" WIDTH="12"/>
						<String ID="P144_ST00214" HPOS="797" VPOS="1216" WIDTH="136" HEIGHT="35" CONTENT="ignorance" WC="0.81" CC="105010700"/>
					</TextLine>
					<TextLine ID="P144_TL00027" HPOS="126" VPOS="1262" WIDTH="807" HEIGHT="32">
						<String ID="P144_ST00215" HPOS="126" VPOS="1262" WIDTH="53" HEIGHT="27" CONTENT="and" WC="0.59" CC="740"/>
						<SP ID="P144_SP00185" HPOS="179" VPOS="1289" WIDTH="22"/>
						<String ID="P144_ST00216" HPOS="201" VPOS="1262" WIDTH="166" HEIGHT="27" CONTENT="infatuation" WC="0.79" CC="05000505006"/>
						<SP ID="P144_SP00186" HPOS="367" VPOS="1289" WIDTH="22"/>
						<String ID="P144_ST00217" HPOS="389" VPOS="1262" WIDTH="29" HEIGHT="27" CONTENT="of" WC="0.89" CC="10"/>
						<SP ID="P144_SP00187" HPOS="418" VPOS="1289" WIDTH="20"/>
						<String ID="P144_ST00218" HPOS="438" VPOS="1263" WIDTH="46" HEIGHT="26" CONTENT="the" WC="0.97" CC="000"/>
						<SP ID="P144_SP00188" HPOS="484" VPOS="1289" WIDTH="21"/>
						<String ID="P144_ST00219" HPOS="505" VPOS="1263" WIDTH="105" HEIGHT="31" CONTENT="nation," WC="0.66" CC="4404063"/>
						<SP ID="P144_SP00189" HPOS="610" VPOS="1294" WIDTH="22"/>
						<String ID="P144_ST00220" HPOS="632" VPOS="1267" WIDTH="75" HEIGHT="22" CONTENT="must" WC="0.87" CC="5000"/>
						<SP ID="P144_SP00190" HPOS="707" VPOS="1294" WIDTH="20"/>
						<String ID="P144_ST00221" HPOS="727" VPOS="1263" WIDTH="114" HEIGHT="27" CONTENT="himself" WC="0.82" CC="2360000"/>
						<SP ID="P144_SP00191" HPOS="841" VPOS="1294" WIDTH="15"/>
						<String ID="P144_ST00222" HPOS="856" VPOS="1263" WIDTH="32" HEIGHT="26" CONTENT="be" WC="1.00" CC="00"/>
						<SP ID="P144_SP00192" HPOS="888" VPOS="1294" WIDTH="20"/>
						<String ID="P144_ST00223" HPOS="908" VPOS="1272" WIDTH="25" HEIGHT="17" CONTENT="as" WC="0.66" CC="06"/>
					</TextLine>
					<TextLine ID="P144_TL00028" HPOS="126" VPOS="1309" WIDTH="687" HEIGHT="36">
						<String ID="P144_ST00224" HPOS="126" VPOS="1309" WIDTH="72" HEIGHT="35" CONTENT="truly" WC="0.69" CC="00680"/>
						<SP ID="P144_SP00193" HPOS="198" VPOS="1344" WIDTH="14"/>
						<String ID="P144_ST00225" HPOS="212" VPOS="1309" WIDTH="113" HEIGHT="35" CONTENT="pitiable" WC="0.80" CC="96000000"/>
						<SP ID="P144_SP00194" HPOS="325" VPOS="1344" WIDTH="14"/>
						<String ID="P144_ST00226" HPOS="339" VPOS="1318" WIDTH="29" HEIGHT="17" CONTENT="as" WC="0.70" CC="41"/>
						<SP ID="P144_SP00195" HPOS="368" VPOS="1344" WIDTH="14"/>
						<String ID="P144_ST00227" HPOS="382" VPOS="1309" WIDTH="79" HEIGHT="27" CONTENT="those" WC="0.80" CC="00242"/>
						<SP ID="P144_SP00196" HPOS="461" VPOS="1344" WIDTH="14"/>
						<String ID="P144_ST00228" HPOS="475" VPOS="1309" WIDTH="89" HEIGHT="27" CONTENT="whom" WC="0.60" CC="8303"/>
						<SP ID="P144_SP00197" HPOS="564" VPOS="1344" WIDTH="14"/>
						<String ID="P144_ST00229" HPOS="578" VPOS="1310" WIDTH="34" HEIGHT="27" CONTENT="he" WC="0.65" CC="70"/>
						<SP ID="P144_SP00198" HPOS="612" VPOS="1344" WIDTH="14"/>
						<String ID="P144_ST00230" HPOS="626" VPOS="1314" WIDTH="104" HEIGHT="23" CONTENT="cannot" WC="0.83" CC="003303"/>
						<SP ID="P144_SP00199" HPOS="730" VPOS="1344" WIDTH="15"/>
						<String ID="P144_ST00231" HPOS="745" VPOS="1311" WIDTH="68" HEIGHT="34" CONTENT="pity." WC="0.71" CC="03550"/>
					</TextLine>
				</TextBlock>
				<TextBlock ID="P144_TB00005" HPOS="125" VPOS="1356" WIDTH="812" HEIGHT="83" STYLEREFS="TXT_1 PAR_LEFT">
					<TextLine ID="P144_TL00029" HPOS="163" VPOS="1356" WIDTH="774" HEIGHT="37">
						<String ID="P144_ST00232" HPOS="163" VPOS="1357" WIDTH="44" HEIGHT="25" CONTENT="An" WC="0.75" CC="05"/>
						<SP ID="P144_SP00200" HPOS="207" VPOS="1382" WIDTH="14"/>
						<String ID="P144_ST00233" HPOS="221" VPOS="1356" WIDTH="156" HEIGHT="36" CONTENT="intelligent" WC="0.90" CC="00004100040"/>
						<SP ID="P144_SP00201" HPOS="377" VPOS="1392" WIDTH="14"/>
						<String ID="P144_ST00234" HPOS="391" VPOS="1357" WIDTH="156" HEIGHT="26" CONTENT="Chinaman" WC="0.58" CC="35240951"/>
						<SP ID="P144_SP00202" HPOS="547" VPOS="1392" WIDTH="14"/>
						<String ID="P144_ST00235" HPOS="561" VPOS="1358" WIDTH="169" HEIGHT="33" CONTENT="mentioned," WC="0.83" CC="0060006004"/>
						<SP ID="P144_SP00203" HPOS="730" VPOS="1392" WIDTH="18"/>
						<String ID="P144_ST00236" HPOS="748" VPOS="1358" WIDTH="63" HEIGHT="25" CONTENT="that" WC="0.73" CC="0630"/>
						<SP ID="P144_SP00204" HPOS="811" VPOS="1392" WIDTH="14"/>
						<String ID="P144_ST00237" HPOS="825" VPOS="1366" WIDTH="15" HEIGHT="18" CONTENT="a" WC="0.85" CC="1"/>
						<SP ID="P144_SP00205" HPOS="840" VPOS="1392" WIDTH="19"/>
						<String ID="P144_ST00238" HPOS="859" VPOS="1356" WIDTH="78" HEIGHT="37" CONTENT="priest" WC="0.72" CC="043053"/>
					</TextLine>
					<TextLine ID="P144_TL00030" HPOS="125" VPOS="1402" WIDTH="812" HEIGHT="37">
						<String ID="P144_ST00239" HPOS="125" VPOS="1402" WIDTH="149" HEIGHT="36" CONTENT="belonging" WC="0.60" CC="605040368"/>
						<SP ID="P144_SP00206" HPOS="274" VPOS="1438" WIDTH="21"/>
						<String ID="P144_ST00240" HPOS="295" VPOS="1408" WIDTH="28" HEIGHT="22" CONTENT="to" WC="0.69" CC="32"/>
						<SP ID="P144_SP00207" HPOS="323" VPOS="1438" WIDTH="17"/>
						<String ID="P144_ST00241" HPOS="340" VPOS="1403" WIDTH="47" HEIGHT="29" CONTENT="the" WC="0.92" CC="020"/>
						<SP ID="P144_SP00208" HPOS="387" VPOS="1438" WIDTH="20"/>
						<String ID="P144_ST00242" HPOS="407" VPOS="1404" WIDTH="100" HEIGHT="35" CONTENT="temple" WC="0.81" CC="004060"/>
						<SP ID="P144_SP00209" HPOS="507" VPOS="1439" WIDTH="19"/>
						<String ID="P144_ST00243" HPOS="526" VPOS="1404" WIDTH="31" HEIGHT="27" CONTENT="of" WC="0.80" CC="03"/>
						<SP ID="P144_SP00210" HPOS="557" VPOS="1439" WIDTH="16"/>
						<String ID="P144_ST00244" HPOS="573" VPOS="1405" WIDTH="47" HEIGHT="27" CONTENT="the" WC="0.89" CC="030"/>
						<SP ID="P144_SP00211" HPOS="620" VPOS="1439" WIDTH="18"/>
						<String ID="P144_ST00245" HPOS="638" VPOS="1404" WIDTH="55" HEIGHT="35" CONTENT="god" WC="1.00" CC="000"/>
						<SP ID="P144_SP00212" HPOS="693" VPOS="1439" WIDTH="16"/>
						<String ID="P144_ST00246" HPOS="709" VPOS="1404" WIDTH="93" HEIGHT="28" CONTENT="whose" WC="0.65" CC="90510"/>
						<SP ID="P144_SP00213" HPOS="802" VPOS="1439" WIDTH="18"/>
						<String ID="P144_ST00247" HPOS="820" VPOS="1404" WIDTH="117" HEIGHT="35" CONTENT="tutelage" WC="0.75" CC="44000090"/>
					</TextLine>
				</TextBlock>
			</PrintSpace>
		</Page>
	</Layout>
</alto>
