<?xml version="1.0" encoding="UTF-8"?>
<alto xmlns:xsi="http://www.w3.org/2001/XMLSchema-instance" xsi:noNamespaceSchemaLocation="http://www.bl.uk/schemas/alto/alto-1-4.xsd" xmlns:xlink="http://www.w3.org/1999/xlink">
	<Description>
		<MeasurementUnit>mm10</MeasurementUnit>
		<sourceImageInformation>
			<fileName>//head1/IN/2008-15/A0011390163/005143.jp2</fileName>
		</sourceImageInformation>
		<OCRProcessing ID="OCRPROCESSING_1">
			<preProcessingStep>
				<processingSoftware>
					<softwareCreator>CCS Content Conversion Specialists GmbH, Germany</softwareCreator>
					<softwareName>CCS docWORKS</softwareName>
					<softwareVersion>6.1-0.67</softwareVersion>
				</processingSoftware>
			</preProcessingStep>
			<ocrProcessingStep>
				<processingSoftware>
					<softwareCreator>ABBYY (BIT Software), Russia</softwareCreator>
					<softwareName>Finereader</softwareName>
				</processingSoftware>
			</ocrProcessingStep>
		</OCRProcessing>
	</Description>
	<Styles>
		<TextStyle ID="TXT_0" FONTSIZE="10" FONTFAMILY="Courier New"/>
		<TextStyle ID="TXT_1" FONTSIZE="9" FONTFAMILY="Courier New"/>
		<ParagraphStyle ID="PAR_RIGHT" ALIGN="Right"/>
		<ParagraphStyle ID="PAR_CENTER" ALIGN="Center"/>
		<ParagraphStyle ID="PAR_LEFT" ALIGN="Left"/>
	</Styles>
	<Layout>
		<Page ID="P367" PHYSICAL_IMG_NR="367" HEIGHT="1595" WIDTH="960" PRINTED_IMG_NR="329" POSITION="Right" ACCURACY="81.16">
			<TopMargin ID="P367_TM00001" HPOS="0" VPOS="0" WIDTH="960" HEIGHT="85">
				<TextBlock ID="P367_TB00001" HPOS="814" VPOS="58" WIDTH="52" HEIGHT="25" STYLEREFS="TXT_0 PAR_RIGHT">
					<TextLine ID="P367_TL00001" HPOS="814" VPOS="59" WIDTH="52" HEIGHT="24">
						<String ID="P367_ST00001" HPOS="814" VPOS="59" WIDTH="52" HEIGHT="24" CONTENT="329" WC="0.70" CC="160"/>
					</TextLine>
				</TextBlock>
				<TextBlock ID="P367_TB00002" HPOS="288" VPOS="61" WIDTH="353" HEIGHT="22" STYLEREFS="TXT_1 PAR_CENTER">
					<TextLine ID="P367_TL00002" HPOS="289" VPOS="63" WIDTH="352" HEIGHT="20">
						<String ID="P367_ST00002" HPOS="289" VPOS="63" WIDTH="190" HEIGHT="19" CONTENT="PHILIPPINE" WC="0.50" CC="6070346497"/>
						<SP ID="P367_SP00001" HPOS="479" VPOS="82" WIDTH="18"/>
						<String ID="P367_ST00003" HPOS="497" VPOS="65" WIDTH="144" HEIGHT="18" CONTENT="ISLANDS." WC="0.72" CC="60090600"/>
					</TextLine>
				</TextBlock>
			</TopMargin>
			<LeftMargin ID="P367_LM00001" HPOS="0" VPOS="85" WIDTH="55" HEIGHT="1197"/>
			<RightMargin ID="P367_RM00001" HPOS="871" VPOS="85" WIDTH="89" HEIGHT="1197"/>
			<BottomMargin ID="P367_BM00001" HPOS="0" VPOS="1282" WIDTH="960" HEIGHT="313"/>
			<PrintSpace ID="P367_PS00001" HPOS="55" VPOS="85" WIDTH="816" HEIGHT="1197">
				<TextBlock ID="P367_TB00003" HPOS="56" VPOS="121" WIDTH="812" HEIGHT="83" STYLEREFS="TXT_1 PAR_LEFT">
					<TextLine ID="P367_TL00003" HPOS="57" VPOS="121" WIDTH="811" HEIGHT="43">
						<String ID="P367_ST00004" HPOS="57" VPOS="121" WIDTH="45" HEIGHT="27" CONTENT="the" WC="0.58" CC="750"/>
						<SP ID="P367_SP00002" HPOS="102" VPOS="148" WIDTH="14"/>
						<String ID="P367_ST00005" HPOS="116" VPOS="122" WIDTH="128" HEIGHT="37" CONTENT="majority" WC="0.94" CC="00004000"/>
						<SP ID="P367_SP00003" HPOS="244" VPOS="159" WIDTH="14"/>
						<String ID="P367_ST00006" HPOS="258" VPOS="124" WIDTH="31" HEIGHT="27" CONTENT="of" WC="0.52" CC="62"/>
						<SP ID="P367_SP00004" HPOS="289" VPOS="159" WIDTH="16"/>
						<String ID="P367_ST00007" HPOS="305" VPOS="125" WIDTH="76" HEIGHT="27" CONTENT="them" WC="0.72" CC="0307"/>
						<SP ID="P367_SP00005" HPOS="381" VPOS="159" WIDTH="19"/>
						<String ID="P367_ST00008" HPOS="400" VPOS="126" WIDTH="159" HEIGHT="28" CONTENT="refinement" WC="0.88" CC="3000205000"/>
						<SP ID="P367_SP00006" HPOS="559" VPOS="159" WIDTH="20"/>
						<String ID="P367_ST00009" HPOS="579" VPOS="128" WIDTH="108" HEIGHT="36" CONTENT="enough" WC="0.89" CC="020300"/>
						<SP ID="P367_SP00007" HPOS="687" VPOS="164" WIDTH="21"/>
						<String ID="P367_ST00010" HPOS="708" VPOS="133" WIDTH="28" HEIGHT="22" CONTENT="to" WC="0.97" CC="00"/>
						<SP ID="P367_SP00008" HPOS="736" VPOS="164" WIDTH="19"/>
						<String ID="P367_ST00011" HPOS="755" VPOS="128" WIDTH="79" HEIGHT="27" CONTENT="think" WC="0.61" CC="35550"/>
						<SP ID="P367_SP00009" HPOS="834" VPOS="164" WIDTH="15"/>
						<String ID="P367_ST00012" HPOS="849" VPOS="129" WIDTH="19" HEIGHT="25" CONTENT="it" WC="0.73" CC="05"/>
					</TextLine>
					<TextLine ID="P367_TL00004" HPOS="57" VPOS="170" WIDTH="177" HEIGHT="34">
						<String ID="P367_ST00013" HPOS="57" VPOS="170" WIDTH="177" HEIGHT="34" CONTENT='becoming."' WC="0.79" CC="0000036036"/>
					</TextLine>
				</TextBlock>
				<TextBlock ID="P367_TB00004" HPOS="56" VPOS="215" WIDTH="812" HEIGHT="415" STYLEREFS="TXT_1 PAR_LEFT">
					<TextLine ID="P367_TL00005" HPOS="94" VPOS="216" WIDTH="774" HEIGHT="40">
						<String ID="P367_ST00014" HPOS="94" VPOS="216" WIDTH="62" HEIGHT="27" CONTENT="One" WC="0.64" CC="450"/>
						<SP ID="P367_SP00010" HPOS="156" VPOS="243" WIDTH="26"/>
						<String ID="P367_ST00015" HPOS="182" VPOS="226" WIDTH="96" HEIGHT="18" CONTENT="source" WC="0.94" CC="000300"/>
						<SP ID="P367_SP00011" HPOS="278" VPOS="244" WIDTH="26"/>
						<String ID="P367_ST00016" HPOS="304" VPOS="219" WIDTH="32" HEIGHT="26" CONTENT="of" WC="0.86" CC="20"/>
						<SP ID="P367_SP00012" HPOS="336" VPOS="245" WIDTH="13"/>
						<String ID="P367_ST00017" HPOS="349" VPOS="219" WIDTH="58" HEIGHT="27" CONTENT="vice" WC="1.00" CC="0000"/>
						<SP ID="P367_SP00013" HPOS="407" VPOS="246" WIDTH="22"/>
						<String ID="P367_ST00018" HPOS="429" VPOS="220" WIDTH="52" HEIGHT="27" CONTENT="and" WC="0.59" CC="740"/>
						<SP ID="P367_SP00014" HPOS="481" VPOS="247" WIDTH="26"/>
						<String ID="P367_ST00019" HPOS="507" VPOS="225" WIDTH="112" HEIGHT="31" CONTENT="poverty" WC="0.83" CC="0000650"/>
						<SP ID="P367_SP00015" HPOS="619" VPOS="256" WIDTH="21"/>
						<String ID="P367_ST00020" HPOS="640" VPOS="231" WIDTH="100" HEIGHT="25" CONTENT="among" WC="0.71" CC="30650"/>
						<SP ID="P367_SP00016" HPOS="740" VPOS="256" WIDTH="18"/>
						<String ID="P367_ST00021" HPOS="758" VPOS="222" WIDTH="47" HEIGHT="26" CONTENT="the" WC="0.78" CC="060"/>
						<SP ID="P367_SP00017" HPOS="805" VPOS="256" WIDTH="16"/>
						<String ID="P367_ST00022" HPOS="821" VPOS="230" WIDTH="47" HEIGHT="18" CONTENT="na" SUBS_TYPE="HypPart1" SUBS_CONTENT="natives," WC="0.53" CC="291"/>
						<HYP CONTENT="-"/>
					</TextLine>
					<TextLine ID="P367_TL00006" HPOS="57" VPOS="264" WIDTH="811" HEIGHT="39">
						<String ID="P367_ST00023" HPOS="57" VPOS="264" WIDTH="77" HEIGHT="32" CONTENT="tives," SUBS_TYPE="HypPart2" SUBS_CONTENT="natives," WC="0.68" CC="760022"/>
						<SP ID="P367_SP00018" HPOS="134" VPOS="296" WIDTH="27"/>
						<String ID="P367_ST00024" HPOS="161" VPOS="264" WIDTH="22" HEIGHT="26" CONTENT="is" WC="1.00" CC="00"/>
						<SP ID="P367_SP00019" HPOS="183" VPOS="296" WIDTH="28"/>
						<String ID="P367_ST00025" HPOS="211" VPOS="264" WIDTH="48" HEIGHT="27" CONTENT="the" WC="1.00" CC="000"/>
						<SP ID="P367_SP00020" HPOS="259" VPOS="296" WIDTH="27"/>
						<String ID="P367_ST00026" HPOS="286" VPOS="266" WIDTH="114" HEIGHT="27" CONTENT="number" WC="0.86" CC="520000"/>
						<SP ID="P367_SP00021" HPOS="400" VPOS="296" WIDTH="22"/>
						<String ID="P367_ST00027" HPOS="422" VPOS="267" WIDTH="31" HEIGHT="26" CONTENT="of" WC="0.83" CC="30"/>
						<SP ID="P367_SP00022" HPOS="453" VPOS="296" WIDTH="20"/>
						<String ID="P367_ST00028" HPOS="473" VPOS="268" WIDTH="128" HEIGHT="35" CONTENT="religious" WC="0.87" CC="003700001"/>
						<SP ID="P367_SP00023" HPOS="601" VPOS="303" WIDTH="21"/>
						<String ID="P367_ST00029" HPOS="622" VPOS="268" WIDTH="178" HEIGHT="26" CONTENT="observances" WC="0.79" CC="06000006055"/>
						<SP ID="P367_SP00024" HPOS="800" VPOS="303" WIDTH="19"/>
						<String ID="P367_ST00030" HPOS="819" VPOS="267" WIDTH="49" HEIGHT="27" CONTENT="im" SUBS_TYPE="HypPart1" SUBS_CONTENT="imposed" WC="0.73" CC="061"/>
						<HYP CONTENT="-"/>
					</TextLine>
					<TextLine ID="P367_TL00007" HPOS="59" VPOS="311" WIDTH="809" HEIGHT="36">
						<String ID="P367_ST00031" HPOS="59" VPOS="311" WIDTH="83" HEIGHT="36" CONTENT="posed" SUBS_TYPE="HypPart2" SUBS_CONTENT="imposed" WC="0.83" CC="80000"/>
						<SP ID="P367_SP00025" HPOS="142" VPOS="347" WIDTH="14"/>
						<String ID="P367_ST00032" HPOS="156" VPOS="320" WIDTH="76" HEIGHT="27" CONTENT="upon" WC="0.77" CC="5003"/>
						<SP ID="P367_SP00026" HPOS="232" VPOS="347" WIDTH="20"/>
						<String ID="P367_ST00033" HPOS="252" VPOS="312" WIDTH="86" HEIGHT="26" CONTENT="them." WC="0.53" CC="46090"/>
						<SP ID="P367_SP00027" HPOS="338" VPOS="347" WIDTH="41"/>
						<String ID="P367_ST00034" HPOS="379" VPOS="313" WIDTH="83" HEIGHT="27" CONTENT='"The' WC="0.73" CC="6040"/>
						<SP ID="P367_SP00028" HPOS="462" VPOS="347" WIDTH="24"/>
						<String ID="P367_ST00035" HPOS="486" VPOS="314" WIDTH="103" HEIGHT="27" CONTENT="church" WC="0.89" CC="020003"/>
						<SP ID="P367_SP00029" HPOS="589" VPOS="347" WIDTH="20"/>
						<String ID="P367_ST00036" HPOS="609" VPOS="314" WIDTH="50" HEIGHT="26" CONTENT="has" WC="0.62" CC="703"/>
						<SP ID="P367_SP00030" HPOS="659" VPOS="347" WIDTH="22"/>
						<String ID="P367_ST00037" HPOS="681" VPOS="314" WIDTH="109" HEIGHT="27" CONTENT="marked" WC="1.00" CC="000000"/>
						<SP ID="P367_SP00031" HPOS="790" VPOS="347" WIDTH="23"/>
						<String ID="P367_ST00038" HPOS="813" VPOS="319" WIDTH="55" HEIGHT="26" CONTENT="out," WC="0.96" CC="0010"/>
					</TextLine>
					<TextLine ID="P367_TL00008" HPOS="57" VPOS="358" WIDTH="811" HEIGHT="39">
						<String ID="P367_ST00039" HPOS="57" VPOS="358" WIDTH="137" HEIGHT="28" CONTENT="exclusive" WC="0.71" CC="000035590"/>
						<SP ID="P367_SP00032" HPOS="194" VPOS="386" WIDTH="13"/>
						<String ID="P367_ST00040" HPOS="207" VPOS="358" WIDTH="32" HEIGHT="28" CONTENT="of" WC="0.99" CC="00"/>
						<SP ID="P367_SP00033" HPOS="239" VPOS="386" WIDTH="13"/>
						<String ID="P367_ST00041" HPOS="252" VPOS="358" WIDTH="139" HEIGHT="37" CONTENT="Sundays," WC="0.69" CC="50305054"/>
						<SP ID="P367_SP00034" HPOS="391" VPOS="395" WIDTH="19"/>
						<String ID="P367_ST00042" HPOS="410" VPOS="360" WIDTH="86" HEIGHT="27" CONTENT="above" WC="1.00" CC="00000"/>
						<SP ID="P367_SP00035" HPOS="496" VPOS="395" WIDTH="15"/>
						<String ID="P367_ST00043" HPOS="511" VPOS="361" WIDTH="72" HEIGHT="36" CONTENT="forty" WC="0.87" CC="00600"/>
						<SP ID="P367_SP00036" HPOS="583" VPOS="397" WIDTH="18"/>
						<String ID="P367_ST00044" HPOS="601" VPOS="362" WIDTH="68" HEIGHT="34" CONTENT="days" WC="0.75" CC="0009"/>
						<SP ID="P367_SP00037" HPOS="669" VPOS="397" WIDTH="17"/>
						<String ID="P367_ST00045" HPOS="686" VPOS="362" WIDTH="27" HEIGHT="25" CONTENT="in" WC="0.81" CC="21"/>
						<SP ID="P367_SP00038" HPOS="713" VPOS="397" WIDTH="19"/>
						<String ID="P367_ST00046" HPOS="732" VPOS="361" WIDTH="46" HEIGHT="27" CONTENT="the" WC="0.77" CC="060"/>
						<SP ID="P367_SP00039" HPOS="778" VPOS="397" WIDTH="19"/>
						<String ID="P367_ST00047" HPOS="797" VPOS="370" WIDTH="71" HEIGHT="27" CONTENT="year," WC="0.80" CC="00504"/>
					</TextLine>
					<TextLine ID="P367_TL00009" HPOS="58" VPOS="405" WIDTH="810" HEIGHT="39">
						<String ID="P367_ST00048" HPOS="58" VPOS="415" WIDTH="34" HEIGHT="17" CONTENT="on" WC="0.67" CC="06"/>
						<SP ID="P367_SP00040" HPOS="92" VPOS="432" WIDTH="21"/>
						<String ID="P367_ST00049" HPOS="113" VPOS="405" WIDTH="92" HEIGHT="27" CONTENT="which" WC="0.67" CC="06504"/>
						<SP ID="P367_SP00041" HPOS="205" VPOS="432" WIDTH="17"/>
						<String ID="P367_ST00050" HPOS="222" VPOS="415" WIDTH="35" HEIGHT="17" CONTENT="no" WC="0.65" CC="70"/>
						<SP ID="P367_SP00042" HPOS="257" VPOS="432" WIDTH="16"/>
						<String ID="P367_ST00051" HPOS="273" VPOS="406" WIDTH="96" HEIGHT="26" CONTENT="labour" WC="0.83" CC="020241"/>
						<SP ID="P367_SP00043" HPOS="369" VPOS="432" WIDTH="18"/>
						<String ID="P367_ST00052" HPOS="387" VPOS="412" WIDTH="74" HEIGHT="22" CONTENT="must" WC="0.46" CC="8525"/>
						<SP ID="P367_SP00044" HPOS="461" VPOS="434" WIDTH="21"/>
						<String ID="P367_ST00053" HPOS="482" VPOS="408" WIDTH="33" HEIGHT="27" CONTENT="be" WC="0.69" CC="60"/>
						<SP ID="P367_SP00045" HPOS="515" VPOS="435" WIDTH="19"/>
						<String ID="P367_ST00054" HPOS="534" VPOS="408" WIDTH="149" HEIGHT="36" CONTENT="performed" WC="0.64" CC="006928400"/>
						<SP ID="P367_SP00046" HPOS="683" VPOS="444" WIDTH="18"/>
						<String ID="P367_ST00055" HPOS="701" VPOS="408" WIDTH="167" HEIGHT="35" CONTENT="throughout" WC="0.69" CC="0600607333"/>
					</TextLine>
					<TextLine ID="P367_TL00010" HPOS="58" VPOS="452" WIDTH="810" HEIGHT="34">
						<String ID="P367_ST00056" HPOS="58" VPOS="452" WIDTH="47" HEIGHT="27" CONTENT="the" WC="0.90" CC="020"/>
						<SP ID="P367_SP00047" HPOS="105" VPOS="479" WIDTH="13"/>
						<String ID="P367_ST00057" HPOS="118" VPOS="452" WIDTH="101" HEIGHT="27" CONTENT="island." WC="0.82" CC="5200400"/>
						<SP ID="P367_SP00048" HPOS="219" VPOS="479" WIDTH="41"/>
						<String ID="P367_ST00058" HPOS="260" VPOS="452" WIDTH="117" HEIGHT="27" CONTENT="Besides" WC="0.96" CC="2000000"/>
						<SP ID="P367_SP00049" HPOS="377" VPOS="479" WIDTH="13"/>
						<String ID="P367_ST00059" HPOS="390" VPOS="453" WIDTH="86" HEIGHT="33" CONTENT="these," WC="0.84" CC="010303"/>
						<SP ID="P367_SP00050" HPOS="476" VPOS="486" WIDTH="16"/>
						<String ID="P367_ST00060" HPOS="492" VPOS="455" WIDTH="73" HEIGHT="27" CONTENT="there" WC="0.83" CC="03040"/>
						<SP ID="P367_SP00051" HPOS="565" VPOS="486" WIDTH="15"/>
						<String ID="P367_ST00061" HPOS="580" VPOS="465" WIDTH="43" HEIGHT="17" CONTENT="are" WC="0.65" CC="730"/>
						<SP ID="P367_SP00052" HPOS="623" VPOS="486" WIDTH="18"/>
						<String ID="P367_ST00062" HPOS="641" VPOS="465" WIDTH="145" HEIGHT="17" CONTENT="numerous" WC="0.87" CC="45000000"/>
						<SP ID="P367_SP00053" HPOS="786" VPOS="486" WIDTH="15"/>
						<String ID="P367_ST00063" HPOS="801" VPOS="456" WIDTH="67" HEIGHT="26" CONTENT="local" WC="0.79" CC="32004"/>
					</TextLine>
					<TextLine ID="P367_TL00011" HPOS="57" VPOS="500" WIDTH="811" HEIGHT="37">
						<String ID="P367_ST00064" HPOS="57" VPOS="501" WIDTH="94" HEIGHT="31" CONTENT="feasts," WC="0.90" CC="0000060"/>
						<SP ID="P367_SP00054" HPOS="151" VPOS="532" WIDTH="16"/>
						<String ID="P367_ST00065" HPOS="167" VPOS="501" WIDTH="26" HEIGHT="26" CONTENT="in" WC="0.82" CC="03"/>
						<SP ID="P367_SP00055" HPOS="193" VPOS="532" WIDTH="19"/>
						<String ID="P367_ST00066" HPOS="212" VPOS="500" WIDTH="107" HEIGHT="27" CONTENT="honour" WC="0.88" CC="203001"/>
						<SP ID="P367_SP00056" HPOS="319" VPOS="532" WIDTH="17"/>
						<String ID="P367_ST00067" HPOS="336" VPOS="501" WIDTH="32" HEIGHT="26" CONTENT="of" WC="0.76" CC="40"/>
						<SP ID="P367_SP00057" HPOS="368" VPOS="532" WIDTH="14"/>
						<String ID="P367_ST00068" HPOS="382" VPOS="502" WIDTH="46" HEIGHT="26" CONTENT="the" WC="0.75" CC="070"/>
						<SP ID="P367_SP00058" HPOS="428" VPOS="532" WIDTH="16"/>
						<String ID="P367_ST00069" HPOS="444" VPOS="505" WIDTH="98" HEIGHT="32" CONTENT="patron" WC="0.88" CC="001006"/>
						<SP ID="P367_SP00059" HPOS="542" VPOS="537" WIDTH="19"/>
						<String ID="P367_ST00070" HPOS="561" VPOS="502" WIDTH="87" HEIGHT="27" CONTENT="saints" WC="0.59" CC="084604"/>
						<SP ID="P367_SP00060" HPOS="648" VPOS="537" WIDTH="16"/>
						<String ID="P367_ST00071" HPOS="664" VPOS="502" WIDTH="30" HEIGHT="27" CONTENT="of" WC="1.00" CC="00"/>
						<SP ID="P367_SP00061" HPOS="694" VPOS="537" WIDTH="17"/>
						<String ID="P367_ST00072" HPOS="711" VPOS="507" WIDTH="87" HEIGHT="22" CONTENT="towns" WC="0.80" CC="02060"/>
						<SP ID="P367_SP00062" HPOS="798" VPOS="537" WIDTH="16"/>
						<String ID="P367_ST00073" HPOS="814" VPOS="503" WIDTH="54" HEIGHT="25" CONTENT="and" WC="0.80" CC="050"/>
					</TextLine>
					<TextLine ID="P367_TL00012" HPOS="58" VPOS="547" WIDTH="809" HEIGHT="37">
						<String ID="P367_ST00074" HPOS="58" VPOS="547" WIDTH="143" HEIGHT="28" CONTENT="churches." WC="0.78" CC="050406030"/>
						<SP ID="P367_SP00063" HPOS="201" VPOS="575" WIDTH="38"/>
						<String ID="P367_ST00075" HPOS="239" VPOS="547" WIDTH="90" HEIGHT="27" CONTENT="These" WC="1.00" CC="00000"/>
						<SP ID="P367_SP00064" HPOS="329" VPOS="575" WIDTH="15"/>
						<String ID="P367_ST00076" HPOS="344" VPOS="547" WIDTH="84" HEIGHT="27" CONTENT="feasts" WC="0.84" CC="000206"/>
						<SP ID="P367_SP00065" HPOS="428" VPOS="575" WIDTH="14"/>
						<String ID="P367_ST00077" HPOS="442" VPOS="548" WIDTH="150" HEIGHT="36" CONTENT="invariably" WC="0.91" CC="0200050000"/>
						<SP ID="P367_SP00066" HPOS="592" VPOS="584" WIDTH="13"/>
						<String ID="P367_ST00078" HPOS="605" VPOS="549" WIDTH="53" HEIGHT="27" CONTENT="end" WC="0.77" CC="060"/>
						<SP ID="P367_SP00067" HPOS="658" VPOS="584" WIDTH="15"/>
						<String ID="P367_ST00079" HPOS="673" VPOS="549" WIDTH="26" HEIGHT="26" CONTENT="in" WC="0.75" CC="05"/>
						<SP ID="P367_SP00068" HPOS="699" VPOS="584" WIDTH="19"/>
						<String ID="P367_ST00080" HPOS="718" VPOS="549" WIDTH="149" HEIGHT="35" CONTENT="gambling," WC="0.78" CC="005630301"/>
					</TextLine>
					<TextLine ID="P367_TL00013" HPOS="57" VPOS="595" WIDTH="740" HEIGHT="35">
						<String ID="P367_ST00081" HPOS="57" VPOS="595" WIDTH="139" HEIGHT="35" CONTENT="drinking," WC="0.76" CC="000705702"/>
						<SP ID="P367_SP00069" HPOS="196" VPOS="630" WIDTH="15"/>
						<String ID="P367_ST00082" HPOS="211" VPOS="595" WIDTH="55" HEIGHT="27" CONTENT="and" WC="0.90" CC="030"/>
						<SP ID="P367_SP00070" HPOS="266" VPOS="630" WIDTH="13"/>
						<String ID="P367_ST00083" HPOS="279" VPOS="595" WIDTH="176" HEIGHT="35" CONTENT="debauchery" WC="0.71" CC="4056606000"/>
						<SP ID="P367_SP00071" HPOS="455" VPOS="630" WIDTH="14"/>
						<String ID="P367_ST00084" HPOS="469" VPOS="596" WIDTH="31" HEIGHT="27" CONTENT="of" WC="0.39" CC="57"/>
						<SP ID="P367_SP00072" HPOS="500" VPOS="630" WIDTH="10"/>
						<String ID="P367_ST00085" HPOS="510" VPOS="605" WIDTH="78" HEIGHT="25" CONTENT="every" WC="0.67" CC="08007"/>
						<SP ID="P367_SP00073" HPOS="588" VPOS="630" WIDTH="15"/>
						<String ID="P367_ST00086" HPOS="603" VPOS="596" WIDTH="194" HEIGHT="34" CONTENT='description."' WC="0.83" CC="0040400400402"/>
					</TextLine>
				</TextBlock>
				<TextBlock ID="P367_TB00005" HPOS="55" VPOS="640" WIDTH="816" HEIGHT="642" STYLEREFS="TXT_1 PAR_LEFT">
					<TextLine ID="P367_TL00014" HPOS="95" VPOS="642" WIDTH="774" HEIGHT="38">
						<String ID="P367_ST00087" HPOS="95" VPOS="642" WIDTH="92" HEIGHT="27" CONTENT="While" WC="0.93" CC="03000"/>
						<SP ID="P367_SP00074" HPOS="187" VPOS="669" WIDTH="14"/>
						<String ID="P367_ST00088" HPOS="201" VPOS="642" WIDTH="47" HEIGHT="27" CONTENT="the" WC="0.69" CC="450"/>
						<SP ID="P367_SP00075" HPOS="248" VPOS="669" WIDTH="14"/>
						<String ID="P367_ST00089" HPOS="262" VPOS="642" WIDTH="148" HEIGHT="36" CONTENT="Spaniards" WC="0.65" CC="790430500"/>
						<SP ID="P367_SP00076" HPOS="410" VPOS="678" WIDTH="14"/>
						<String ID="P367_ST00090" HPOS="424" VPOS="643" WIDTH="86" HEIGHT="26" CONTENT="retain" WC="0.80" CC="000055"/>
						<SP ID="P367_SP00077" HPOS="510" VPOS="678" WIDTH="13"/>
						<String ID="P367_ST00091" HPOS="523" VPOS="643" WIDTH="46" HEIGHT="27" CONTENT="the" WC="0.81" CC="050"/>
						<SP ID="P367_SP00078" HPOS="569" VPOS="678" WIDTH="14"/>
						<String ID="P367_ST00092" HPOS="583" VPOS="644" WIDTH="153" HEIGHT="36" CONTENT="possession" WC="0.85" CC="0000055003"/>
						<SP ID="P367_SP00079" HPOS="736" VPOS="680" WIDTH="14"/>
						<String ID="P367_ST00093" HPOS="750" VPOS="643" WIDTH="31" HEIGHT="27" CONTENT="of" WC="1.00" CC="00"/>
						<SP ID="P367_SP00080" HPOS="781" VPOS="680" WIDTH="13"/>
						<String ID="P367_ST00094" HPOS="794" VPOS="644" WIDTH="75" HEIGHT="26" CONTENT="these" WC="0.70" CC="34061"/>
					</TextLine>
					<TextLine ID="P367_TL00015" HPOS="58" VPOS="689" WIDTH="811" HEIGHT="37">
						<String ID="P367_ST00095" HPOS="58" VPOS="690" WIDTH="112" HEIGHT="32" CONTENT="islands," WC="0.80" CC="14010062"/>
						<SP ID="P367_SP00081" HPOS="170" VPOS="722" WIDTH="14"/>
						<String ID="P367_ST00096" HPOS="184" VPOS="690" WIDTH="55" HEIGHT="27" CONTENT="and" WC="0.85" CC="040"/>
						<SP ID="P367_SP00082" HPOS="239" VPOS="722" WIDTH="14"/>
						<String ID="P367_ST00097" HPOS="253" VPOS="689" WIDTH="47" HEIGHT="28" CONTENT="the" WC="0.75" CC="070"/>
						<SP ID="P367_SP00083" HPOS="300" VPOS="722" WIDTH="15"/>
						<String ID="P367_ST00098" HPOS="315" VPOS="690" WIDTH="96" HEIGHT="36" CONTENT="priests" WC="0.88" CC="0600001"/>
						<SP ID="P367_SP00084" HPOS="411" VPOS="726" WIDTH="15"/>
						<String ID="P367_ST00099" HPOS="426" VPOS="691" WIDTH="63" HEIGHT="26" CONTENT="bear" WC="1.00" CC="0000"/>
						<SP ID="P367_SP00085" HPOS="489" VPOS="726" WIDTH="15"/>
						<String ID="P367_ST00100" HPOS="504" VPOS="691" WIDTH="45" HEIGHT="26" CONTENT="the" WC="0.66" CC="360"/>
						<SP ID="P367_SP00086" HPOS="549" VPOS="726" WIDTH="14"/>
						<String ID="P367_ST00101" HPOS="563" VPOS="691" WIDTH="66" HEIGHT="32" CONTENT="rule," WC="0.89" CC="00103"/>
						<SP ID="P367_SP00087" HPOS="629" VPOS="726" WIDTH="11"/>
						<String ID="P367_ST00102" HPOS="640" VPOS="700" WIDTH="39" HEIGHT="17" CONTENT="we" WC="1.00" CC="00"/>
						<SP ID="P367_SP00088" HPOS="679" VPOS="726" WIDTH="14"/>
						<String ID="P367_ST00103" HPOS="693" VPOS="691" WIDTH="119" HEIGHT="35" CONTENT="scarcely" WC="0.82" CC="50020060"/>
						<SP ID="P367_SP00089" HPOS="812" VPOS="726" WIDTH="14"/>
						<String ID="P367_ST00104" HPOS="826" VPOS="700" WIDTH="43" HEIGHT="17" CONTENT="see" WC="1.00" CC="000"/>
					</TextLine>
					<TextLine ID="P367_TL00016" HPOS="60" VPOS="737" WIDTH="809" HEIGHT="36">
						<String ID="P367_ST00105" HPOS="60" VPOS="737" WIDTH="58" HEIGHT="27" CONTENT="how" WC="0.84" CC="400"/>
						<SP ID="P367_SP00090" HPOS="118" VPOS="764" WIDTH="16"/>
						<String ID="P367_ST00106" HPOS="134" VPOS="747" WIDTH="54" HEIGHT="26" CONTENT="any" WC="0.85" CC="040"/>
						<SP ID="P367_SP00091" HPOS="188" VPOS="773" WIDTH="12"/>
						<String ID="P367_ST00107" HPOS="200" VPOS="737" WIDTH="93" HEIGHT="27" CONTENT="efforts" WC="0.82" CC="0220150"/>
						<SP ID="P367_SP00092" HPOS="293" VPOS="773" WIDTH="13"/>
						<String ID="P367_ST00108" HPOS="306" VPOS="746" WIDTH="52" HEIGHT="18" CONTENT="can" WC="0.50" CC="086"/>
						<SP ID="P367_SP00093" HPOS="358" VPOS="773" WIDTH="15"/>
						<String ID="P367_ST00109" HPOS="373" VPOS="738" WIDTH="32" HEIGHT="26" CONTENT="be" WC="1.00" CC="00"/>
						<SP ID="P367_SP00094" HPOS="405" VPOS="773" WIDTH="15"/>
						<String ID="P367_ST00110" HPOS="420" VPOS="739" WIDTH="78" HEIGHT="25" CONTENT="made" WC="0.86" CC="5000"/>
						<SP ID="P367_SP00095" HPOS="498" VPOS="773" WIDTH="14"/>
						<String ID="P367_ST00111" HPOS="512" VPOS="739" WIDTH="41" HEIGHT="26" CONTENT="for" WC="0.84" CC="004"/>
						<SP ID="P367_SP00096" HPOS="553" VPOS="773" WIDTH="12"/>
						<String ID="P367_ST00112" HPOS="565" VPOS="738" WIDTH="46" HEIGHT="26" CONTENT="the" WC="0.76" CC="070"/>
						<SP ID="P367_SP00097" HPOS="611" VPOS="773" WIDTH="14"/>
						<String ID="P367_ST00113" HPOS="625" VPOS="738" WIDTH="123" HEIGHT="35" CONTENT="spiritual" WC="0.58" CC="293600590"/>
						<SP ID="P367_SP00098" HPOS="748" VPOS="773" WIDTH="16"/>
						<String ID="P367_ST00114" HPOS="764" VPOS="738" WIDTH="105" HEIGHT="26" CONTENT="welfare" WC="0.79" CC="9000050"/>
					</TextLine>
					<TextLine ID="P367_TL00017" HPOS="59" VPOS="784" WIDTH="810" HEIGHT="36">
						<String ID="P367_ST00115" HPOS="59" VPOS="784" WIDTH="31" HEIGHT="27" CONTENT="of" WC="1.00" CC="00"/>
						<SP ID="P367_SP00099" HPOS="90" VPOS="811" WIDTH="9"/>
						<String ID="P367_ST00116" HPOS="99" VPOS="784" WIDTH="46" HEIGHT="27" CONTENT="the" WC="1.00" CC="000"/>
						<SP ID="P367_SP00100" HPOS="145" VPOS="811" WIDTH="13"/>
						<String ID="P367_ST00117" HPOS="158" VPOS="784" WIDTH="115" HEIGHT="27" CONTENT="natives." WC="0.85" CC="40000060"/>
						<SP ID="P367_SP00101" HPOS="273" VPOS="811" WIDTH="40"/>
						<String ID="P367_ST00118" HPOS="313" VPOS="784" WIDTH="59" HEIGHT="27" CONTENT="The" WC="1.00" CC="000"/>
						<SP ID="P367_SP00102" HPOS="372" VPOS="811" WIDTH="19"/>
						<String ID="P367_ST00119" HPOS="391" VPOS="784" WIDTH="174" HEIGHT="36" CONTENT="importation" WC="0.81" CC="49004000001"/>
						<SP ID="P367_SP00103" HPOS="565" VPOS="820" WIDTH="15"/>
						<String ID="P367_ST00120" HPOS="580" VPOS="785" WIDTH="31" HEIGHT="26" CONTENT="of" WC="1.00" CC="00"/>
						<SP ID="P367_SP00104" HPOS="611" VPOS="820" WIDTH="12"/>
						<String ID="P367_ST00121" HPOS="623" VPOS="784" WIDTH="91" HEIGHT="27" CONTENT="Bibles" WC="0.90" CC="000005"/>
						<SP ID="P367_SP00105" HPOS="714" VPOS="820" WIDTH="13"/>
						<String ID="P367_ST00122" HPOS="727" VPOS="784" WIDTH="23" HEIGHT="27" CONTENT="is" WC="0.80" CC="12"/>
						<SP ID="P367_SP00106" HPOS="750" VPOS="820" WIDTH="13"/>
						<String ID="P367_ST00123" HPOS="763" VPOS="785" WIDTH="106" HEIGHT="35" CONTENT="strictly" WC="0.80" CC="00330170"/>
					</TextLine>
					<TextLine ID="P367_TL00018" HPOS="60" VPOS="832" WIDTH="811" HEIGHT="36">
						<String ID="P367_ST00124" HPOS="60" VPOS="832" WIDTH="163" HEIGHT="36" CONTENT="prohibited." WC="0.89" CC="00044011000"/>
						<SP ID="P367_SP00107" HPOS="223" VPOS="868" WIDTH="42"/>
						<String ID="P367_ST00125" HPOS="265" VPOS="832" WIDTH="90" HEIGHT="35" CONTENT="Every" WC="0.77" CC="50005"/>
						<SP ID="P367_SP00108" HPOS="355" VPOS="868" WIDTH="20"/>
						<String ID="P367_ST00126" HPOS="375" VPOS="832" WIDTH="61" HEIGHT="35" CONTENT="ship" WC="0.80" CC="1600"/>
						<SP ID="P367_SP00109" HPOS="436" VPOS="868" WIDTH="20"/>
						<String ID="P367_ST00127" HPOS="456" VPOS="832" WIDTH="22" HEIGHT="26" CONTENT="is" WC="1.00" CC="00"/>
						<SP ID="P367_SP00110" HPOS="478" VPOS="868" WIDTH="21"/>
						<String ID="P367_ST00128" HPOS="499" VPOS="832" WIDTH="139" HEIGHT="33" CONTENT="searched," WC="0.82" CC="300307001"/>
						<SP ID="P367_SP00111" HPOS="638" VPOS="868" WIDTH="21"/>
						<String ID="P367_ST00129" HPOS="659" VPOS="832" WIDTH="53" HEIGHT="26" CONTENT="and" WC="0.87" CC="030"/>
						<SP ID="P367_SP00112" HPOS="712" VPOS="868" WIDTH="21"/>
						<String ID="P367_ST00130" HPOS="733" VPOS="832" WIDTH="47" HEIGHT="27" CONTENT="the" WC="1.00" CC="000"/>
						<SP ID="P367_SP00113" HPOS="780" VPOS="868" WIDTH="21"/>
						<String ID="P367_ST00131" HPOS="801" VPOS="837" WIDTH="70" HEIGHT="22" CONTENT="most" WC="0.80" CC="6010"/>
					</TextLine>
					<TextLine ID="P367_TL00019" HPOS="60" VPOS="878" WIDTH="809" HEIGHT="38">
						<String ID="P367_ST00132" HPOS="60" VPOS="879" WIDTH="101" HEIGHT="27" CONTENT="serious" WC="0.86" CC="6000300"/>
						<SP ID="P367_SP00114" HPOS="161" VPOS="906" WIDTH="19"/>
						<String ID="P367_ST00133" HPOS="180" VPOS="888" WIDTH="204" HEIGHT="28" CONTENT="consequences" WC="0.95" CC="000000600000"/>
						<SP ID="P367_SP00115" HPOS="384" VPOS="916" WIDTH="21"/>
						<String ID="P367_ST00134" HPOS="405" VPOS="878" WIDTH="90" HEIGHT="36" CONTENT="might" WC="0.56" CC="50950"/>
						<SP ID="P367_SP00116" HPOS="495" VPOS="916" WIDTH="19"/>
						<String ID="P367_ST00135" HPOS="514" VPOS="879" WIDTH="85" HEIGHT="26" CONTENT="result" WC="0.79" CC="220500"/>
						<SP ID="P367_SP00117" HPOS="599" VPOS="916" WIDTH="19"/>
						<String ID="P367_ST00136" HPOS="618" VPOS="883" WIDTH="28" HEIGHT="22" CONTENT="to" WC="0.75" CC="05"/>
						<SP ID="P367_SP00118" HPOS="646" VPOS="916" WIDTH="17"/>
						<String ID="P367_ST00137" HPOS="663" VPOS="879" WIDTH="78" HEIGHT="26" CONTENT="those" WC="0.84" CC="15000"/>
						<SP ID="P367_SP00119" HPOS="741" VPOS="916" WIDTH="15"/>
						<String ID="P367_ST00138" HPOS="756" VPOS="879" WIDTH="60" HEIGHT="26" CONTENT="who" WC="0.93" CC="010"/>
						<SP ID="P367_SP00120" HPOS="816" VPOS="916" WIDTH="14"/>
						<String ID="P367_ST00139" HPOS="830" VPOS="879" WIDTH="39" HEIGHT="26" CONTENT="in" SUBS_TYPE="HypPart1" SUBS_CONTENT="incurred" WC="0.86" CC="004"/>
						<HYP CONTENT="-"/>
					</TextLine>
					<TextLine ID="P367_TL00020" HPOS="59" VPOS="926" WIDTH="810" HEIGHT="37">
						<String ID="P367_ST00140" HPOS="59" VPOS="927" WIDTH="92" HEIGHT="27" CONTENT="curred" SUBS_TYPE="HypPart2" SUBS_CONTENT="incurred" WC="0.83" CC="051300"/>
						<SP ID="P367_SP00121" HPOS="151" VPOS="954" WIDTH="16"/>
						<String ID="P367_ST00141" HPOS="167" VPOS="927" WIDTH="46" HEIGHT="27" CONTENT="the" WC="0.80" CC="050"/>
						<SP ID="P367_SP00122" HPOS="213" VPOS="954" WIDTH="14"/>
						<String ID="P367_ST00142" HPOS="227" VPOS="927" WIDTH="179" HEIGHT="36" CONTENT="displeasure," WC="0.73" CC="763910000004"/>
						<SP ID="P367_SP00123" HPOS="406" VPOS="963" WIDTH="15"/>
						<String ID="P367_ST00143" HPOS="421" VPOS="936" WIDTH="29" HEIGHT="17" CONTENT="or" WC="0.98" CC="00"/>
						<SP ID="P367_SP00124" HPOS="450" VPOS="963" WIDTH="13"/>
						<String ID="P367_ST00144" HPOS="463" VPOS="936" WIDTH="68" HEIGHT="17" CONTENT="even" WC="1.00" CC="0000"/>
						<SP ID="P367_SP00125" HPOS="531" VPOS="963" WIDTH="13"/>
						<String ID="P367_ST00145" HPOS="544" VPOS="926" WIDTH="46" HEIGHT="27" CONTENT="the" WC="0.56" CC="660"/>
						<SP ID="P367_SP00126" HPOS="590" VPOS="963" WIDTH="15"/>
						<String ID="P367_ST00146" HPOS="605" VPOS="927" WIDTH="163" HEIGHT="34" CONTENT="suspicions," WC="0.83" CC="00400000363"/>
						<SP ID="P367_SP00127" HPOS="768" VPOS="963" WIDTH="15"/>
						<String ID="P367_ST00147" HPOS="783" VPOS="927" WIDTH="30" HEIGHT="26" CONTENT="of" WC="1.00" CC="00"/>
						<SP ID="P367_SP00128" HPOS="813" VPOS="963" WIDTH="11"/>
						<String ID="P367_ST00148" HPOS="824" VPOS="927" WIDTH="45" HEIGHT="25" CONTENT="the" WC="0.53" CC="760"/>
					</TextLine>
					<TextLine ID="P367_TL00021" HPOS="59" VPOS="972" WIDTH="810" HEIGHT="38">
						<String ID="P367_ST00149" HPOS="59" VPOS="974" WIDTH="108" HEIGHT="36" CONTENT="priests." WC="0.70" CC="63104060"/>
						<SP ID="P367_SP00129" HPOS="167" VPOS="1010" WIDTH="39"/>
						<String ID="P367_ST00150" HPOS="206" VPOS="974" WIDTH="58" HEIGHT="27" CONTENT="The" WC="1.00" CC="000"/>
						<SP ID="P367_SP00130" HPOS="264" VPOS="1010" WIDTH="19"/>
						<String ID="P367_ST00151" HPOS="283" VPOS="974" WIDTH="55" HEIGHT="36" CONTENT="city" WC="0.83" CC="0240"/>
						<SP ID="P367_SP00131" HPOS="338" VPOS="1010" WIDTH="17"/>
						<String ID="P367_ST00152" HPOS="355" VPOS="974" WIDTH="31" HEIGHT="27" CONTENT="of" WC="1.00" CC="00"/>
						<SP ID="P367_SP00132" HPOS="386" VPOS="1010" WIDTH="16"/>
						<String ID="P367_ST00153" HPOS="402" VPOS="973" WIDTH="124" HEIGHT="33" CONTENT="Manilla," WC="0.68" CC="00203693"/>
						<SP ID="P367_SP00133" HPOS="526" VPOS="1010" WIDTH="17"/>
						<String ID="P367_ST00154" HPOS="543" VPOS="972" WIDTH="90" HEIGHT="27" CONTENT="which" WC="0.75" CC="03601"/>
						<SP ID="P367_SP00134" HPOS="633" VPOS="1010" WIDTH="19"/>
						<String ID="P367_ST00155" HPOS="652" VPOS="973" WIDTH="124" HEIGHT="27" CONTENT="contains" WC="0.74" CC="04364100"/>
						<SP ID="P367_SP00135" HPOS="776" VPOS="1010" WIDTH="20"/>
						<String ID="P367_ST00156" HPOS="796" VPOS="982" WIDTH="73" HEIGHT="18" CONTENT="some" WC="0.70" CC="2090"/>
					</TextLine>
					<TextLine ID="P367_TL00022" HPOS="58" VPOS="1020" WIDTH="811" HEIGHT="37">
						<String ID="P367_ST00157" HPOS="58" VPOS="1021" WIDTH="70" HEIGHT="36" CONTENT="forty" WC="0.78" CC="01440"/>
						<SP ID="P367_SP00136" HPOS="128" VPOS="1057" WIDTH="21"/>
						<String ID="P367_ST00158" HPOS="149" VPOS="1021" WIDTH="137" HEIGHT="27" CONTENT="thousand" WC="0.59" CC="47656020"/>
						<SP ID="P367_SP00137" HPOS="286" VPOS="1057" WIDTH="23"/>
						<String ID="P367_ST00159" HPOS="309" VPOS="1021" WIDTH="180" HEIGHT="30" CONTENT="inhabitants," WC="0.77" CC="207040206004"/>
						<SP ID="P367_SP00138" HPOS="489" VPOS="1057" WIDTH="18"/>
						<String ID="P367_ST00160" HPOS="507" VPOS="1021" WIDTH="53" HEIGHT="26" CONTENT="and" WC="0.97" CC="000"/>
						<SP ID="P367_SP00139" HPOS="560" VPOS="1057" WIDTH="21"/>
						<String ID="P367_ST00161" HPOS="581" VPOS="1020" WIDTH="22" HEIGHT="27" CONTENT="is" WC="0.45" CC="46"/>
						<SP ID="P367_SP00140" HPOS="603" VPOS="1057" WIDTH="19"/>
						<String ID="P367_ST00162" HPOS="622" VPOS="1020" WIDTH="141" HEIGHT="27" CONTENT="described" WC="0.89" CC="000050400"/>
						<SP ID="P367_SP00141" HPOS="763" VPOS="1057" WIDTH="22"/>
						<String ID="P367_ST00163" HPOS="785" VPOS="1030" WIDTH="28" HEIGHT="16" CONTENT="as" WC="0.86" CC="02"/>
						<SP ID="P367_SP00142" HPOS="813" VPOS="1057" WIDTH="21"/>
						<String ID="P367_ST00164" HPOS="834" VPOS="1030" WIDTH="35" HEIGHT="17" CONTENT="an" WC="1.00" CC="00"/>
					</TextLine>
					<TextLine ID="P367_TL00023" HPOS="58" VPOS="1067" WIDTH="810" HEIGHT="37">
						<String ID="P367_ST00165" HPOS="58" VPOS="1068" WIDTH="139" HEIGHT="35" CONTENT="agreeable" WC="0.86" CC="300000440"/>
						<SP ID="P367_SP00143" HPOS="197" VPOS="1103" WIDTH="14"/>
						<String ID="P367_ST00166" HPOS="211" VPOS="1068" WIDTH="115" HEIGHT="36" CONTENT="tropical" WC="0.98" CC="10000000"/>
						<SP ID="P367_SP00144" HPOS="326" VPOS="1104" WIDTH="14"/>
						<String ID="P367_ST00167" HPOS="340" VPOS="1068" WIDTH="148" HEIGHT="31" CONTENT="residence," WC="0.88" CC="3000004002"/>
						<SP ID="P367_SP00145" HPOS="488" VPOS="1104" WIDTH="15"/>
						<String ID="P367_ST00168" HPOS="503" VPOS="1067" WIDTH="89" HEIGHT="26" CONTENT="would" WC="0.87" CC="03030"/>
						<SP ID="P367_SP00146" HPOS="592" VPOS="1104" WIDTH="14"/>
						<String ID="P367_ST00169" HPOS="606" VPOS="1067" WIDTH="34" HEIGHT="27" CONTENT="be" WC="1.00" CC="00"/>
						<SP ID="P367_SP00147" HPOS="640" VPOS="1104" WIDTH="13"/>
						<String ID="P367_ST00170" HPOS="653" VPOS="1076" WIDTH="16" HEIGHT="17" CONTENT="a" WC="1.00" CC="0"/>
						<SP ID="P367_SP00148" HPOS="669" VPOS="1104" WIDTH="13"/>
						<String ID="P367_ST00171" HPOS="682" VPOS="1072" WIDTH="71" HEIGHT="22" CONTENT="most" WC="0.73" CC="1250"/>
						<SP ID="P367_SP00149" HPOS="753" VPOS="1104" WIDTH="14"/>
						<String ID="P367_ST00172" HPOS="767" VPOS="1068" WIDTH="101" HEIGHT="25" CONTENT="advan" SUBS_TYPE="HypPart1" SUBS_CONTENT="advantageous" WC="0.81" CC="000073"/>
						<HYP CONTENT="-"/>
					</TextLine>
					<TextLine ID="P367_TL00024" HPOS="58" VPOS="1114" WIDTH="810" HEIGHT="38">
						<String ID="P367_ST00173" HPOS="58" VPOS="1120" WIDTH="113" HEIGHT="32" CONTENT="tageous" SUBS_TYPE="HypPart2" SUBS_CONTENT="advantageous" WC="0.70" CC="5290000"/>
						<SP ID="P367_SP00150" HPOS="171" VPOS="1152" WIDTH="16"/>
						<String ID="P367_ST00174" HPOS="187" VPOS="1120" WIDTH="60" HEIGHT="32" CONTENT="post" WC="0.88" CC="0040"/>
						<SP ID="P367_SP00151" HPOS="247" VPOS="1152" WIDTH="14"/>
						<String ID="P367_ST00175" HPOS="261" VPOS="1115" WIDTH="40" HEIGHT="27" CONTENT="for" WC="1.00" CC="000"/>
						<SP ID="P367_SP00152" HPOS="301" VPOS="1152" WIDTH="15"/>
						<String ID="P367_ST00176" HPOS="316" VPOS="1115" WIDTH="134" HEIGHT="27" CONTENT="missions." WC="0.86" CC="010040500"/>
						<SP ID="P367_SP00153" HPOS="450" VPOS="1152" WIDTH="41"/>
						<String ID="P367_ST00177" HPOS="491" VPOS="1114" WIDTH="49" HEIGHT="27" CONTENT="Let" WC="1.00" CC="000"/>
						<SP ID="P367_SP00154" HPOS="540" VPOS="1152" WIDTH="13"/>
						<String ID="P367_ST00178" HPOS="553" VPOS="1124" WIDTH="78" HEIGHT="25" CONTENT="every" WC="1.00" CC="00000"/>
						<SP ID="P367_SP00155" HPOS="631" VPOS="1152" WIDTH="16"/>
						<String ID="P367_ST00179" HPOS="647" VPOS="1114" WIDTH="139" HEIGHT="26" CONTENT="Christian" WC="0.79" CC="033003503"/>
						<SP ID="P367_SP00156" HPOS="786" VPOS="1152" WIDTH="16"/>
						<String ID="P367_ST00180" HPOS="802" VPOS="1123" WIDTH="66" HEIGHT="26" CONTENT="pray" WC="0.83" CC="0006"/>
					</TextLine>
					<TextLine ID="P367_TL00025" HPOS="57" VPOS="1160" WIDTH="810" HEIGHT="40">
						<String ID="P367_ST00181" HPOS="57" VPOS="1162" WIDTH="61" HEIGHT="27" CONTENT="that" WC="0.76" CC="0602"/>
						<SP ID="P367_SP00157" HPOS="118" VPOS="1189" WIDTH="14"/>
						<String ID="P367_ST00182" HPOS="132" VPOS="1163" WIDTH="46" HEIGHT="27" CONTENT="the" WC="0.78" CC="060"/>
						<SP ID="P367_SP00158" HPOS="178" VPOS="1190" WIDTH="15"/>
						<String ID="P367_ST00183" HPOS="193" VPOS="1172" WIDTH="89" HEIGHT="28" CONTENT="power" WC="0.82" CC="80000"/>
						<SP ID="P367_SP00159" HPOS="282" VPOS="1200" WIDTH="14"/>
						<String ID="P367_ST00184" HPOS="296" VPOS="1164" WIDTH="31" HEIGHT="25" CONTENT="of" WC="0.84" CC="03"/>
						<SP ID="P367_SP00160" HPOS="327" VPOS="1200" WIDTH="17"/>
						<String ID="P367_ST00185" HPOS="344" VPOS="1163" WIDTH="45" HEIGHT="26" CONTENT="the" WC="0.78" CC="060"/>
						<SP ID="P367_SP00161" HPOS="389" VPOS="1200" WIDTH="22"/>
						<String ID="P367_ST00186" HPOS="411" VPOS="1162" WIDTH="85" HEIGHT="26" CONTENT="Beast" WC="0.61" CC="70920"/>
						<SP ID="P367_SP00162" HPOS="496" VPOS="1200" WIDTH="14"/>
						<String ID="P367_ST00187" HPOS="510" VPOS="1170" WIDTH="61" HEIGHT="27" CONTENT="may" WC="1.00" CC="000"/>
						<SP ID="P367_SP00163" HPOS="571" VPOS="1200" WIDTH="21"/>
						<String ID="P367_ST00188" HPOS="592" VPOS="1162" WIDTH="33" HEIGHT="25" CONTENT="be" WC="1.00" CC="00"/>
						<SP ID="P367_SP00164" HPOS="625" VPOS="1200" WIDTH="13"/>
						<String ID="P367_ST00189" HPOS="638" VPOS="1160" WIDTH="155" HEIGHT="36" CONTENT="destroyed," WC="0.81" CC="0001300094"/>
						<SP ID="P367_SP00165" HPOS="793" VPOS="1200" WIDTH="20"/>
						<String ID="P367_ST00190" HPOS="813" VPOS="1161" WIDTH="54" HEIGHT="25" CONTENT="and" WC="0.53" CC="580"/>
					</TextLine>
					<TextLine ID="P367_TL00026" HPOS="57" VPOS="1207" WIDTH="811" HEIGHT="40">
						<String ID="P367_ST00191" HPOS="57" VPOS="1209" WIDTH="46" HEIGHT="28" CONTENT="the" WC="1.00" CC="000"/>
						<SP ID="P367_SP00166" HPOS="103" VPOS="1237" WIDTH="20"/>
						<String ID="P367_ST00192" HPOS="123" VPOS="1214" WIDTH="106" HEIGHT="33" CONTENT="sceptre" WC="0.86" CC="0009000"/>
						<SP ID="P367_SP00167" HPOS="229" VPOS="1247" WIDTH="20"/>
						<String ID="P367_ST00193" HPOS="249" VPOS="1210" WIDTH="31" HEIGHT="26" CONTENT="of" WC="1.00" CC="00"/>
						<SP ID="P367_SP00168" HPOS="280" VPOS="1247" WIDTH="15"/>
						<String ID="P367_ST00194" HPOS="295" VPOS="1209" WIDTH="82" HEIGHT="27" CONTENT="Jesus" WC="0.97" CC="00100"/>
						<SP ID="P367_SP00169" HPOS="377" VPOS="1247" WIDTH="20"/>
						<String ID="P367_ST00195" HPOS="397" VPOS="1208" WIDTH="135" HEIGHT="28" CONTENT="extended" WC="0.86" CC="08001000"/>
						<SP ID="P367_SP00170" HPOS="532" VPOS="1247" WIDTH="21"/>
						<String ID="P367_ST00196" HPOS="553" VPOS="1216" WIDTH="62" HEIGHT="19" CONTENT="over" WC="0.88" CC="0004"/>
						<SP ID="P367_SP00171" HPOS="615" VPOS="1247" WIDTH="17"/>
						<String ID="P367_ST00197" HPOS="632" VPOS="1207" WIDTH="76" HEIGHT="27" CONTENT="these" WC="0.72" CC="06070"/>
						<SP ID="P367_SP00172" HPOS="708" VPOS="1247" WIDTH="21"/>
						<String ID="P367_ST00198" HPOS="729" VPOS="1207" WIDTH="139" HEIGHT="35" CONTENT="perishing" SUBS_TYPE="HypPart1" SUBS_CONTENT="perishingsouls." WC="0.62" CC="9040022098"/>
						<HYP CONTENT="-"/>
					</TextLine>
					<TextLine ID="P367_TL00027" HPOS="57" VPOS="1258" WIDTH="82" HEIGHT="24">
						<String ID="P367_ST00199" HPOS="57" VPOS="1258" WIDTH="82" HEIGHT="24" CONTENT="souls." SUBS_TYPE="HypPart2" SUBS_CONTENT="perishingsouls." WC="0.87" CC="700000"/>
					</TextLine>
				</TextBlock>
			</PrintSpace>
		</Page>
	</Layout>
</alto>
